id,edad,sexo,entidad,escolaridad,zona,age_group,lengua_indigena,discapacidad,FE,educacion,ocupacion_semana_pasada,ocupacion_otra,relacion_jefe_hogar,relacion_jefe_otro,edad_jefe_hogar,sexo_jefe_hogar,sexo_jefe_otro,educacion_jefe_hogar,educacion_jefe_otro,personas_hogar,banos_completos,autos_hogar,internet_hogar,trabajaron_ultimo_mes,cuartos_dormir,discapacidad_largo_plazo,localidad_rural_urbana,localidad_otra,q_no_seguir_noticias,q_medios_verifican,q_redes_confiables,q_emergencia_redes,q_molestan_periodistas,q_coincide_no_busca,q_confio_abiertos,q_titular_enemigos,q_titular_ineficaces,q_discutir_redes,q_imposible_distinguir,q_comparte_desenmascarar
9,36,Hombre,Aguascalientes,Maestría o especialidad,Urbana,35-44,No,No,26965.12,Diplomado o maestría,Realizaba alguna otra actividad para generar ingresos,,Es usted (la persona entrevistada es jefa o jefe del hogar),,,,,,,4,2 o más,2 o más,Sí,2,2,No,Urbana,,No está de acuerdo,Sí está de acuerdo,Sí está de acuerdo,No está de acuerdo,No está de acuerdo,Sí está de acuerdo,Sí está de acuerdo,Sí está de acuerdo,Sí está de acuerdo,Sí está de acuerdo,Sí está de acuerdo,Sí está de acuerdo
9,71,Mujer,Chihuahua,Secundaria,Urbana,60+,No,Sí,109271.09,Secundaria completa,Se dedicaba al hogar,,Es usted (la persona entrevistada es jefa o jefe del hogar),,,,,,,5,2 o más,2 o más,Sí,1,2,Sí,Urbana,,No está de acuerdo,Sí está de acuerdo,Sí está de acuerdo,Sí está de acuerdo,Sí está de acuerdo,No está de acuerdo,Sí está de acuerdo,No está de acuerdo,Sí está de acuerdo,No está de acuerdo,Sí está de acuerdo,No está de acuerdo
14,26,Mujer,Chihuahua,No sabe o no responde,Rural,25-34,No,No,56664.66,Licenciatura completa,Trabajó con pago,,No sabe/No responde,,0.0,No sabe/No responde,,No sabe/No responde,,5,Uno,Uno,Sí,2,2,No,Rural,,No está de acuerdo,Sí está de acuerdo,Sí está de acuerdo,No está de acuerdo,Ni de acuerdo ni en desacuerdo,No está de acuerdo,Ni de acuerdo ni en desacuerdo,Sí está de acuerdo,Sí está de acuerdo,Ni de acuerdo ni en desacuerdo,Ni de acuerdo ni en desacuerdo,No está de acuerdo
14,66,Mujer,Coahuila,Preparatoria o bachillerato,Rural,60+,No,No,80066.82,Primaria incompleta,Vendía o hacía algún producto para vender,,Cónyuge o pareja,,67.0,Hombre,,Licenciatura incompleta,,3,Uno,Ninguno,No por falta de recursos,1,1,No,Rural,,No está de acuerdo,Sí está de acuerdo,Sí está de acuerdo,No está de acuerdo,No está de acuerdo,Sí está de acuerdo,Sí está de acuerdo,No está de acuerdo,Sí está de acuerdo,No está de acuerdo,No está de acuerdo,Sí está de acuerdo
17,32,Hombre,Aguascalientes,Preparatoria o bachillerato,Rural,25-34,No,No,79871.64,Licenciatura completa,Trabajó con pago,,Padre o madre,,70.0,Hombre,,Licenciatura incompleta,,3,Uno,Uno,Sí,2,2,No,Rural,,No está de acuerdo,Sí está de acuerdo,No está de acuerdo,Sí está de acuerdo,Sí está de acuerdo,No está de acuerdo,Sí está de acuerdo,Sí está de acuerdo,Sí está de acuerdo,No está de acuerdo,No está de acuerdo,No está de acuerdo
19,35,Hombre,Aguascalientes,Carrera técnica o comercial,Urbana,35-44,No,No,78913.0,Carrera técnica,Trabajó con pago,,Es usted (la persona entrevistada es jefa o jefe del hogar),,,,,,,3,Uno,2 o más,Sí,2,2,No,Urbana,,No está de acuerdo,Sí está de acuerdo,Sí está de acuerdo,Sí está de acuerdo,No está de acuerdo,Sí está de acuerdo,Sí está de acuerdo,No está de acuerdo,Sí está de acuerdo,Sí está de acuerdo,Sí está de acuerdo,No está de acuerdo
20,19,Hombre,Coahuila,Preparatoria o bachillerato,Urbana,18-24,No,No,67395.51,Secundaria incompleta,Trabajó con pago,,Hijo o hija,,38.0,Mujer,,Preparatoria completa,,5,Uno,2 o más,Sí,5 o más,3,No,Urbana,,Sí está de acuerdo,Sí está de acuerdo,No está de acuerdo,Sí está de acuerdo,No está de acuerdo,Sí está de acuerdo,No está de acuerdo,No está de acuerdo,No está de acuerdo,No está de acuerdo,No está de acuerdo,No está de acuerdo
21,58,Hombre,Jalisco,Secundaria,Urbana,45-59,No,No,80101.41,Secundaria completa,Trabajó con pago,,Es usted (la persona entrevistada es jefa o jefe del hogar),,,,,,,8,2 o más,Uno,Sí,4,3,No,Urbana,,Sí está de acuerdo,No está de acuerdo,No está de acuerdo,Sí está de acuerdo,No está de acuerdo,Sí está de acuerdo,No está de acuerdo,Sí está de acuerdo,No está de acuerdo,Sí está de acuerdo,Sí está de acuerdo,Sí está de acuerdo
22,61,Hombre,Aguascalientes,Secundaria,Urbana,60+,No,No,76402.21,Secundaria completa,Trabajó con pago,,Es usted (la persona entrevistada es jefa o jefe del hogar),,,,,,,5,Uno,Uno,Sí,5 o más,3,No,Urbana,,Ni de acuerdo ni en desacuerdo,No está de acuerdo,No está de acuerdo,No está de acuerdo,No está de acuerdo,Sí está de acuerdo,No está de acuerdo,Sí está de acuerdo,No está de acuerdo,No está de acuerdo,Sí está de acuerdo,Sí está de acuerdo
28,35,Hombre,Oaxaca,Primaria,Rural,35-44,No,Sí,102738.04,Primaria completa,Realizaba alguna otra actividad para generar ingresos,,Es usted (la persona entrevistada es jefa o jefe del hogar),,,,,,,5,Ninguno,Ninguno,No por falta de recursos,1,4,Sí,Rural,,No está de acuerdo,No está de acuerdo,No está de acuerdo,Ni de acuerdo ni en desacuerdo,No está de acuerdo,Ni de acuerdo ni en desacuerdo,Sí está de acuerdo,No está de acuerdo,No está de acuerdo,No está de acuerdo,No está de acuerdo,Sí está de acuerdo
32,66,Mujer,Aguascalientes,No estudió/ Otro,Rural,60+,No,Sí,59867.26,Primaria incompleta,Se dedicaba al hogar,,Es usted (la persona entrevistada es jefa o jefe del hogar),,,,,,,2,Uno,No sabe/No responde,No por falta de recursos,Ninguno,2,Sí,Rural,,No está de acuerdo,No sabe/No responde,No está de acuerdo,No sabe/No responde,No sabe/No responde,Sí está de acuerdo,No está de acuerdo,No está de acuerdo,No está de acuerdo,No sabe/No responde,No está de acuerdo,No está de acuerdo
33,48,Mujer,Jalisco,Maestría o especialidad,Urbana,45-59,No,No,27781.21,Diplomado o maestría,Trabajó con pago,,Es usted (la persona entrevistada es jefa o jefe del hogar),,,,,,,4,Uno,Uno,Sí,2,2,No,Urbana,,Ni de acuerdo ni en desacuerdo,Ni de acuerdo ni en desacuerdo,Sí está de acuerdo,Sí está de acuerdo,Ni de acuerdo ni en desacuerdo,No está de acuerdo,Sí está de acuerdo,Sí está de acuerdo,Sí está de acuerdo,Ni de acuerdo ni en desacuerdo,Sí está de acuerdo,Sí está de acuerdo
38,52,Hombre,Aguascalientes,Secundaria,Urbana,45-59,No,No,83930.04,Secundaria completa,Trabajó con pago,,Es usted (la persona entrevistada es jefa o jefe del hogar),,,,,,,6,Uno,Uno,Sí,2,3,No,Urbana,,Sí está de acuerdo,Sí está de acuerdo,Sí está de acuerdo,Sí está de acuerdo,Sí está de acuerdo,Sí está de acuerdo,Sí está de acuerdo,Sí está de acuerdo,Sí está de acuerdo,Sí está de acuerdo,Sí está de acuerdo,No está de acuerdo
43,54,Mujer,Aguascalientes,Secundaria,Urbana,45-59,No,No,106407.11,Preparatoria incompleta,Trabajó con pago,,Es usted (la persona entrevistada es jefa o jefe del hogar),,,,,,,4,2 o más,Uno,Sí,2,2,No,Urbana,,No está de acuerdo,No está de acuerdo,No está de acuerdo,Sí está de acuerdo,No está de acuerdo,No está de acuerdo,No está de acuerdo,No está de acuerdo,No está de acuerdo,No está de acuerdo,Sí está de acuerdo,No está de acuerdo
46,52,Hombre,Jalisco,Secundaria,Urbana,60+,No,Sí,72916.97,Secundaria completa,[Esp.] No podía buscar trabajo,,Hijo o hija,,74.0,Hombre,,Secundaria completa,,1,Uno,Ninguno,No por falta de recursos,Ninguno,1,Sí,Urbana,,Sí está de acuerdo,No está de acuerdo,Sí está de acuerdo,Sí está de acuerdo,Sí está de acuerdo,Sí está de acuerdo,Sí está de acuerdo,Sí está de acuerdo,Sí está de acuerdo,Sí está de acuerdo,No está de acuerdo,Sí está de acuerdo
46,47,Mujer,Chihuahua,Secundaria,Urbana,45-59,No,No,96199.15,Secundaria completa,Se dedicaba al hogar,,Es usted (la persona entrevistada es jefa o jefe del hogar),,,,,,,3,Uno,Ninguno,Sí,2,2,No,Urbana,,Sí está de acuerdo,No está de acuerdo,No está de acuerdo,No está de acuerdo,Sí está de acuerdo,Sí está de acuerdo,Sí está de acuerdo,No está de acuerdo,Sí está de acuerdo,No está de acuerdo,Sí está de acuerdo,No está de acuerdo
51,56,Mujer,Aguascalientes,Maestría o especialidad,Urbana,45-59,No,No,29109.08,Diplomado o maestría,Trabajó con pago,,Es usted (la persona entrevistada es jefa o jefe del hogar),,,,,,,3,2 o más,2 o más,Sí,2,3,No,Urbana,,No está de acuerdo,Ni de acuerdo ni en desacuerdo,Ni de acuerdo ni en desacuerdo,Ni de acuerdo ni en desacuerdo,No está de acuerdo,No está de acuerdo,Sí está de acuerdo,Sí está de acuerdo,Sí está de acuerdo,No está de acuerdo,Sí está de acuerdo,Sí está de acuerdo
51,34,Hombre,Coahuila,Secundaria,Urbana,25-34,No,No,83242.26,Secundaria completa,Trabajó con pago,,Es usted (la persona entrevistada es jefa o jefe del hogar),,,,,,,4,Uno,2 o más,Sí,Ninguno,3,No,Urbana,,Sí está de acuerdo,Sí está de acuerdo,Ni de acuerdo ni en desacuerdo,No está de acuerdo,No está de acuerdo,Ni de acuerdo ni en desacuerdo,Sí está de acuerdo,Sí está de acuerdo,Sí está de acuerdo,Ni de acuerdo ni en desacuerdo,No está de acuerdo,Sí está de acuerdo
54,23,Mujer,Aguascalientes,Secundaria,Urbana,18-24,No,No,106463.64,Preparatoria completa,Trabajó con pago,,Hijo o hija,,45.0,Mujer,,Secundaria completa,,6,Uno,Ninguno,Sí,4,5 o más,No,Urbana,,Ni de acuerdo ni en desacuerdo,Ni de acuerdo ni en desacuerdo,Sí está de acuerdo,Sí está de acuerdo,Ni de acuerdo ni en desacuerdo,Ni de acuerdo ni en desacuerdo,Ni de acuerdo ni en desacuerdo,Sí está de acuerdo,Ni de acuerdo ni en desacuerdo,No está de acuerdo,Ni de acuerdo ni en desacuerdo,No está de acuerdo
55,25,Hombre,Oaxaca,Secundaria,Urbana,25-34,Sí,No,76171.46,Secundaria completa,Vendía o hacía algún producto para vender,,Es usted (la persona entrevistada es jefa o jefe del hogar),,,,,,,5,Uno,Ninguno,No por falta de recursos,1,2,No,Urbana,,Sí está de acuerdo,No está de acuerdo,No está de acuerdo,Sí está de acuerdo,Sí está de acuerdo,No sabe/No responde,Sí está de acuerdo,No está de acuerdo,No está de acuerdo,No está de acuerdo,No está de acuerdo,No está de acuerdo
55,18,Hombre,Chihuahua,Preparatoria o bachillerato,Rural,18-24,No,No,73330.05,Preparatoria completa,Realizaba alguna otra actividad para generar ingresos,,Es usted (la persona entrevistada es jefa o jefe del hogar),,,,,,,1,Uno,Uno,Sí,1,2,No,Rural,,No está de acuerdo,No está de acuerdo,Sí está de acuerdo,Sí está de acuerdo,Sí está de acuerdo,No está de acuerdo,Sí está de acuerdo,Sí está de acuerdo,Ni de acuerdo ni en desacuerdo,No está de acuerdo,Sí está de acuerdo,No está de acuerdo
56,44,Mujer,Chihuahua,Carrera técnica o comercial,Urbana,35-44,No,No,67378.26,Licenciatura completa,Trabajó con pago,,Cónyuge o pareja,,49.0,Hombre,,Carrera técnica,,5,2 o más,2 o más,Sí,3,3,No,Urbana,,No está de acuerdo,Ni de acuerdo ni en desacuerdo,Sí está de acuerdo,Sí está de acuerdo,No está de acuerdo,Sí está de acuerdo,Ni de acuerdo ni en desacuerdo,No está de acuerdo,No está de acuerdo,No está de acuerdo,Sí está de acuerdo,Sí está de acuerdo
57,39,Hombre,Chihuahua,Licenciatura o Ingeniería,Rural,35-44,No,No,50395.06,Licenciatura completa,Trabajó con pago,,Es usted (la persona entrevistada es jefa o jefe del hogar),,,,,,,2,2 o más,2 o más,Sí,2,2,No,Rural,,Sí está de acuerdo,No está de acuerdo,No está de acuerdo,Sí está de acuerdo,No está de acuerdo,No está de acuerdo,No está de acuerdo,No está de acuerdo,Sí está de acuerdo,No está de acuerdo,No está de acuerdo,No está de acuerdo
58,21,Hombre,Oaxaca,No estudió/ Otro,Rural,18-24,No,No,38314.73,Secundaria completa,Vendía o hacía algún producto para vender,,Padre o madre,,55.0,Mujer,,Primaria incompleta,,4,Uno,Ninguno,Sí,Ninguno,3,No,Rural,,Sí está de acuerdo,No está de acuerdo,No está de acuerdo,Sí está de acuerdo,No está de acuerdo,No está de acuerdo,No sabe/No responde,No sabe/No responde,No está de acuerdo,No está de acuerdo,Ni de acuerdo ni en desacuerdo,Sí está de acuerdo
60,24,Hombre,Oaxaca,Licenciatura o Ingeniería,Urbana,18-24,No,No,43744.53,Licenciatura completa,Trabajó con pago,,Hijo o hija,,54.0,Mujer,,Licenciatura completa,,4,2 o más,2 o más,Sí,4,4,No,Urbana,,No está de acuerdo,Ni de acuerdo ni en desacuerdo,Ni de acuerdo ni en desacuerdo,Sí está de acuerdo,No está de acuerdo,No está de acuerdo,Sí está de acuerdo,No está de acuerdo,Ni de acuerdo ni en desacuerdo,No está de acuerdo,Ni de acuerdo ni en desacuerdo,Sí está de acuerdo
61,23,Hombre,Coahuila,Licenciatura o Ingeniería,Urbana,18-24,No,No,47805.22,Licenciatura completa,Trabajó con pago,,Es usted (la persona entrevistada es jefa o jefe del hogar),,,,,,,2,2 o más,Uno,Sí,2,3,No,Urbana,,No está de acuerdo,Sí está de acuerdo,No está de acuerdo,Sí está de acuerdo,Sí está de acuerdo,No está de acuerdo,Sí está de acuerdo,Sí está de acuerdo,Sí está de acuerdo,No está de acuerdo,Sí está de acuerdo,Sí está de acuerdo
64,57,Mujer,Oaxaca,No estudió/ Otro,No sabe/No responde,45-59,Sí,No,40073.14,No estudió,"[Esp.] Otra, especifique",campo,Cónyuge o pareja,,64.0,Hombre,,Primaria incompleta,,7,Ninguno,Ninguno,Sí,2,2,No,No sabe/No responde,,No está de acuerdo,Sí está de acuerdo,Sí está de acuerdo,Sí está de acuerdo,Sí está de acuerdo,Sí está de acuerdo,Sí está de acuerdo,Sí está de acuerdo,Sí está de acuerdo,Sí está de acuerdo,Sí está de acuerdo,Sí está de acuerdo
66,58,Hombre,Chihuahua,Licenciatura o Ingeniería,Urbana,45-59,No,Sí,42910.22,Licenciatura completa,Era jubilado o pensionado(a) (Programa Adultos Mayores),,Es usted (la persona entrevistada es jefa o jefe del hogar),,,,,,,2,2 o más,2 o más,Sí,Ninguno,5 o más,Sí,Urbana,,Ni de acuerdo ni en desacuerdo,No está de acuerdo,Sí está de acuerdo,No está de acuerdo,Sí está de acuerdo,Sí está de acuerdo,Sí está de acuerdo,Ni de acuerdo ni en desacuerdo,Ni de acuerdo ni en desacuerdo,No está de acuerdo,Sí está de acuerdo,Sí está de acuerdo
71,39,Hombre,Oaxaca,Primaria,Rural,35-44,No,No,102738.04,Primaria completa,Trabajó con pago,,Es usted (la persona entrevistada es jefa o jefe del hogar),,,,,,,4,Uno,2 o más,"No, no lo quieren",1,1,No,Rural,,Ni de acuerdo ni en desacuerdo,No está de acuerdo,Sí está de acuerdo,Sí está de acuerdo,No está de acuerdo,No está de acuerdo,Sí está de acuerdo,Sí está de acuerdo,Sí está de acuerdo,Sí está de acuerdo,Sí está de acuerdo,Ni de acuerdo ni en desacuerdo
72,40,Mujer,Oaxaca,No sabe o no responde,Urbana,35-44,No,No,34050.19,Secundaria completa,Trabajó con pago,,"[Esp.] Otro, especifique",suegra,65.0,Mujer,,No sabe/No responde,,7,Uno,Ninguno,Sí,4,3,No,Urbana,,No está de acuerdo,Sí está de acuerdo,Sí está de acuerdo,Sí está de acuerdo,Sí está de acuerdo,Sí está de acuerdo,No está de acuerdo,Sí está de acuerdo,Sí está de acuerdo,No está de acuerdo,Sí está de acuerdo,No está de acuerdo
74,58,Mujer,Oaxaca,No sabe o no responde,Urbana,45-59,No,No,38920.19,No sabe/No responde,Se dedicaba al hogar,,Es usted (la persona entrevistada es jefa o jefe del hogar),,,,,,,2,Uno,Uno,Sí,1,2,No,Urbana,,No está de acuerdo,Ni de acuerdo ni en desacuerdo,No está de acuerdo,Sí está de acuerdo,No está de acuerdo,Ni de acuerdo ni en desacuerdo,Sí está de acuerdo,Ni de acuerdo ni en desacuerdo,Sí está de acuerdo,No está de acuerdo,Sí está de acuerdo,No está de acuerdo
76,34,Hombre,Oaxaca,Licenciatura o Ingeniería,Urbana,25-34,No,No,43075.97,Licenciatura completa,Trabajó con pago,,Es usted (la persona entrevistada es jefa o jefe del hogar),,,,,,,1,2 o más,Ninguno,Sí,1,1,No,Urbana,,Ni de acuerdo ni en desacuerdo,No está de acuerdo,Sí está de acuerdo,Ni de acuerdo ni en desacuerdo,No está de acuerdo,No está de acuerdo,No está de acuerdo,Sí está de acuerdo,Sí está de acuerdo,Ni de acuerdo ni en desacuerdo,Sí está de acuerdo,Sí está de acuerdo
78,50,Hombre,Oaxaca,Licenciatura o Ingeniería,Urbana,45-59,No,No,36087.62,Licenciatura completa,Trabajó con pago,,Es usted (la persona entrevistada es jefa o jefe del hogar),,,,,,,6,2 o más,2 o más,Sí,5 o más,3,No,Urbana,,No está de acuerdo,No está de acuerdo,Sí está de acuerdo,Sí está de acuerdo,Sí está de acuerdo,Sí está de acuerdo,Sí está de acuerdo,Sí está de acuerdo,Ni de acuerdo ni en desacuerdo,No está de acuerdo,Sí está de acuerdo,Sí está de acuerdo
79,45,Mujer,Oaxaca,Primaria,Rural,45-59,Sí,No,110906.57,Primaria completa,No sabe/No responde,,Es usted (la persona entrevistada es jefa o jefe del hogar),,,,,,,1,Uno,Uno,Sí,2,2,No,Rural,,Sí está de acuerdo,Sí está de acuerdo,Sí está de acuerdo,No está de acuerdo,Sí está de acuerdo,Sí está de acuerdo,No está de acuerdo,No está de acuerdo,Sí está de acuerdo,No está de acuerdo,Sí está de acuerdo,No está de acuerdo
79,60,Hombre,Chihuahua,Primaria,Rural,60+,No,No,94688.04,Primaria completa,Trabajó con pago,,Es usted (la persona entrevistada es jefa o jefe del hogar),,,,,,,2,Uno,Uno,"No, otra razón",1,3,No,Rural,,No sabe/No responde,No sabe/No responde,Sí está de acuerdo,Sí está de acuerdo,Ni de acuerdo ni en desacuerdo,Sí está de acuerdo,Ni de acuerdo ni en desacuerdo,Ni de acuerdo ni en desacuerdo,Sí está de acuerdo,Sí está de acuerdo,No está de acuerdo,No está de acuerdo
80,51,Mujer,Oaxaca,Preparatoria o bachillerato,Urbana,45-59,No,No,64501.08,Preparatoria completa,Trabajó con pago,,Es usted (la persona entrevistada es jefa o jefe del hogar),,,,,,,1,Uno,Ninguno,"No, no lo quieren",1,1,No,Urbana,,Sí está de acuerdo,Sí está de acuerdo,No está de acuerdo,No está de acuerdo,No está de acuerdo,Sí está de acuerdo,Sí está de acuerdo,No está de acuerdo,Sí está de acuerdo,No está de acuerdo,Sí está de acuerdo,Sí está de acuerdo
82,54,Mujer,Oaxaca,No estudió/ Otro,No sabe/No responde,45-59,No,No sabe/No responde,40073.14,No estudió,Trabajó sin pago,,Es usted (la persona entrevistada es jefa o jefe del hogar),,,,,,,2,Uno,Uno,Sí,2,2,No sabe/No responde,No sabe/No responde,,Sí está de acuerdo,Sí está de acuerdo,No está de acuerdo,Sí está de acuerdo,No está de acuerdo,No está de acuerdo,Sí está de acuerdo,Sí está de acuerdo,No sabe/No responde,No sabe/No responde,Sí está de acuerdo,Ni de acuerdo ni en desacuerdo
83,47,Hombre,Oaxaca,Preparatoria o bachillerato,Rural,45-59,No,No,50876.1,Licenciatura incompleta,Trabajó con pago,,Es usted (la persona entrevistada es jefa o jefe del hogar),,,,,,,5,Ninguno,Uno,Sí,Ninguno,2,No,Rural,,Sí está de acuerdo,Sí está de acuerdo,Sí está de acuerdo,Sí está de acuerdo,Sí está de acuerdo,No está de acuerdo,Sí está de acuerdo,Ni de acuerdo ni en desacuerdo,Ni de acuerdo ni en desacuerdo,No está de acuerdo,Sí está de acuerdo,Sí está de acuerdo
84,20,Hombre,Oaxaca,Primaria,Rural,18-24,Sí,No,106039.98,Preparatoria incompleta,"[Esp.] Otra, especifique",trabajo en el campo,Hijo o hija,,40.0,Hombre,,Primaria completa,,7,Uno,Uno,No por falta de recursos,2,5 o más,No,Rural,,Ni de acuerdo ni en desacuerdo,Ni de acuerdo ni en desacuerdo,Sí está de acuerdo,No está de acuerdo,No está de acuerdo,No está de acuerdo,Sí está de acuerdo,Sí está de acuerdo,Ni de acuerdo ni en desacuerdo,Sí está de acuerdo,No está de acuerdo,Sí está de acuerdo
85,63,Hombre,Oaxaca,Secundaria,Urbana,60+,Sí,No,58090.34,Secundaria completa,Era jubilado o pensionado(a) (Programa Adultos Mayores),,Es usted (la persona entrevistada es jefa o jefe del hogar),,,,,,,1,Uno,Uno,Sí,Ninguno,1,No,Urbana,,No está de acuerdo,Sí está de acuerdo,No sabe/No responde,Sí está de acuerdo,No está de acuerdo,Ni de acuerdo ni en desacuerdo,No sabe/No responde,No está de acuerdo,No está de acuerdo,No está de acuerdo,No sabe/No responde,No sabe/No responde
85,40,Mujer,Coahuila,Preparatoria o bachillerato,No sabe/No responde,35-44,No,No,61668.47,Diplomado o maestría,Trabajó con pago,,Cónyuge o pareja,,60.0,Hombre,,Licenciatura incompleta,,2,2 o más,2 o más,Sí,2,2,No,No sabe/No responde,,No está de acuerdo,Sí está de acuerdo,No está de acuerdo,Sí está de acuerdo,Sí está de acuerdo,Ni de acuerdo ni en desacuerdo,Sí está de acuerdo,Ni de acuerdo ni en desacuerdo,Sí está de acuerdo,No está de acuerdo,Sí está de acuerdo,No está de acuerdo
87,50,Hombre,Chihuahua,Maestría o especialidad,Urbana,45-59,No,No,20757.54,Diplomado o maestría,Trabajó con pago,,Es usted (la persona entrevistada es jefa o jefe del hogar),,,,,,,3,2 o más,2 o más,Sí,2,3,No,Urbana,,No está de acuerdo,Sí está de acuerdo,No está de acuerdo,Sí está de acuerdo,No está de acuerdo,No está de acuerdo,No está de acuerdo,No está de acuerdo,No está de acuerdo,No está de acuerdo,No está de acuerdo,No está de acuerdo
90,20,Mujer,Oaxaca,Preparatoria o bachillerato,Urbana,18-24,No,No,64535.35,Secundaria completa,Se dedicaba al hogar,,Cónyuge o pareja,,25.0,Hombre,,Preparatoria completa,,3,Ninguno,Ninguno,Sí,1,1,No,Urbana,,No está de acuerdo,No está de acuerdo,No está de acuerdo,Sí está de acuerdo,No está de acuerdo,Sí está de acuerdo,Sí está de acuerdo,Sí está de acuerdo,No está de acuerdo,No está de acuerdo,Sí está de acuerdo,Sí está de acuerdo
91,47,Hombre,Oaxaca,Secundaria,Rural,45-59,No,No,63813.92,Secundaria completa,Trabajó con pago,,Es usted (la persona entrevistada es jefa o jefe del hogar),,,,,,,3,Uno,Uno,Sí,2,2,No,Rural,,Sí está de acuerdo,Sí está de acuerdo,No está de acuerdo,No está de acuerdo,Sí está de acuerdo,No está de acuerdo,Sí está de acuerdo,No está de acuerdo,No está de acuerdo,Sí está de acuerdo,No está de acuerdo,Sí está de acuerdo
92,45,Mujer,Oaxaca,Preparatoria o bachillerato,Urbana,45-59,No,No,64501.08,Preparatoria completa,"[Esp.] Otra, especifique",decoradora,Cónyuge o pareja,,45.0,Hombre,,Licenciatura incompleta,,5,2 o más,2 o más,Sí,1,4,No,Urbana,,Sí está de acuerdo,Sí está de acuerdo,Sí está de acuerdo,Sí está de acuerdo,Sí está de acuerdo,Sí está de acuerdo,Sí está de acuerdo,No está de acuerdo,Sí está de acuerdo,No está de acuerdo,Sí está de acuerdo,Sí está de acuerdo
93,63,Hombre,Oaxaca,Primaria,Urbana,60+,Sí,No,79632.9,Secundaria incompleta,[Esp.] Desempleado,,Es usted (la persona entrevistada es jefa o jefe del hogar),,,,,,,4,Uno,Ninguno,Sí,2,3,No,Urbana,,No está de acuerdo,No está de acuerdo,No está de acuerdo,No está de acuerdo,Sí está de acuerdo,No está de acuerdo,Sí está de acuerdo,Sí está de acuerdo,No está de acuerdo,No está de acuerdo,Ni de acuerdo ni en desacuerdo,Sí está de acuerdo
96,40,Mujer,Oaxaca,Licenciatura o Ingeniería,Rural,35-44,No,No,40027.27,Licenciatura completa,Trabajó con pago,,Es usted (la persona entrevistada es jefa o jefe del hogar),,,,,,,4,Uno,Uno,Sí,1,2,No,Rural,,Sí está de acuerdo,Sí está de acuerdo,Sí está de acuerdo,Sí está de acuerdo,Ni de acuerdo ni en desacuerdo,Ni de acuerdo ni en desacuerdo,Ni de acuerdo ni en desacuerdo,Ni de acuerdo ni en desacuerdo,Sí está de acuerdo,No está de acuerdo,Sí está de acuerdo,Sí está de acuerdo
97,33,Hombre,Oaxaca,Preparatoria o bachillerato,Rural,25-34,No,No,60728.23,Licenciatura incompleta,Trabajó con pago,,Es usted (la persona entrevistada es jefa o jefe del hogar),,,,,,,5,2 o más,Uno,Sí,2,3,No,Rural,,No está de acuerdo,Ni de acuerdo ni en desacuerdo,No está de acuerdo,Ni de acuerdo ni en desacuerdo,No está de acuerdo,Ni de acuerdo ni en desacuerdo,Sí está de acuerdo,No está de acuerdo,No está de acuerdo,No está de acuerdo,Sí está de acuerdo,Ni de acuerdo ni en desacuerdo
99,47,Mujer,Oaxaca,Primaria,Rural,45-59,Sí,No,110906.57,Primaria completa,Se dedicaba al hogar,,Es usted (la persona entrevistada es jefa o jefe del hogar),,,,,,,4,Ninguno,Ninguno,No por falta de recursos,Ninguno,Ninguno,No,Rural,,No está de acuerdo,Sí está de acuerdo,Sí está de acuerdo,Sí está de acuerdo,No está de acuerdo,Sí está de acuerdo,Sí está de acuerdo,No está de acuerdo,Sí está de acuerdo,No está de acuerdo,No está de acuerdo,Ni de acuerdo ni en desacuerdo
99,57,Mujer,Oaxaca,Primaria,Rural,45-59,No,Sí,110906.57,Primaria completa,Trabajó con pago,,Es usted (la persona entrevistada es jefa o jefe del hogar),,,,,,,4,Ninguno,2 o más,Sí,4,1,Sí,Rural,,Ni de acuerdo ni en desacuerdo,No está de acuerdo,Sí está de acuerdo,Sí está de acuerdo,No está de acuerdo,No está de acuerdo,No está de acuerdo,No está de acuerdo,No está de acuerdo,No sabe/No responde,Sí está de acuerdo,Sí está de acuerdo
100,67,Mujer,Oaxaca,No estudió/ Otro,Urbana,60+,No,Sí,45518.45,Primaria incompleta,Se dedicaba al hogar,,Es usted (la persona entrevistada es jefa o jefe del hogar),,,,,,,2,Uno,Ninguno,Sí,Ninguno,1,Sí,Urbana,,Sí está de acuerdo,Sí está de acuerdo,Sí está de acuerdo,Sí está de acuerdo,Ni de acuerdo ni en desacuerdo,Ni de acuerdo ni en desacuerdo,Sí está de acuerdo,No sabe/No responde,No está de acuerdo,No está de acuerdo,Sí está de acuerdo,No está de acuerdo
102,30,Mujer,Oaxaca,Primaria,Rural,25-34,No,No,135797.57,Primaria completa,Se dedicaba al hogar,,Es usted (la persona entrevistada es jefa o jefe del hogar),,,,,,,3,Ninguno,Ninguno,No por falta de recursos,Ninguno,2,No,Rural,,No está de acuerdo,No está de acuerdo,No está de acuerdo,Sí está de acuerdo,No está de acuerdo,Sí está de acuerdo,Sí está de acuerdo,Sí está de acuerdo,Sí está de acuerdo,No está de acuerdo,No está de acuerdo,No está de acuerdo
102,50,Hombre,Oaxaca,Primaria,Rural,45-59,No,Sí,87479.05,Primaria completa,"[Esp.] Otra, especifique",ENFERMO,Es usted (la persona entrevistada es jefa o jefe del hogar),,,,,,,3,Uno,Ninguno,Sí,Ninguno,2,Sí,Rural,,Ni de acuerdo ni en desacuerdo,Ni de acuerdo ni en desacuerdo,Sí está de acuerdo,Sí está de acuerdo,No está de acuerdo,Sí está de acuerdo,Sí está de acuerdo,Ni de acuerdo ni en desacuerdo,Ni de acuerdo ni en desacuerdo,No está de acuerdo,Sí está de acuerdo,Sí está de acuerdo
104,58,Hombre,Oaxaca,Preparatoria o bachillerato,Urbana,45-59,No,No,50876.1,Preparatoria completa,Trabajó con pago,,Es usted (la persona entrevistada es jefa o jefe del hogar),,,,,,,3,Uno,Uno,Sí,1,2,No,Urbana,,Sí está de acuerdo,Ni de acuerdo ni en desacuerdo,Sí está de acuerdo,Ni de acuerdo ni en desacuerdo,Sí está de acuerdo,Sí está de acuerdo,No está de acuerdo,Ni de acuerdo ni en desacuerdo,Ni de acuerdo ni en desacuerdo,Ni de acuerdo ni en desacuerdo,Ni de acuerdo ni en desacuerdo,Ni de acuerdo ni en desacuerdo
105,37,Hombre,Coahuila,Licenciatura o Ingeniería,Urbana,35-44,No,No,46316.63,Licenciatura completa,Trabajó con pago,,Cónyuge o pareja,,40.0,Mujer,,Licenciatura completa,,4,2 o más,2 o más,Sí,2,3,No,Urbana,,No está de acuerdo,No está de acuerdo,Sí está de acuerdo,Sí está de acuerdo,No está de acuerdo,Sí está de acuerdo,Sí está de acuerdo,Sí está de acuerdo,Sí está de acuerdo,No está de acuerdo,Sí está de acuerdo,Sí está de acuerdo
107,35,Hombre,Chihuahua,Licenciatura o Ingeniería,Urbana,35-44,No,No,50395.06,Licenciatura completa,Trabajó con pago,,Cónyuge o pareja,,35.0,Mujer,,Licenciatura completa,,3,2 o más,Uno,Sí,1,2,No,Urbana,,Sí está de acuerdo,No está de acuerdo,No está de acuerdo,No está de acuerdo,Sí está de acuerdo,No está de acuerdo,Sí está de acuerdo,No está de acuerdo,No está de acuerdo,No está de acuerdo,Sí está de acuerdo,Sí está de acuerdo
111,49,Mujer,Oaxaca,Preparatoria o bachillerato,Rural,45-59,No,No,64501.08,Licenciatura incompleta,Realizaba alguna otra actividad para generar ingresos,,Es usted (la persona entrevistada es jefa o jefe del hogar),,,,,,,2,Uno,Ninguno,Sí,2,2,No,Rural,,Sí está de acuerdo,No está de acuerdo,No está de acuerdo,No está de acuerdo,Sí está de acuerdo,Sí está de acuerdo,Sí está de acuerdo,No está de acuerdo,Sí está de acuerdo,Sí está de acuerdo,No está de acuerdo,No está de acuerdo
112,30,Mujer,México,Licenciatura o Ingeniería,Rural,25-34,No,No,67857.0,Licenciatura completa,Estudiaba,,Hijo o hija,,62.0,Mujer,,Licenciatura completa,,2,Uno,Uno,Sí,Ninguno,2,No,Rural,,No está de acuerdo,Sí está de acuerdo,Sí está de acuerdo,No está de acuerdo,No está de acuerdo,No está de acuerdo,No está de acuerdo,No está de acuerdo,No está de acuerdo,No está de acuerdo,No está de acuerdo,No está de acuerdo
112,41,Mujer,Coahuila,Licenciatura o Ingeniería,Urbana,35-44,No,No,43742.9,Licenciatura completa,Trabajó con pago,,Es usted (la persona entrevistada es jefa o jefe del hogar),,,,,,,4,2 o más,2 o más,Sí,4,4,No,Urbana,,No está de acuerdo,No está de acuerdo,Ni de acuerdo ni en desacuerdo,Sí está de acuerdo,No está de acuerdo,No está de acuerdo,Sí está de acuerdo,No está de acuerdo,Sí está de acuerdo,No está de acuerdo,No está de acuerdo,Ni de acuerdo ni en desacuerdo
113,28,Mujer,Guerrero,Preparatoria o bachillerato,No sabe/No responde,25-34,No,No,79372.83,Licenciatura completa,Trabajó con pago,,Cónyuge o pareja,,27.0,Hombre,,Preparatoria completa,,3,Uno,Uno,"No, otra razón",2,1,No,"[Esp.] Otra, especifique",semi urbana,No está de acuerdo,Ni de acuerdo ni en desacuerdo,Ni de acuerdo ni en desacuerdo,No está de acuerdo,No está de acuerdo,Ni de acuerdo ni en desacuerdo,No está de acuerdo,Ni de acuerdo ni en desacuerdo,No está de acuerdo,No está de acuerdo,Sí está de acuerdo,Ni de acuerdo ni en desacuerdo
114,29,Mujer,México,Secundaria,Urbana,25-34,No,No,119991.89,Secundaria completa,Se dedicaba al hogar,,Cónyuge o pareja,,40.0,Hombre,,Secundaria completa,,4,Uno,Uno,Sí,1,2,No,Urbana,,No está de acuerdo,No está de acuerdo,Sí está de acuerdo,No está de acuerdo,No está de acuerdo,Sí está de acuerdo,Sí está de acuerdo,Sí está de acuerdo,Sí está de acuerdo,Sí está de acuerdo,Sí está de acuerdo,Sí está de acuerdo
115,51,Hombre,Oaxaca,Licenciatura o Ingeniería,Urbana,45-59,No,No,36087.62,Licenciatura completa,Trabajó con pago,,Es usted (la persona entrevistada es jefa o jefe del hogar),,,,,,,1,2 o más,2 o más,Sí,No sabe/No responde,2,No,Urbana,,No está de acuerdo,Ni de acuerdo ni en desacuerdo,Ni de acuerdo ni en desacuerdo,Sí está de acuerdo,Ni de acuerdo ni en desacuerdo,Sí está de acuerdo,Sí está de acuerdo,Sí está de acuerdo,Sí está de acuerdo,No está de acuerdo,Sí está de acuerdo,No está de acuerdo
119,40,Hombre,Coahuila,Licenciatura o Ingeniería,Urbana,35-44,No,No,46316.63,Licenciatura completa,Trabajó con pago,,Es usted (la persona entrevistada es jefa o jefe del hogar),,,,,,,5,2 o más,2 o más,Sí,2,3,No,Urbana,,No está de acuerdo,Sí está de acuerdo,Sí está de acuerdo,Sí está de acuerdo,No está de acuerdo,No está de acuerdo,No está de acuerdo,Sí está de acuerdo,Sí está de acuerdo,Sí está de acuerdo,Sí está de acuerdo,Sí está de acuerdo
122,71,Hombre,México,Licenciatura o Ingeniería,Urbana,60+,No,No,39791.95,Licenciatura completa,Realizaba alguna otra actividad para generar ingresos,,Es usted (la persona entrevistada es jefa o jefe del hogar),,,,,,,1,Uno,Uno,"No, no lo quieren",1,1,No,Urbana,,Sí está de acuerdo,No sabe/No responde,No sabe/No responde,No está de acuerdo,Ni de acuerdo ni en desacuerdo,Ni de acuerdo ni en desacuerdo,Ni de acuerdo ni en desacuerdo,Ni de acuerdo ni en desacuerdo,Ni de acuerdo ni en desacuerdo,No está de acuerdo,Sí está de acuerdo,Ni de acuerdo ni en desacuerdo
123,45,Mujer,México,Secundaria,Rural,45-59,No,No,97998.0,Secundaria completa,Se dedicaba al hogar,,Es usted (la persona entrevistada es jefa o jefe del hogar),,,,,,,2,Uno,No sabe/No responde,Sí,1,1,No,Rural,,Sí está de acuerdo,Ni de acuerdo ni en desacuerdo,No sabe/No responde,No está de acuerdo,Sí está de acuerdo,No está de acuerdo,Ni de acuerdo ni en desacuerdo,Ni de acuerdo ni en desacuerdo,Sí está de acuerdo,No está de acuerdo,Sí está de acuerdo,Sí está de acuerdo
125,40,Mujer,Ciudad de México,Licenciatura o Ingeniería,Urbana,35-44,Sí,No,54416.22,Carrera técnica,Trabajó con pago,,Cónyuge o pareja,,44.0,Hombre,,Licenciatura completa,,2,Uno,Uno,Sí,Ninguno,2,No,Urbana,,Sí está de acuerdo,No está de acuerdo,Sí está de acuerdo,Sí está de acuerdo,No está de acuerdo,Sí está de acuerdo,Sí está de acuerdo,Sí está de acuerdo,No está de acuerdo,Ni de acuerdo ni en desacuerdo,Sí está de acuerdo,Sí está de acuerdo
129,60,Mujer,Coahuila,Secundaria,Urbana,60+,No,No,100427.87,Secundaria completa,Trabajó con pago,,Es usted (la persona entrevistada es jefa o jefe del hogar),,,,,,,2,Uno,2 o más,Sí,2,2,No,Urbana,,No está de acuerdo,Ni de acuerdo ni en desacuerdo,Sí está de acuerdo,Sí está de acuerdo,No está de acuerdo,No está de acuerdo,Sí está de acuerdo,No está de acuerdo,No está de acuerdo,No sabe/No responde,Sí está de acuerdo,Sí está de acuerdo
134,60,Hombre,Guerrero,Maestría o especialidad,Urbana,60+,No,No,15970.99,Diplomado o maestría,Trabajó con pago,,Es usted (la persona entrevistada es jefa o jefe del hogar),,,,,,,6,2 o más,Uno,Sí,5 o más,5 o más,No,Urbana,,No está de acuerdo,Ni de acuerdo ni en desacuerdo,Sí está de acuerdo,Sí está de acuerdo,No está de acuerdo,No está de acuerdo,Sí está de acuerdo,Sí está de acuerdo,No está de acuerdo,No está de acuerdo,Sí está de acuerdo,Sí está de acuerdo
139,43,Hombre,México,Licenciatura o Ingeniería,Urbana,35-44,No,No,51337.41,Licenciatura completa,Trabajó con pago,,Es usted (la persona entrevistada es jefa o jefe del hogar),,,,,,,4,2 o más,Uno,Sí,2,2,No,Urbana,,Sí está de acuerdo,Sí está de acuerdo,Sí está de acuerdo,Sí está de acuerdo,No está de acuerdo,Sí está de acuerdo,Sí está de acuerdo,Sí está de acuerdo,Ni de acuerdo ni en desacuerdo,No está de acuerdo,No está de acuerdo,No está de acuerdo
142,60,Mujer,Guerrero,Secundaria,Rural,60+,No,Sí,92357.64,Secundaria completa,Se dedicaba al hogar,,Es usted (la persona entrevistada es jefa o jefe del hogar),,,,,,,1,Uno,Ninguno,No por falta de recursos,Ninguno,1,Sí,Rural,,Ni de acuerdo ni en desacuerdo,Sí está de acuerdo,No sabe/No responde,Sí está de acuerdo,No está de acuerdo,Ni de acuerdo ni en desacuerdo,No sabe/No responde,No está de acuerdo,No está de acuerdo,No está de acuerdo,No está de acuerdo,No está de acuerdo
144,24,Mujer,Guerrero,Primaria,Urbana,18-24,No,No,111521.37,Licenciatura completa,Se dedicaba al hogar,,Padre o madre,,62.0,Hombre,,Primaria completa,,5,Uno,Uno,Sí,4,3,No,Urbana,,No está de acuerdo,No está de acuerdo,Sí está de acuerdo,Sí está de acuerdo,No sabe/No responde,No sabe/No responde,No está de acuerdo,No está de acuerdo,Sí está de acuerdo,No está de acuerdo,No está de acuerdo,No está de acuerdo
145,54,Hombre,Guerrero,Primaria,Urbana,45-59,No,Sí,87917.28,Primaria completa,[Esp.] Ya no trabaja,,Es usted (la persona entrevistada es jefa o jefe del hogar),,,,,,,3,Ninguno,Ninguno,No por falta de recursos,1,3,Sí,Urbana,,No está de acuerdo,Sí está de acuerdo,No sabe/No responde,Sí está de acuerdo,Sí está de acuerdo,Sí está de acuerdo,Sí está de acuerdo,Sí está de acuerdo,Sí está de acuerdo,Sí está de acuerdo,No sabe/No responde,Sí está de acuerdo
145,26,Mujer,Coahuila,Licenciatura o Ingeniería,Urbana,25-34,No,No,61220.61,Licenciatura completa,Trabajó con pago,,Es usted (la persona entrevistada es jefa o jefe del hogar),,,,,,,5,Uno,2 o más,Sí,4,3,No,Urbana,,No está de acuerdo,No está de acuerdo,No está de acuerdo,No está de acuerdo,No está de acuerdo,No está de acuerdo,Sí está de acuerdo,Sí está de acuerdo,Sí está de acuerdo,No está de acuerdo,No está de acuerdo,Sí está de acuerdo
147,23,Hombre,México,Preparatoria o bachillerato,Urbana,18-24,No,No,74701.26,Licenciatura incompleta,Trabajó con pago,,Hijo o hija,,49.0,Mujer,,Preparatoria completa,,3,Uno,Uno,Sí,3,2,No,Urbana,,No está de acuerdo,No está de acuerdo,No está de acuerdo,No está de acuerdo,Sí está de acuerdo,No está de acuerdo,No está de acuerdo,No está de acuerdo,Sí está de acuerdo,Sí está de acuerdo,No está de acuerdo,Sí está de acuerdo
148,58,Hombre,Ciudad de México,Preparatoria o bachillerato,Rural,45-59,No,No,69164.96,Preparatoria completa,Trabajó con pago,,Es usted (la persona entrevistada es jefa o jefe del hogar),,,,,,,2,Uno,Ninguno,Sí,Ninguno,1,No,Rural,,No está de acuerdo,No está de acuerdo,No está de acuerdo,No está de acuerdo,No está de acuerdo,Sí está de acuerdo,No está de acuerdo,No está de acuerdo,No está de acuerdo,No está de acuerdo,Sí está de acuerdo,No está de acuerdo
148,19,Hombre,Oaxaca,Primaria,Rural,18-24,No,Sí,106039.98,Primaria completa,"[Esp.] Otra, especifique",TRABAJO EN CAMPO,Es usted (la persona entrevistada es jefa o jefe del hogar),,,,,,,18,Ninguno,Ninguno,No por falta de recursos,3,2,Sí,Rural,,Sí está de acuerdo,Sí está de acuerdo,Sí está de acuerdo,Sí está de acuerdo,Sí está de acuerdo,Sí está de acuerdo,Sí está de acuerdo,Ni de acuerdo ni en desacuerdo,Sí está de acuerdo,Sí está de acuerdo,Sí está de acuerdo,Sí está de acuerdo
149,31,Hombre,Chihuahua,Preparatoria o bachillerato,Urbana,25-34,No,No,72209.31,Preparatoria completa,Estaba de incapacidad o en vacaciones,,Es usted (la persona entrevistada es jefa o jefe del hogar),,,,,,,1,2 o más,Uno,Sí,1,2,No,Urbana,,No está de acuerdo,Sí está de acuerdo,No está de acuerdo,Sí está de acuerdo,Sí está de acuerdo,No está de acuerdo,No está de acuerdo,Ni de acuerdo ni en desacuerdo,Ni de acuerdo ni en desacuerdo,Ni de acuerdo ni en desacuerdo,Sí está de acuerdo,Ni de acuerdo ni en desacuerdo
150,56,Mujer,México,Secundaria,Rural,45-59,No,No,97998.0,Secundaria completa,Se dedicaba al hogar,,Cónyuge o pareja,,57.0,Hombre,,Secundaria completa,,10,2 o más,Ninguno,No por falta de recursos,4,4,No,Rural,,Sí está de acuerdo,Sí está de acuerdo,Sí está de acuerdo,Sí está de acuerdo,Sí está de acuerdo,No está de acuerdo,Sí está de acuerdo,No está de acuerdo,No está de acuerdo,Sí está de acuerdo,No está de acuerdo,No está de acuerdo
150,24,Hombre,Guerrero,Preparatoria o bachillerato,Urbana,18-24,No,No,61979.71,Licenciatura completa,Trabajó con pago,,Hijo o hija,,52.0,Hombre,,Preparatoria completa,,5,Uno,Uno,Sí,4,4,No,Urbana,,Ni de acuerdo ni en desacuerdo,No está de acuerdo,No está de acuerdo,Ni de acuerdo ni en desacuerdo,No está de acuerdo,No está de acuerdo,No está de acuerdo,Sí está de acuerdo,Sí está de acuerdo,No está de acuerdo,Ni de acuerdo ni en desacuerdo,Sí está de acuerdo
152,49,Hombre,Guerrero,Preparatoria o bachillerato,Urbana,45-59,No,No,51130.96,Preparatoria completa,[Esp.] Desempleado,,Es usted (la persona entrevistada es jefa o jefe del hogar),,,,,,,4,2 o más,Uno,Sí,1,4,No,Urbana,,No está de acuerdo,Sí está de acuerdo,No está de acuerdo,Sí está de acuerdo,No está de acuerdo,No está de acuerdo,Sí está de acuerdo,Sí está de acuerdo,Sí está de acuerdo,No está de acuerdo,Sí está de acuerdo,Sí está de acuerdo
158,20,Hombre,Baja California Sur,Secundaria,Urbana,18-24,No,No,104253.88,Secundaria completa,Vendía o hacía algún producto para vender,,Es usted (la persona entrevistada es jefa o jefe del hogar),,,,,,,2,Uno,Uno,Sí,2,1,No,Urbana,,Sí está de acuerdo,Sí está de acuerdo,Sí está de acuerdo,No está de acuerdo,Sí está de acuerdo,Sí está de acuerdo,Sí está de acuerdo,No está de acuerdo,No está de acuerdo,Sí está de acuerdo,Sí está de acuerdo,Sí está de acuerdo
161,63,Mujer,Guanajuato,Maestría o especialidad,Urbana,60+,No,No,30239.15,Diplomado o maestría,Trabajó con pago,,Es usted (la persona entrevistada es jefa o jefe del hogar),,,,,,,3,2 o más,2 o más,Sí,2,3,No,Urbana,,No está de acuerdo,Sí está de acuerdo,No está de acuerdo,Sí está de acuerdo,No está de acuerdo,No está de acuerdo,Sí está de acuerdo,No está de acuerdo,Sí está de acuerdo,No sabe/No responde,Sí está de acuerdo,No está de acuerdo
162,40,Hombre,Chihuahua,No sabe o no responde,No sabe/No responde,35-44,No sabe/No responde,No sabe/No responde,42869.81,No sabe/No responde,No sabe/No responde,,No sabe/No responde,,0.0,No sabe/No responde,,No sabe/No responde,,1,No sabe/No responde,No sabe/No responde,No sabe/No responde,No sabe/No responde,No sabe/No responde,No sabe/No responde,No sabe/No responde,,Sí está de acuerdo,Sí está de acuerdo,Sí está de acuerdo,Sí está de acuerdo,Sí está de acuerdo,No sabe/No responde,Ni de acuerdo ni en desacuerdo,No está de acuerdo,Ni de acuerdo ni en desacuerdo,Ni de acuerdo ni en desacuerdo,Sí está de acuerdo,Ni de acuerdo ni en desacuerdo
165,40,Mujer,Puebla,Carrera técnica o comercial,Urbana,35-44,No,No,59922.82,Carrera técnica,Trabajó con pago,,Es usted (la persona entrevistada es jefa o jefe del hogar),,,,,,,3,Uno,Ninguno,Sí,2,2,No,Urbana,,Sí está de acuerdo,Sí está de acuerdo,No está de acuerdo,No está de acuerdo,No está de acuerdo,Sí está de acuerdo,Sí está de acuerdo,Sí está de acuerdo,Sí está de acuerdo,No está de acuerdo,Sí está de acuerdo,Sí está de acuerdo
166,53,Mujer,Guanajuato,Primaria,Rural,45-59,No sabe/No responde,No sabe/No responde,133403.25,Primaria completa,Se dedicaba al hogar,,Es usted (la persona entrevistada es jefa o jefe del hogar),,,,,,,4,Uno,Ninguno,"No, no lo quieren",No sabe/No responde,4,No sabe/No responde,Rural,,No sabe/No responde,Sí está de acuerdo,Sí está de acuerdo,No está de acuerdo,No está de acuerdo,No está de acuerdo,No está de acuerdo,No está de acuerdo,No está de acuerdo,No sabe/No responde,Sí está de acuerdo,No sabe/No responde
167,52,Mujer,Guanajuato,Secundaria,Urbana,45-59,No,No,97314.55,Secundaria completa,Trabajó con pago,,Es usted (la persona entrevistada es jefa o jefe del hogar),,,,,,,2,Uno,Ninguno,Sí,1,2,No,Urbana,,Sí está de acuerdo,Sí está de acuerdo,Sí está de acuerdo,Sí está de acuerdo,Sí está de acuerdo,Sí está de acuerdo,Sí está de acuerdo,No está de acuerdo,Sí está de acuerdo,No está de acuerdo,Sí está de acuerdo,No está de acuerdo
169,61,Mujer,Guanajuato,Primaria,Urbana,60+,No,No,151530.62,Primaria completa,Se dedicaba al hogar,,Es usted (la persona entrevistada es jefa o jefe del hogar),,,,,,,4,Uno,Ninguno,No por falta de recursos,3,2,No,Urbana,,No está de acuerdo,Sí está de acuerdo,No está de acuerdo,Sí está de acuerdo,No está de acuerdo,Sí está de acuerdo,Sí está de acuerdo,Sí está de acuerdo,Sí está de acuerdo,No está de acuerdo,No está de acuerdo,Sí está de acuerdo
170,69,Hombre,Guerrero,No estudió/ Otro,Rural,60+,No,No,28917.37,Primaria incompleta,Trabajó con pago,,Es usted (la persona entrevistada es jefa o jefe del hogar),,,,,,,4,Ninguno,Ninguno,No por falta de recursos,2,1,No,Rural,,Sí está de acuerdo,Sí está de acuerdo,Sí está de acuerdo,No sabe/No responde,No está de acuerdo,No sabe/No responde,No está de acuerdo,Sí está de acuerdo,Sí está de acuerdo,No sabe/No responde,No está de acuerdo,No sabe/No responde
171,62,Hombre,Puebla,Secundaria,Rural,60+,No,No,61429.78,Secundaria completa,Trabajó con pago,,Es usted (la persona entrevistada es jefa o jefe del hogar),,,,,,,5,Ninguno,Ninguno,Sí,2,2,No,Rural,,No está de acuerdo,Sí está de acuerdo,No está de acuerdo,Sí está de acuerdo,No está de acuerdo,No está de acuerdo,No está de acuerdo,Sí está de acuerdo,Sí está de acuerdo,Sí está de acuerdo,Sí está de acuerdo,Sí está de acuerdo
172,24,Hombre,Chihuahua,Licenciatura o Ingeniería,Urbana,18-24,No,No,52014.73,Licenciatura completa,Realizaba alguna otra actividad para generar ingresos,,Es usted (la persona entrevistada es jefa o jefe del hogar),,,,,,,3,Uno,Uno,Sí,3,2,No,Urbana,,No está de acuerdo,No está de acuerdo,Sí está de acuerdo,Sí está de acuerdo,No está de acuerdo,No está de acuerdo,Sí está de acuerdo,Sí está de acuerdo,Sí está de acuerdo,No está de acuerdo,No está de acuerdo,Sí está de acuerdo
173,41,Mujer,Guanajuato,Secundaria,Rural,35-44,No,No,85137.79,Secundaria completa,Trabajó con pago,,Es usted (la persona entrevistada es jefa o jefe del hogar),,,,,,,3,Uno,Ninguno,Sí,1,2,No,Rural,,Sí está de acuerdo,Sí está de acuerdo,Ni de acuerdo ni en desacuerdo,Sí está de acuerdo,Ni de acuerdo ni en desacuerdo,Ni de acuerdo ni en desacuerdo,Sí está de acuerdo,Ni de acuerdo ni en desacuerdo,Sí está de acuerdo,No está de acuerdo,Ni de acuerdo ni en desacuerdo,No está de acuerdo
173,20,Mujer,Puebla,Secundaria,Rural,18-24,No,Sí,85600.13,Licenciatura incompleta,Estudiaba,,Cónyuge o pareja,,50.0,Hombre,,Secundaria completa,,4,Uno,Uno,Sí,3,2,Sí,Rural,,No está de acuerdo,Sí está de acuerdo,No está de acuerdo,No está de acuerdo,No está de acuerdo,No está de acuerdo,Sí está de acuerdo,Sí está de acuerdo,Sí está de acuerdo,Sí está de acuerdo,Sí está de acuerdo,Sí está de acuerdo
174,19,Mujer,Guanajuato,Maestría o especialidad,Urbana,18-24,No,No,26635.83,Licenciatura completa,Trabajó con pago,,Hijo o hija,,56.0,Hombre,,Diplomado o maestría,,4,2 o más,Uno,Sí,2,3,No,Urbana,,Sí está de acuerdo,No está de acuerdo,No está de acuerdo,Sí está de acuerdo,No está de acuerdo,No está de acuerdo,No está de acuerdo,No está de acuerdo,No está de acuerdo,No está de acuerdo,Sí está de acuerdo,No está de acuerdo
176,25,Mujer,Chihuahua,Secundaria,Urbana,25-34,No,No,117789.33,Secundaria completa,Trabajó con pago,,Hijo o hija,,48.0,Mujer,,Secundaria completa,,5,Uno,Ninguno,Sí,1,1,No,Urbana,,Sí está de acuerdo,Sí está de acuerdo,Sí está de acuerdo,No está de acuerdo,Sí está de acuerdo,Ni de acuerdo ni en desacuerdo,Sí está de acuerdo,Sí está de acuerdo,Sí está de acuerdo,No está de acuerdo,Sí está de acuerdo,Ni de acuerdo ni en desacuerdo
178,36,Hombre,Chihuahua,Licenciatura o Ingeniería,Urbana,35-44,No,No,50395.06,Licenciatura completa,Trabajó con pago,,Es usted (la persona entrevistada es jefa o jefe del hogar),,,,,,,4,Uno,2 o más,Sí,1,2,No,Urbana,,Sí está de acuerdo,No está de acuerdo,Sí está de acuerdo,Sí está de acuerdo,No está de acuerdo,No está de acuerdo,Sí está de acuerdo,Sí está de acuerdo,Sí está de acuerdo,Ni de acuerdo ni en desacuerdo,Sí está de acuerdo,Sí está de acuerdo
180,40,Mujer,Puebla,Primaria,Rural,35-44,No,No,102606.99,Secundaria completa,Se dedicaba al hogar,,Cónyuge o pareja,,45.0,Hombre,,Primaria completa,,2,Uno,Ninguno,"No, no lo quieren",1,1,No,Rural,,Sí está de acuerdo,Ni de acuerdo ni en desacuerdo,Sí está de acuerdo,Sí está de acuerdo,Ni de acuerdo ni en desacuerdo,No está de acuerdo,Sí está de acuerdo,Sí está de acuerdo,Ni de acuerdo ni en desacuerdo,Sí está de acuerdo,Sí está de acuerdo,No está de acuerdo
181,52,Mujer,Puebla,Preparatoria o bachillerato,Urbana,45-59,No,Sí,68209.06,Preparatoria completa,Vendía o hacía algún producto para vender,,Es usted (la persona entrevistada es jefa o jefe del hogar),,,,,,,3,Uno,Ninguno,Sí,2,2,Sí,Urbana,,No está de acuerdo,No está de acuerdo,No está de acuerdo,Sí está de acuerdo,Ni de acuerdo ni en desacuerdo,Sí está de acuerdo,Sí está de acuerdo,Sí está de acuerdo,Sí está de acuerdo,No está de acuerdo,Sí está de acuerdo,Sí está de acuerdo
188,40,Hombre,Michoacán,Secundaria,Rural,35-44,Sí,No,77248.59,Secundaria completa,Trabajó con pago,,Cónyuge o pareja,,40.0,Mujer,,Secundaria completa,,5,Ninguno,Ninguno,No por falta de recursos,1,3,No,Rural,,No está de acuerdo,Sí está de acuerdo,Sí está de acuerdo,Sí está de acuerdo,No está de acuerdo,No está de acuerdo,No está de acuerdo,Sí está de acuerdo,No está de acuerdo,No está de acuerdo,Sí está de acuerdo,Sí está de acuerdo
190,40,Mujer,Querétaro,Preparatoria o bachillerato,Urbana,35-44,No,No,58469.5,Preparatoria completa,Se dedicaba al hogar,,Es usted (la persona entrevistada es jefa o jefe del hogar),,,,,,,5,Uno,Ninguno,Sí,2,3,No,Urbana,,No sabe/No responde,Ni de acuerdo ni en desacuerdo,Sí está de acuerdo,Sí está de acuerdo,Sí está de acuerdo,Ni de acuerdo ni en desacuerdo,Sí está de acuerdo,Ni de acuerdo ni en desacuerdo,Sí está de acuerdo,Ni de acuerdo ni en desacuerdo,Sí está de acuerdo,Sí está de acuerdo
191,26,Hombre,Michoacán,Secundaria,Rural,25-34,No,No,78512.75,Primaria completa,Trabajó con pago,,Padre o madre,,45.0,Hombre,,Secundaria completa,,1,2 o más,Uno,Sí,1,4,No,Rural,,No está de acuerdo,No está de acuerdo,Sí está de acuerdo,Sí está de acuerdo,Sí está de acuerdo,Sí está de acuerdo,Sí está de acuerdo,No está de acuerdo,No está de acuerdo,No está de acuerdo,No está de acuerdo,No está de acuerdo
192,42,Mujer,Chihuahua,Primaria,Urbana,35-44,No,No,115373.08,Licenciatura completa,Trabajó con pago,,Hijo o hija,,72.0,Mujer,,Primaria completa,,3,2 o más,2 o más,Sí,2,4,No,Urbana,,No está de acuerdo,Ni de acuerdo ni en desacuerdo,Ni de acuerdo ni en desacuerdo,No está de acuerdo,No está de acuerdo,No está de acuerdo,Sí está de acuerdo,No está de acuerdo,Sí está de acuerdo,No está de acuerdo,Sí está de acuerdo,Sí está de acuerdo
193,18,Mujer,Chihuahua,No estudió/ Otro,No sabe/No responde,18-24,Sí,No,47674.56,Primaria completa,Trabajó con pago,,Padre o madre,,38.0,Mujer,,Primaria incompleta,,5,2 o más,Ninguno,No por falta de recursos,5 o más,2,No,No sabe/No responde,,Sí está de acuerdo,Sí está de acuerdo,Sí está de acuerdo,Sí está de acuerdo,Ni de acuerdo ni en desacuerdo,No está de acuerdo,Sí está de acuerdo,Sí está de acuerdo,Sí está de acuerdo,No está de acuerdo,No está de acuerdo,No está de acuerdo
195,69,Mujer,Chihuahua,Licenciatura o Ingeniería,Rural,60+,No,No,61794.24,Licenciatura completa,Era jubilado o pensionado(a) (Programa Adultos Mayores),,Es usted (la persona entrevistada es jefa o jefe del hogar),,,,,,,1,Uno,2 o más,Sí,Ninguno,3,No,Rural,,No está de acuerdo,No está de acuerdo,No está de acuerdo,Sí está de acuerdo,No está de acuerdo,No está de acuerdo,Sí está de acuerdo,Sí está de acuerdo,Sí está de acuerdo,Sí está de acuerdo,Sí está de acuerdo,No está de acuerdo
196,52,Mujer,Puebla,Licenciatura o Ingeniería,Urbana,45-59,No,No,48382.29,Licenciatura completa,Trabajó con pago,,Es usted (la persona entrevistada es jefa o jefe del hogar),,,,,,,3,Uno,Uno,Sí,2,3,No,Urbana,,Ni de acuerdo ni en desacuerdo,Ni de acuerdo ni en desacuerdo,No sabe/No responde,Sí está de acuerdo,Ni de acuerdo ni en desacuerdo,No está de acuerdo,Ni de acuerdo ni en desacuerdo,Ni de acuerdo ni en desacuerdo,Ni de acuerdo ni en desacuerdo,No está de acuerdo,Sí está de acuerdo,Ni de acuerdo ni en desacuerdo
197,25,Mujer,Puebla,No estudió/ Otro,Rural,25-34,Sí,No,51887.55,Primaria completa,Trabajó sin pago,,Cónyuge o pareja,,30.0,Hombre,,No estudió,,3,Ninguno,Ninguno,No por falta de recursos,2,3,No,Rural,,No está de acuerdo,Sí está de acuerdo,Sí está de acuerdo,Sí está de acuerdo,No está de acuerdo,Sí está de acuerdo,Sí está de acuerdo,Sí está de acuerdo,Sí está de acuerdo,No está de acuerdo,Sí está de acuerdo,No está de acuerdo
199,35,Hombre,Jalisco,Licenciatura o Ingeniería,Urbana,35-44,Sí,No,53199.81,Licenciatura completa,Trabajó con pago,,Es usted (la persona entrevistada es jefa o jefe del hogar),,,,,,,5,2 o más,2 o más,Sí,1,3,No,Urbana,,Sí está de acuerdo,Sí está de acuerdo,Sí está de acuerdo,Sí está de acuerdo,Sí está de acuerdo,No está de acuerdo,Sí está de acuerdo,Sí está de acuerdo,Sí está de acuerdo,No está de acuerdo,Sí está de acuerdo,Ni de acuerdo ni en desacuerdo
200,67,Mujer,Guanajuato,No estudió/ Otro,Urbana,60+,No,Sí,54751.56,Primaria incompleta,Se dedicaba al hogar,,Es usted (la persona entrevistada es jefa o jefe del hogar),,,,,,,13,Uno,Ninguno,Sí,3,3,Sí,Urbana,,No está de acuerdo,No está de acuerdo,No está de acuerdo,No está de acuerdo,No está de acuerdo,No está de acuerdo,No está de acuerdo,No está de acuerdo,No está de acuerdo,No está de acuerdo,No está de acuerdo,No está de acuerdo
200,35,Hombre,México,Licenciatura o Ingeniería,Urbana,35-44,No,No,51337.41,Licenciatura completa,Trabajó con pago,,Es usted (la persona entrevistada es jefa o jefe del hogar),,,,,,,2,2 o más,Uno,Sí,2,1,No,Urbana,,Sí está de acuerdo,No está de acuerdo,No está de acuerdo,Ni de acuerdo ni en desacuerdo,No está de acuerdo,No está de acuerdo,Sí está de acuerdo,No está de acuerdo,Ni de acuerdo ni en desacuerdo,No está de acuerdo,Sí está de acuerdo,No está de acuerdo
201,46,Hombre,Quintana Roo,Secundaria,Rural,45-59,No,No,71896.88,Secundaria completa,Trabajó con pago,,Es usted (la persona entrevistada es jefa o jefe del hogar),,,,,,,2,Ninguno,Ninguno,"No, no lo quieren",1,1,No,Rural,,Sí está de acuerdo,Sí está de acuerdo,No está de acuerdo,Sí está de acuerdo,No está de acuerdo,No está de acuerdo,No está de acuerdo,No está de acuerdo,Ni de acuerdo ni en desacuerdo,No está de acuerdo,Sí está de acuerdo,Sí está de acuerdo
202,40,Mujer,Jalisco,No estudió/ Otro,Urbana,35-44,No,Sí,44007.1,Primaria incompleta,Se dedicaba al hogar,,Hijo o hija,,67.0,Mujer,,No estudió,,7,Uno,Ninguno,Sí,2,2,Sí,Urbana,,Sí está de acuerdo,No está de acuerdo,Sí está de acuerdo,Sí está de acuerdo,No está de acuerdo,Sí está de acuerdo,Sí está de acuerdo,No está de acuerdo,No está de acuerdo,Sí está de acuerdo,No está de acuerdo,Sí está de acuerdo
203,40,Mujer,Guanajuato,Secundaria,Rural,35-44,No,No,85137.79,Secundaria completa,Se dedicaba al hogar,,Cónyuge o pareja,,45.0,Hombre,,Secundaria completa,,6,Ninguno,Ninguno,No por falta de recursos,1,2,No,Rural,,No está de acuerdo,Sí está de acuerdo,No está de acuerdo,No está de acuerdo,Sí está de acuerdo,No está de acuerdo,Sí está de acuerdo,Sí está de acuerdo,Sí está de acuerdo,No está de acuerdo,Sí está de acuerdo,Sí está de acuerdo
204,41,Mujer,Guanajuato,Licenciatura o Ingeniería,Urbana,35-44,No,No,48146.54,Licenciatura completa,Trabajó con pago,,Es usted (la persona entrevistada es jefa o jefe del hogar),,,,,,,5,2 o más,Uno,Sí,1,2,No,Urbana,,No está de acuerdo,Sí está de acuerdo,No está de acuerdo,Ni de acuerdo ni en desacuerdo,No está de acuerdo,Ni de acuerdo ni en desacuerdo,No está de acuerdo,Sí está de acuerdo,Sí está de acuerdo,No está de acuerdo,Sí está de acuerdo,Ni de acuerdo ni en desacuerdo
204,29,Hombre,Chiapas,Preparatoria o bachillerato,Urbana,25-34,No,No,72756.55,Licenciatura incompleta,Trabajó con pago,,Es usted (la persona entrevistada es jefa o jefe del hogar),,,,,,,2,Uno,Ninguno,Sí,2,2,No,Urbana,,Sí está de acuerdo,Ni de acuerdo ni en desacuerdo,Sí está de acuerdo,Sí está de acuerdo,Ni de acuerdo ni en desacuerdo,Sí está de acuerdo,Ni de acuerdo ni en desacuerdo,Ni de acuerdo ni en desacuerdo,Ni de acuerdo ni en desacuerdo,No está de acuerdo,Sí está de acuerdo,Sí está de acuerdo
211,22,Hombre,Guanajuato,Secundaria,Urbana,18-24,No,No,93044.38,Preparatoria completa,Trabajó con pago,,Hijo o hija,,52.0,Mujer,,Secundaria completa,,5,2 o más,2 o más,Sí,4,4,No,Urbana,,Ni de acuerdo ni en desacuerdo,Ni de acuerdo ni en desacuerdo,Sí está de acuerdo,Sí está de acuerdo,No está de acuerdo,No está de acuerdo,Ni de acuerdo ni en desacuerdo,No está de acuerdo,Ni de acuerdo ni en desacuerdo,No está de acuerdo,Ni de acuerdo ni en desacuerdo,Sí está de acuerdo
212,19,Hombre,Guanajuato,Secundaria,Rural,18-24,No,No,93044.38,Preparatoria completa,Trabajó con pago,,Hijo o hija,,53.0,Hombre,,Secundaria completa,,4,Uno,Uno,Sí,4,3,No,Rural,,Sí está de acuerdo,Sí está de acuerdo,Sí está de acuerdo,Sí está de acuerdo,No está de acuerdo,No está de acuerdo,Sí está de acuerdo,No está de acuerdo,No está de acuerdo,Ni de acuerdo ni en desacuerdo,No está de acuerdo,Sí está de acuerdo
215,28,Mujer,Guanajuato,Licenciatura o Ingeniería,Urbana,25-34,No,No,67383.76,Licenciatura completa,Trabajó con pago,,Hijo o hija,,55.0,Mujer,,Licenciatura completa,,4,2 o más,2 o más,Sí,4,3,No,Urbana,,No está de acuerdo,Ni de acuerdo ni en desacuerdo,Ni de acuerdo ni en desacuerdo,Ni de acuerdo ni en desacuerdo,No está de acuerdo,No está de acuerdo,Ni de acuerdo ni en desacuerdo,Ni de acuerdo ni en desacuerdo,Ni de acuerdo ni en desacuerdo,No está de acuerdo,Sí está de acuerdo,Sí está de acuerdo
219,47,Hombre,Hidalgo,Doctorado,Rural,45-59,No,No,12474.75,Doctorado,Trabajó con pago,,Es usted (la persona entrevistada es jefa o jefe del hogar),,,,,,,4,Uno,2 o más,Sí,3,3,No,Rural,,Sí está de acuerdo,Sí está de acuerdo,No está de acuerdo,Sí está de acuerdo,No está de acuerdo,No está de acuerdo,Sí está de acuerdo,Ni de acuerdo ni en desacuerdo,Ni de acuerdo ni en desacuerdo,No está de acuerdo,No está de acuerdo,No está de acuerdo
220,45,Mujer,Michoacán,Secundaria,Rural,45-59,No,No,83390.5,Secundaria completa,Se dedicaba al hogar,,Es usted (la persona entrevistada es jefa o jefe del hogar),,,,,,,3,Uno,Uno,No por falta de recursos,1,2,No,Rural,,No está de acuerdo,Sí está de acuerdo,No está de acuerdo,Ni de acuerdo ni en desacuerdo,Ni de acuerdo ni en desacuerdo,Sí está de acuerdo,No sabe/No responde,Sí está de acuerdo,No está de acuerdo,No está de acuerdo,Sí está de acuerdo,No está de acuerdo
220,64,Hombre,Hidalgo,Maestría o especialidad,Urbana,60+,No,No,15131.71,Diplomado o maestría,Trabajó con pago,,Es usted (la persona entrevistada es jefa o jefe del hogar),,,,,,,2,2 o más,2 o más,Sí,2,1,No,Urbana,,Sí está de acuerdo,Sí está de acuerdo,Ni de acuerdo ni en desacuerdo,Sí está de acuerdo,No está de acuerdo,Sí está de acuerdo,Sí está de acuerdo,Sí está de acuerdo,No está de acuerdo,Sí está de acuerdo,Sí está de acuerdo,Sí está de acuerdo
222,45,Hombre,Guanajuato,Licenciatura o Ingeniería,Urbana,45-59,No,No,43407.75,Licenciatura completa,Vendía o hacía algún producto para vender,,Es usted (la persona entrevistada es jefa o jefe del hogar),,,,,,,4,2 o más,2 o más,Sí,4,3,No,Urbana,,No está de acuerdo,No está de acuerdo,Sí está de acuerdo,Sí está de acuerdo,No está de acuerdo,Ni de acuerdo ni en desacuerdo,Sí está de acuerdo,Sí está de acuerdo,Sí está de acuerdo,No está de acuerdo,Sí está de acuerdo,Sí está de acuerdo
222,59,Hombre,Chiapas,Licenciatura o Ingeniería,Rural,45-59,No,Sí,43235.42,Licenciatura completa,Vendía o hacía algún producto para vender,,Es usted (la persona entrevistada es jefa o jefe del hogar),,,,,,,3,Uno,Ninguno,No por falta de recursos,2,2,Sí,Rural,,Sí está de acuerdo,No está de acuerdo,Sí está de acuerdo,Sí está de acuerdo,Sí está de acuerdo,No está de acuerdo,Sí está de acuerdo,Sí está de acuerdo,No está de acuerdo,Sí está de acuerdo,No está de acuerdo,Sí está de acuerdo
224,63,Mujer,Guanajuato,No estudió/ Otro,Urbana,60+,Sí,No,54751.56,No estudió,Se dedicaba al hogar,,Es usted (la persona entrevistada es jefa o jefe del hogar),,,,,,,4,Ninguno,Ninguno,No por falta de recursos,Ninguno,1,No,Urbana,,No está de acuerdo,Sí está de acuerdo,No está de acuerdo,Sí está de acuerdo,Sí está de acuerdo,No está de acuerdo,Sí está de acuerdo,No está de acuerdo,No está de acuerdo,No está de acuerdo,Sí está de acuerdo,No está de acuerdo
224,63,Mujer,Michoacán,Licenciatura o Ingeniería,Urbana,60+,No,Sí,53566.51,Preparatoria completa,Se dedicaba al hogar,,Cónyuge o pareja,,71.0,Hombre,,Licenciatura completa,,3,Uno,Ninguno,Sí,3,2,Sí,Urbana,,No está de acuerdo,No está de acuerdo,Ni de acuerdo ni en desacuerdo,Sí está de acuerdo,No está de acuerdo,No está de acuerdo,Sí está de acuerdo,Sí está de acuerdo,Ni de acuerdo ni en desacuerdo,No está de acuerdo,No está de acuerdo,Sí está de acuerdo
229,70,Mujer,Guanajuato,Secundaria,Urbana,60+,No,No,110538.05,Secundaria completa,Vendía o hacía algún producto para vender,,Es usted (la persona entrevistada es jefa o jefe del hogar),,,,,,,6,Uno,Ninguno,Sí,4,3,No,Urbana,,No está de acuerdo,No está de acuerdo,Sí está de acuerdo,Sí está de acuerdo,No está de acuerdo,No está de acuerdo,No está de acuerdo,No está de acuerdo,No está de acuerdo,No está de acuerdo,Sí está de acuerdo,Sí está de acuerdo
235,67,Hombre,Chiapas,Primaria,Rural,60+,No,No,95405.64,Primaria completa,Trabajó con pago,,Es usted (la persona entrevistada es jefa o jefe del hogar),,,,,,,3,Uno,Ninguno,No por falta de recursos,1,3,No,Rural,,Sí está de acuerdo,No está de acuerdo,No está de acuerdo,Sí está de acuerdo,Sí está de acuerdo,Sí está de acuerdo,Sí está de acuerdo,Sí está de acuerdo,Sí está de acuerdo,No está de acuerdo,Sí está de acuerdo,Sí está de acuerdo
235,18,Mujer,Hidalgo,Secundaria,Rural,18-24,Sí,No,77077.12,Preparatoria incompleta,Trabajó con pago,,Hijo o hija,,42.0,Mujer,,Secundaria completa,,3,Uno,Uno,No por falta de recursos,Ninguno,2,No,Rural,,Ni de acuerdo ni en desacuerdo,Sí está de acuerdo,No está de acuerdo,Sí está de acuerdo,Sí está de acuerdo,No está de acuerdo,Ni de acuerdo ni en desacuerdo,Ni de acuerdo ni en desacuerdo,Ni de acuerdo ni en desacuerdo,Ni de acuerdo ni en desacuerdo,Ni de acuerdo ni en desacuerdo,Ni de acuerdo ni en desacuerdo
240,53,Hombre,México,Primaria,Urbana,45-59,No,No,105962.6,Primaria completa,Trabajó con pago,,Es usted (la persona entrevistada es jefa o jefe del hogar),,,,,,,4,Uno,Uno,"No, otra razón",3,2,No,Urbana,,No está de acuerdo,Sí está de acuerdo,Sí está de acuerdo,Sí está de acuerdo,No está de acuerdo,Sí está de acuerdo,No está de acuerdo,Sí está de acuerdo,No sabe/No responde,No está de acuerdo,No está de acuerdo,Sí está de acuerdo
241,21,Mujer,Chiapas,Preparatoria o bachillerato,No sabe/No responde,18-24,No,No,77317.74,Preparatoria completa,Se dedicaba al hogar,,Cónyuge o pareja,,99.0,Hombre,,Preparatoria completa,,5,Ninguno,Ninguno,No por falta de recursos,1,1,No,No sabe/No responde,,No está de acuerdo,Sí está de acuerdo,Sí está de acuerdo,No sabe/No responde,No sabe/No responde,Sí está de acuerdo,No sabe/No responde,No está de acuerdo,No está de acuerdo,No está de acuerdo,No sabe/No responde,No está de acuerdo
242,30,Mujer,Guanajuato,Secundaria,Urbana,25-34,No,No,119155.06,Diplomado o maestría,Trabajó con pago,,Padre o madre,,72.0,Hombre,,Secundaria completa,,1,Uno,Uno,"No, otra razón",3,3,No,Urbana,,No está de acuerdo,No está de acuerdo,No está de acuerdo,Sí está de acuerdo,No está de acuerdo,Sí está de acuerdo,No está de acuerdo,Sí está de acuerdo,No está de acuerdo,No está de acuerdo,Sí está de acuerdo,Sí está de acuerdo
246,57,Hombre,Chiapas,Preparatoria o bachillerato,Urbana,45-59,No,No,60953.03,Preparatoria completa,Trabajó con pago,,Es usted (la persona entrevistada es jefa o jefe del hogar),,,,,,,3,2 o más,Uno,Sí,3,2,No,Urbana,,No está de acuerdo,No está de acuerdo,No está de acuerdo,Sí está de acuerdo,No está de acuerdo,Sí está de acuerdo,Sí está de acuerdo,Sí está de acuerdo,No está de acuerdo,No está de acuerdo,Sí está de acuerdo,No está de acuerdo
248,34,Mujer,Guanajuato,Maestría o especialidad,Urbana,25-34,Sí,No,32596.45,Diplomado o maestría,Trabajó con pago,,Es usted (la persona entrevistada es jefa o jefe del hogar),,,,,,,3,Uno,Ninguno,Sí,2,1,No,Urbana,,Ni de acuerdo ni en desacuerdo,Sí está de acuerdo,Sí está de acuerdo,Sí está de acuerdo,No está de acuerdo,Sí está de acuerdo,Sí está de acuerdo,Sí está de acuerdo,Sí está de acuerdo,Sí está de acuerdo,No está de acuerdo,No está de acuerdo
250,39,Mujer,Chiapas,Primaria,Urbana,35-44,No,No,116247.43,Licenciatura completa,Trabajó con pago,,Padre o madre,,79.0,Mujer,,Primaria completa,,3,2 o más,Ninguno,Sí,1,2,No,Urbana,,Sí está de acuerdo,Sí está de acuerdo,No está de acuerdo,Sí está de acuerdo,No está de acuerdo,No está de acuerdo,Sí está de acuerdo,No está de acuerdo,Sí está de acuerdo,Sí está de acuerdo,Sí está de acuerdo,No está de acuerdo
252,62,Mujer,Michoacán,Primaria,Rural,60+,No,No,129849.19,Secundaria incompleta,Trabajó con pago,,Es usted (la persona entrevistada es jefa o jefe del hogar),,,,,,,3,Uno,Ninguno,No por falta de recursos,1,2,No,Rural,,No está de acuerdo,Sí está de acuerdo,Ni de acuerdo ni en desacuerdo,Sí está de acuerdo,No está de acuerdo,Sí está de acuerdo,No sabe/No responde,Sí está de acuerdo,Ni de acuerdo ni en desacuerdo,No está de acuerdo,Ni de acuerdo ni en desacuerdo,Sí está de acuerdo
253,20,Hombre,Hidalgo,Secundaria,Urbana,18-24,No,No,73655.84,Preparatoria completa,Estudiaba,,Hijo o hija,,45.0,Hombre,,Secundaria completa,,5,2 o más,2 o más,Sí,1,4,No,Urbana,,Sí está de acuerdo,Sí está de acuerdo,No está de acuerdo,No está de acuerdo,Sí está de acuerdo,Sí está de acuerdo,Sí está de acuerdo,No está de acuerdo,Sí está de acuerdo,Sí está de acuerdo,Sí está de acuerdo,Sí está de acuerdo
254,39,Mujer,Chiapas,Licenciatura o Ingeniería,Urbana,35-44,No,No,47955.4,Licenciatura completa,Trabajó con pago,,Cónyuge o pareja,,33.0,Hombre,,Licenciatura completa,,4,2 o más,2 o más,Sí,2,3,No,Urbana,,No está de acuerdo,No está de acuerdo,Sí está de acuerdo,Sí está de acuerdo,No está de acuerdo,No está de acuerdo,No está de acuerdo,No está de acuerdo,Sí está de acuerdo,No está de acuerdo,Sí está de acuerdo,Sí está de acuerdo
254,26,Hombre,Chiapas,Secundaria,Urbana,25-34,No,No,91258.59,Licenciatura completa,Trabajó con pago,,Hijo o hija,,39.0,Mujer,,Secundaria completa,,3,Uno,Ninguno,Sí,3,2,No,Urbana,,No está de acuerdo,Ni de acuerdo ni en desacuerdo,Sí está de acuerdo,Sí está de acuerdo,Ni de acuerdo ni en desacuerdo,Sí está de acuerdo,Sí está de acuerdo,Sí está de acuerdo,No está de acuerdo,No está de acuerdo,Sí está de acuerdo,No está de acuerdo
254,70,Mujer,Hidalgo,Primaria,Rural,60+,Sí,No,119954.75,Primaria completa,"[Esp.] Otra, especifique",TRABAJ EN ELCAMPO,Es usted (la persona entrevistada es jefa o jefe del hogar),,,,,,,29,2 o más,Ninguno,Sí,5 o más,5 o más,No,Rural,,No está de acuerdo,No está de acuerdo,Sí está de acuerdo,Sí está de acuerdo,Sí está de acuerdo,Sí está de acuerdo,Sí está de acuerdo,No está de acuerdo,No está de acuerdo,Sí está de acuerdo,Sí está de acuerdo,Sí está de acuerdo
256,53,Mujer,Chiapas,Secundaria,Rural,45-59,No,No,96928.2,Secundaria completa,Se dedicaba al hogar,,Cónyuge o pareja,,70.0,Hombre,,Secundaria completa,,3,Ninguno,Ninguno,No por falta de recursos,Ninguno,2,No,Rural,,No está de acuerdo,No está de acuerdo,Sí está de acuerdo,Sí está de acuerdo,Sí está de acuerdo,Sí está de acuerdo,No está de acuerdo,Sí está de acuerdo,Sí está de acuerdo,Sí está de acuerdo,No está de acuerdo,Sí está de acuerdo
257,48,Hombre,Chiapas,No estudió/ Otro,No sabe/No responde,45-59,Sí,No,37868.81,No estudió,Trabajó con pago,,Es usted (la persona entrevistada es jefa o jefe del hogar),,,,,,,4,Uno,Ninguno,Sí,1,2,No,No sabe/No responde,,No está de acuerdo,Sí está de acuerdo,No está de acuerdo,Ni de acuerdo ni en desacuerdo,Sí está de acuerdo,No está de acuerdo,Sí está de acuerdo,Sí está de acuerdo,Sí está de acuerdo,No está de acuerdo,Sí está de acuerdo,No está de acuerdo
261,19,Hombre,Chiapas,Primaria,Rural,18-24,No,No,127043.11,Preparatoria completa,Estudiaba,,Hijo o hija,,45.0,Hombre,,Secundaria incompleta,,5,Uno,Uno,Sí,4,2,No,Rural,,Sí está de acuerdo,No está de acuerdo,No está de acuerdo,Sí está de acuerdo,No está de acuerdo,No está de acuerdo,No está de acuerdo,Sí está de acuerdo,Sí está de acuerdo,Sí está de acuerdo,Sí está de acuerdo,Sí está de acuerdo
264,65,Hombre,Chiapas,No estudió/ Otro,Rural,60+,Sí,No,34472.29,No estudió,Trabajó con pago,,Es usted (la persona entrevistada es jefa o jefe del hogar),,,,,,,2,Ninguno,Ninguno,No por falta de recursos,1,1,No,Rural,,No sabe/No responde,No sabe/No responde,No sabe/No responde,Ni de acuerdo ni en desacuerdo,No sabe/No responde,No sabe/No responde,No sabe/No responde,No sabe/No responde,No sabe/No responde,No está de acuerdo,No sabe/No responde,No está de acuerdo
264,31,Mujer,Michoacán,Primaria,Rural,25-34,No,No,139971.6,Secundaria completa,Trabajó con pago,,Cónyuge o pareja,,43.0,Hombre,,Primaria completa,,3,Uno,Ninguno,No por falta de recursos,1,2,No,Rural,,Ni de acuerdo ni en desacuerdo,Sí está de acuerdo,Sí está de acuerdo,Sí está de acuerdo,No está de acuerdo,No está de acuerdo,Sí está de acuerdo,Sí está de acuerdo,Sí está de acuerdo,No está de acuerdo,Sí está de acuerdo,No está de acuerdo
265,58,Hombre,Chiapas,Maestría o especialidad,Urbana,45-59,No,No,20914.85,Diplomado o maestría,Trabajó con pago,,Es usted (la persona entrevistada es jefa o jefe del hogar),,,,,,,3,Uno,Uno,Sí,1,2,No,Urbana,,Sí está de acuerdo,Sí está de acuerdo,Ni de acuerdo ni en desacuerdo,Sí está de acuerdo,Ni de acuerdo ni en desacuerdo,Ni de acuerdo ni en desacuerdo,Ni de acuerdo ni en desacuerdo,Ni de acuerdo ni en desacuerdo,Sí está de acuerdo,No está de acuerdo,Sí está de acuerdo,No está de acuerdo
266,26,Hombre,Chiapas,Preparatoria o bachillerato,Rural,25-34,Sí,No,72756.55,Preparatoria completa,Trabajó con pago,,Es usted (la persona entrevistada es jefa o jefe del hogar),,,,,,,5,Ninguno,Ninguno,"No, otra razón",1,2,No,Rural,,Sí está de acuerdo,Sí está de acuerdo,No está de acuerdo,No está de acuerdo,No está de acuerdo,No está de acuerdo,No está de acuerdo,No está de acuerdo,Sí está de acuerdo,Sí está de acuerdo,No está de acuerdo,Sí está de acuerdo
266,30,Mujer,Sinaloa,Licenciatura o Ingeniería,Urbana,25-34,No,No,70666.53,Licenciatura completa,Vendía o hacía algún producto para vender,,Es usted (la persona entrevistada es jefa o jefe del hogar),,,,,,,2,2 o más,Uno,Sí,2,2,No,Urbana,,No está de acuerdo,No está de acuerdo,Sí está de acuerdo,Sí está de acuerdo,No está de acuerdo,Sí está de acuerdo,Sí está de acuerdo,Sí está de acuerdo,Sí está de acuerdo,No está de acuerdo,Sí está de acuerdo,Sí está de acuerdo
274,60,Hombre,Veracruz,Secundaria,Urbana,60+,Sí,No,66460.54,Secundaria completa,Trabajó sin pago,,Es usted (la persona entrevistada es jefa o jefe del hogar),,,,,,,5,Uno,Ninguno,"No, no lo quieren",4,3,No,Urbana,,No está de acuerdo,Sí está de acuerdo,No está de acuerdo,Sí está de acuerdo,Sí está de acuerdo,Sí está de acuerdo,No está de acuerdo,Ni de acuerdo ni en desacuerdo,Sí está de acuerdo,Sí está de acuerdo,No está de acuerdo,No está de acuerdo
277,47,Mujer,Michoacán,Secundaria,Rural,45-59,No,No,83390.5,Primaria incompleta,No sabe/No responde,,Cónyuge o pareja,,50.0,Hombre,,Preparatoria incompleta,,2,Uno,Ninguno,Sí,1,2,No,Rural,,No está de acuerdo,No está de acuerdo,Sí está de acuerdo,Sí está de acuerdo,Sí está de acuerdo,Ni de acuerdo ni en desacuerdo,Sí está de acuerdo,Sí está de acuerdo,Sí está de acuerdo,Ni de acuerdo ni en desacuerdo,Sí está de acuerdo,Sí está de acuerdo
280,20,Mujer,Veracruz,Preparatoria o bachillerato,Rural,18-24,No,No,73834.21,Licenciatura incompleta,Trabajó con pago,,Es usted (la persona entrevistada es jefa o jefe del hogar),,,,,,,1,Uno,Uno,Sí,1,1,No,Rural,,Sí está de acuerdo,Sí está de acuerdo,Sí está de acuerdo,Sí está de acuerdo,No está de acuerdo,No está de acuerdo,Sí está de acuerdo,Sí está de acuerdo,No está de acuerdo,Sí está de acuerdo,Sí está de acuerdo,No está de acuerdo
283,46,Mujer,Michoacán,Secundaria,Urbana,45-59,No,No,83390.5,Secundaria completa,Se dedicaba al hogar,,Es usted (la persona entrevistada es jefa o jefe del hogar),,,,,,,5,Uno,Ninguno,Sí,2,4,No,Urbana,,Sí está de acuerdo,Sí está de acuerdo,Sí está de acuerdo,No está de acuerdo,Sí está de acuerdo,Sí está de acuerdo,Sí está de acuerdo,Sí está de acuerdo,Sí está de acuerdo,No está de acuerdo,Sí está de acuerdo,No está de acuerdo
289,42,Hombre,Chiapas,Licenciatura o Ingeniería,Urbana,35-44,No,No,50776.98,Licenciatura completa,Trabajó con pago,,Es usted (la persona entrevistada es jefa o jefe del hogar),,,,,,,3,2 o más,2 o más,Sí,1,3,No,Urbana,,Sí está de acuerdo,Ni de acuerdo ni en desacuerdo,No está de acuerdo,No sabe/No responde,Sí está de acuerdo,No está de acuerdo,Ni de acuerdo ni en desacuerdo,Sí está de acuerdo,Sí está de acuerdo,No está de acuerdo,No está de acuerdo,No está de acuerdo
291,70,Mujer,Hidalgo,No estudió/ Otro,Rural,60+,No,No,43342.46,Primaria incompleta,Trabajó con pago,,Es usted (la persona entrevistada es jefa o jefe del hogar),,,,,,,1,Ninguno,Ninguno,No por falta de recursos,5 o más,1,No,Rural,,No está de acuerdo,No sabe/No responde,No está de acuerdo,No está de acuerdo,Sí está de acuerdo,No está de acuerdo,No sabe/No responde,No está de acuerdo,No está de acuerdo,No sabe/No responde,No sabe/No responde,No sabe/No responde
307,27,Mujer,Hidalgo,Licenciatura o Ingeniería,Urbana,25-34,No,No,53342.37,Licenciatura completa,Trabajó con pago,,Es usted (la persona entrevistada es jefa o jefe del hogar),,,,,,,1,Uno,Ninguno,Sí,1,1,No,Urbana,,Ni de acuerdo ni en desacuerdo,Ni de acuerdo ni en desacuerdo,Sí está de acuerdo,Sí está de acuerdo,Ni de acuerdo ni en desacuerdo,Sí está de acuerdo,Sí está de acuerdo,Ni de acuerdo ni en desacuerdo,No está de acuerdo,Ni de acuerdo ni en desacuerdo,Ni de acuerdo ni en desacuerdo,Sí está de acuerdo
308,20,Mujer,Hidalgo,Preparatoria o bachillerato,Urbana,18-24,No,Sí,61450.28,Licenciatura incompleta,Trabajó con pago,,Es usted (la persona entrevistada es jefa o jefe del hogar),,,,,,,1,Uno,Ninguno,No por falta de recursos,1,1,Sí,Urbana,,No está de acuerdo,Sí está de acuerdo,Sí está de acuerdo,Sí está de acuerdo,No está de acuerdo,No está de acuerdo,Sí está de acuerdo,Sí está de acuerdo,Sí está de acuerdo,Sí está de acuerdo,Sí está de acuerdo,Ni de acuerdo ni en desacuerdo
311,76,Mujer,México,No estudió/ Otro,No sabe/No responde,60+,No,No,55136.09,Primaria incompleta,Era jubilado o pensionado(a) (Programa Adultos Mayores),,Es usted (la persona entrevistada es jefa o jefe del hogar),,,,,,,2,Ninguno,Uno,No por falta de recursos,No sabe/No responde,1,No,No sabe/No responde,,No está de acuerdo,Ni de acuerdo ni en desacuerdo,No sabe/No responde,No sabe/No responde,Sí está de acuerdo,No está de acuerdo,No sabe/No responde,No sabe/No responde,Sí está de acuerdo,No sabe/No responde,No sabe/No responde,No sabe/No responde
314,67,Mujer,México,Doctorado,Urbana,60+,No,No,22852.92,Doctorado,Trabajó con pago,,Es usted (la persona entrevistada es jefa o jefe del hogar),,,,,,,3,2 o más,2 o más,Sí,3,5 o más,No,Urbana,,No está de acuerdo,Sí está de acuerdo,No está de acuerdo,Ni de acuerdo ni en desacuerdo,No está de acuerdo,Ni de acuerdo ni en desacuerdo,Sí está de acuerdo,Ni de acuerdo ni en desacuerdo,Ni de acuerdo ni en desacuerdo,No está de acuerdo,Ni de acuerdo ni en desacuerdo,Ni de acuerdo ni en desacuerdo
320,47,Hombre,Michoacán,Maestría o especialidad,Urbana,45-59,No,No,17993.73,Diplomado o maestría,Trabajó con pago,,Es usted (la persona entrevistada es jefa o jefe del hogar),,,,,,,5,2 o más,Uno,Sí,3,5 o más,No,Urbana,,No está de acuerdo,No está de acuerdo,No está de acuerdo,Sí está de acuerdo,No está de acuerdo,No está de acuerdo,Ni de acuerdo ni en desacuerdo,Sí está de acuerdo,Sí está de acuerdo,No está de acuerdo,Sí está de acuerdo,No está de acuerdo
321,38,Mujer,Michoacán,Secundaria,Urbana,35-44,No,No,72956.03,Secundaria completa,Trabajó con pago,,Es usted (la persona entrevistada es jefa o jefe del hogar),,,,,,,4,2 o más,Uno,Sí,3,3,No,Urbana,,No está de acuerdo,No está de acuerdo,Sí está de acuerdo,Sí está de acuerdo,Sí está de acuerdo,Sí está de acuerdo,Sí está de acuerdo,No está de acuerdo,Sí está de acuerdo,No está de acuerdo,No está de acuerdo,No está de acuerdo
324,66,Mujer,México,Primaria,Urbana,60+,No,No,152594.84,Carrera técnica,Se dedicaba al hogar,,Cónyuge o pareja,,75.0,Hombre,,Primaria completa,,7,2 o más,Uno,Sí,2,3,No,Urbana,,Ni de acuerdo ni en desacuerdo,No está de acuerdo,Sí está de acuerdo,No está de acuerdo,Sí está de acuerdo,Ni de acuerdo ni en desacuerdo,Sí está de acuerdo,Ni de acuerdo ni en desacuerdo,Ni de acuerdo ni en desacuerdo,Ni de acuerdo ni en desacuerdo,Ni de acuerdo ni en desacuerdo,Ni de acuerdo ni en desacuerdo
326,55,Mujer,Michoacán,No estudió/ Otro,Urbana,45-59,No,No,41304.88,Secundaria incompleta,"[Esp.] Otra, especifique",CUIDABA DE SU MAMÁ QUE SE ENFERMO,Padre o madre,,78.0,Mujer,,No estudió,,3,Uno,Ninguno,No por falta de recursos,Ninguno,2,No,Urbana,,No está de acuerdo,No está de acuerdo,No está de acuerdo,No está de acuerdo,No está de acuerdo,No está de acuerdo,No está de acuerdo,No está de acuerdo,No está de acuerdo,No está de acuerdo,No está de acuerdo,No está de acuerdo
328,50,Hombre,San Luis Potosí,Primaria,Rural,45-59,No,No,94657.19,Primaria completa,Trabajó con pago,,Es usted (la persona entrevistada es jefa o jefe del hogar),,,,,,,4,Ninguno,Ninguno,No por falta de recursos,1,2,No,Rural,,Sí está de acuerdo,Sí está de acuerdo,Sí está de acuerdo,Sí está de acuerdo,No está de acuerdo,No está de acuerdo,Sí está de acuerdo,Sí está de acuerdo,Sí está de acuerdo,No está de acuerdo,Sí está de acuerdo,Sí está de acuerdo
329,43,Hombre,Chiapas,Preparatoria o bachillerato,Urbana,35-44,Sí,No,71585.07,Preparatoria completa,[Esp.] Desempleado,,Es usted (la persona entrevistada es jefa o jefe del hogar),,,,,,,6,Uno,Ninguno,Sí,1,2,No,Urbana,,Sí está de acuerdo,Sí está de acuerdo,Sí está de acuerdo,Sí está de acuerdo,No está de acuerdo,Sí está de acuerdo,Sí está de acuerdo,Sí está de acuerdo,Sí está de acuerdo,Ni de acuerdo ni en desacuerdo,No está de acuerdo,No está de acuerdo
330,32,Mujer,Michoacán,Secundaria,Rural,25-34,No,No,102106.01,Secundaria completa,Se dedicaba al hogar,,Es usted (la persona entrevistada es jefa o jefe del hogar),,,,,,,2,Uno,Ninguno,"No, otra razón",1,2,No,Rural,,Sí está de acuerdo,No está de acuerdo,Sí está de acuerdo,Sí está de acuerdo,Ni de acuerdo ni en desacuerdo,No está de acuerdo,Ni de acuerdo ni en desacuerdo,No está de acuerdo,No está de acuerdo,No está de acuerdo,Sí está de acuerdo,Ni de acuerdo ni en desacuerdo
334,30,Mujer,Hidalgo,Secundaria,Urbana,25-34,No,No,94325.59,Preparatoria completa,Trabajó con pago,,Padre o madre,,65.0,Hombre,,Secundaria completa,,4,Uno,Ninguno,Sí,No sabe/No responde,3,No,Urbana,,Sí está de acuerdo,No está de acuerdo,Sí está de acuerdo,Sí está de acuerdo,Sí está de acuerdo,Sí está de acuerdo,Sí está de acuerdo,Sí está de acuerdo,Sí está de acuerdo,Ni de acuerdo ni en desacuerdo,Sí está de acuerdo,Sí está de acuerdo
336,29,Mujer,Ciudad de México,Secundaria,Rural,25-34,No,No,134671.51,Secundaria completa,Trabajó con pago,,Es usted (la persona entrevistada es jefa o jefe del hogar),,,,,,,1,Uno,Uno,Sí,1,1,No,Rural,,No está de acuerdo,No está de acuerdo,Sí está de acuerdo,No está de acuerdo,No está de acuerdo,No está de acuerdo,No está de acuerdo,No está de acuerdo,Sí está de acuerdo,No está de acuerdo,Sí está de acuerdo,No está de acuerdo
336,30,Mujer,Michoacán,Secundaria,Urbana,25-34,No,No,102106.01,Preparatoria incompleta,Se dedicaba al hogar,,Cónyuge o pareja,,32.0,Hombre,,Preparatoria incompleta,,4,Ninguno,Uno,Sí,1,2,No,Urbana,,Ni de acuerdo ni en desacuerdo,Sí está de acuerdo,Sí está de acuerdo,Sí está de acuerdo,No está de acuerdo,Sí está de acuerdo,Sí está de acuerdo,Sí está de acuerdo,Sí está de acuerdo,Sí está de acuerdo,Sí está de acuerdo,Sí está de acuerdo
337,19,Hombre,Michoacán,Secundaria,Urbana,18-24,No,No,79731.32,Licenciatura incompleta,Trabajó con pago,,Hijo o hija,,55.0,Hombre,,Secundaria completa,,5,2 o más,2 o más,Sí,3,4,No,Urbana,,No está de acuerdo,No está de acuerdo,Ni de acuerdo ni en desacuerdo,Sí está de acuerdo,No está de acuerdo,No está de acuerdo,Sí está de acuerdo,Sí está de acuerdo,Sí está de acuerdo,No está de acuerdo,Sí está de acuerdo,No está de acuerdo
340,59,Hombre,Michoacán,Preparatoria o bachillerato,Rural,45-59,No,No,52439.89,Preparatoria completa,Trabajó sin pago,,Es usted (la persona entrevistada es jefa o jefe del hogar),,,,,,,3,Uno,2 o más,No por falta de recursos,3,3,No,Rural,,No está de acuerdo,Sí está de acuerdo,Sí está de acuerdo,Sí está de acuerdo,Sí está de acuerdo,Sí está de acuerdo,Sí está de acuerdo,Sí está de acuerdo,No está de acuerdo,No sabe/No responde,Sí está de acuerdo,Sí está de acuerdo
344,31,Hombre,Veracruz,No estudió/ Otro,Rural,25-34,No,No,43165.52,Primaria incompleta,Trabajó con pago,,Es usted (la persona entrevistada es jefa o jefe del hogar),,,,,,,5,Uno,Ninguno,No por falta de recursos,Ninguno,2,No,Rural,,Sí está de acuerdo,Sí está de acuerdo,Sí está de acuerdo,Sí está de acuerdo,No está de acuerdo,No está de acuerdo,Sí está de acuerdo,Sí está de acuerdo,Ni de acuerdo ni en desacuerdo,No está de acuerdo,Sí está de acuerdo,Sí está de acuerdo
347,62,Hombre,Ciudad de México,Maestría o especialidad,Urbana,60+,No,No,21604.0,Diplomado o maestría,Trabajó con pago,,Es usted (la persona entrevistada es jefa o jefe del hogar),,,,,,,1,Uno,Ninguno,Sí,1,2,No,Urbana,,Sí está de acuerdo,Ni de acuerdo ni en desacuerdo,No está de acuerdo,No está de acuerdo,Sí está de acuerdo,No está de acuerdo,Sí está de acuerdo,No está de acuerdo,No está de acuerdo,No está de acuerdo,Sí está de acuerdo,No está de acuerdo
350,39,Mujer,México,Maestría o especialidad,Urbana,35-44,No,No,23454.15,Diplomado o maestría,Trabajó con pago,,Es usted (la persona entrevistada es jefa o jefe del hogar),,,,,,,2,2 o más,Uno,Sí,1,2,No,Urbana,,Sí está de acuerdo,Ni de acuerdo ni en desacuerdo,Ni de acuerdo ni en desacuerdo,Sí está de acuerdo,Ni de acuerdo ni en desacuerdo,Ni de acuerdo ni en desacuerdo,Ni de acuerdo ni en desacuerdo,No está de acuerdo,Ni de acuerdo ni en desacuerdo,No está de acuerdo,Sí está de acuerdo,Ni de acuerdo ni en desacuerdo
351,23,Mujer,San Luis Potosí,Licenciatura o Ingeniería,Urbana,18-24,No,No,49532.65,Licenciatura completa,Estudiaba,,Hijo o hija,,40.0,Hombre,,Licenciatura completa,,4,Uno,Uno,Sí,2,2,No,Urbana,,Sí está de acuerdo,No está de acuerdo,Sí está de acuerdo,Sí está de acuerdo,No está de acuerdo,Sí está de acuerdo,Sí está de acuerdo,Sí está de acuerdo,Sí está de acuerdo,No está de acuerdo,Sí está de acuerdo,Sí está de acuerdo
354,63,Mujer,Veracruz,Preparatoria o bachillerato,Urbana,60+,No,No,83822.57,Preparatoria completa,Trabajó sin pago,,Es usted (la persona entrevistada es jefa o jefe del hogar),,,,,,,7,2 o más,Ninguno,Sí,4,5 o más,No,Urbana,,Sí está de acuerdo,No está de acuerdo,Sí está de acuerdo,Ni de acuerdo ni en desacuerdo,Ni de acuerdo ni en desacuerdo,Sí está de acuerdo,Sí está de acuerdo,No está de acuerdo,No está de acuerdo,No está de acuerdo,No está de acuerdo,Sí está de acuerdo
355,67,Hombre,San Luis Potosí,No estudió/ Otro,Rural,60+,No,No,31134.23,No estudió,Trabajó con pago,,Es usted (la persona entrevistada es jefa o jefe del hogar),,,,,,,4,Uno,Ninguno,No por falta de recursos,1,3,No,Rural,,Ni de acuerdo ni en desacuerdo,Sí está de acuerdo,Sí está de acuerdo,Sí está de acuerdo,Sí está de acuerdo,Sí está de acuerdo,No está de acuerdo,No está de acuerdo,Sí está de acuerdo,No está de acuerdo,No está de acuerdo,Sí está de acuerdo
357,36,Hombre,México,Licenciatura o Ingeniería,Urbana,35-44,No,No,51337.41,Licenciatura completa,Trabajó con pago,,Es usted (la persona entrevistada es jefa o jefe del hogar),,,,,,,3,2 o más,Uno,Sí,3,3,No,Urbana,,No está de acuerdo,No está de acuerdo,No está de acuerdo,Ni de acuerdo ni en desacuerdo,No está de acuerdo,No está de acuerdo,Ni de acuerdo ni en desacuerdo,Ni de acuerdo ni en desacuerdo,Sí está de acuerdo,Sí está de acuerdo,Sí está de acuerdo,Ni de acuerdo ni en desacuerdo
357,37,Mujer,Michoacán,Licenciatura o Ingeniería,Urbana,35-44,No,No,41257.6,Licenciatura completa,Trabajó con pago,,Cónyuge o pareja,,37.0,Hombre,,Licenciatura completa,,6,2 o más,Ninguno,Sí,2,2,No,Urbana,,Sí está de acuerdo,Sí está de acuerdo,No está de acuerdo,No está de acuerdo,No está de acuerdo,No está de acuerdo,Sí está de acuerdo,No está de acuerdo,No está de acuerdo,No está de acuerdo,Sí está de acuerdo,Sí está de acuerdo
358,24,Mujer,México,Secundaria,Rural,18-24,No,No,98050.06,Licenciatura incompleta,Estudiaba,,Hijo o hija,,47.0,Mujer,,Secundaria completa,,6,Uno,Uno,Sí,1,3,No,Rural,,No está de acuerdo,Sí está de acuerdo,Ni de acuerdo ni en desacuerdo,Ni de acuerdo ni en desacuerdo,Ni de acuerdo ni en desacuerdo,Ni de acuerdo ni en desacuerdo,Ni de acuerdo ni en desacuerdo,Sí está de acuerdo,Sí está de acuerdo,Sí está de acuerdo,Sí está de acuerdo,Sí está de acuerdo
359,43,Mujer,Ciudad de México,Preparatoria o bachillerato,Rural,35-44,No,No,76715.65,Licenciatura completa,Trabajó con pago,,Cónyuge o pareja,,43.0,Hombre,,Preparatoria completa,,3,Uno,Ninguno,Sí,2,2,No,Rural,,Ni de acuerdo ni en desacuerdo,Ni de acuerdo ni en desacuerdo,No está de acuerdo,No está de acuerdo,No está de acuerdo,Ni de acuerdo ni en desacuerdo,No está de acuerdo,No está de acuerdo,No está de acuerdo,No está de acuerdo,Sí está de acuerdo,No está de acuerdo
360,20,Mujer,Veracruz,Primaria,Rural,18-24,No,No,126954.44,Licenciatura incompleta,Estudiaba,,Hijo o hija,,60.0,Hombre,,Primaria completa,,6,Uno,Ninguno,No por falta de recursos,3,3,No,Rural,,Sí está de acuerdo,No está de acuerdo,No está de acuerdo,No está de acuerdo,No está de acuerdo,No está de acuerdo,Sí está de acuerdo,No está de acuerdo,Sí está de acuerdo,Ni de acuerdo ni en desacuerdo,Sí está de acuerdo,No está de acuerdo
361,23,Mujer,Veracruz,No estudió/ Otro,Rural,18-24,Sí,No,45871.61,Primaria completa,Se dedicaba al hogar,,Hijo o hija,,50.0,Hombre,,No estudió,,3,Ninguno,Ninguno,No por falta de recursos,1,2,No,Rural,,No está de acuerdo,Sí está de acuerdo,Sí está de acuerdo,Sí está de acuerdo,No está de acuerdo,Sí está de acuerdo,Sí está de acuerdo,No está de acuerdo,Sí está de acuerdo,No está de acuerdo,Sí está de acuerdo,Sí está de acuerdo
361,33,Mujer,San Luis Potosí,Licenciatura o Ingeniería,Urbana,25-34,No,No,60617.17,Licenciatura completa,Se dedicaba al hogar,,Es usted (la persona entrevistada es jefa o jefe del hogar),,,,,,,5,Uno,Uno,Sí,Ninguno,2,No,Urbana,,No está de acuerdo,Sí está de acuerdo,Ni de acuerdo ni en desacuerdo,Sí está de acuerdo,No está de acuerdo,No está de acuerdo,No está de acuerdo,Sí está de acuerdo,Sí está de acuerdo,No está de acuerdo,No está de acuerdo,No está de acuerdo
362,51,Mujer,San Luis Potosí,Primaria,Urbana,45-59,No,No,120007.06,Secundaria completa,Se dedicaba al hogar,,Cónyuge o pareja,,59.0,Hombre,,Primaria completa,,3,Uno,Uno,Sí,2,2,No,Urbana,,No está de acuerdo,No está de acuerdo,Sí está de acuerdo,Sí está de acuerdo,Sí está de acuerdo,Ni de acuerdo ni en desacuerdo,Sí está de acuerdo,Sí está de acuerdo,Sí está de acuerdo,No está de acuerdo,Sí está de acuerdo,Sí está de acuerdo
363,56,Mujer,Morelos,Secundaria,Urbana,45-59,No,Sí,89656.99,Secundaria completa,Vendía o hacía algún producto para vender,,No sabe/No responde,,58.0,Hombre,,Secundaria completa,,2,Uno,No sabe/No responde,No por falta de recursos,2,2,Sí,Urbana,,No está de acuerdo,Sí está de acuerdo,No está de acuerdo,No está de acuerdo,Sí está de acuerdo,Sí está de acuerdo,Sí está de acuerdo,Sí está de acuerdo,Sí está de acuerdo,No está de acuerdo,Sí está de acuerdo,Sí está de acuerdo
364,53,Hombre,Ciudad de México,Maestría o especialidad,Urbana,45-59,No,No,23732.62,Diplomado o maestría,Trabajó con pago,,Es usted (la persona entrevistada es jefa o jefe del hogar),,,,,,,2,2 o más,2 o más,Sí,1,2,No,Urbana,,No está de acuerdo,No está de acuerdo,Ni de acuerdo ni en desacuerdo,Sí está de acuerdo,No está de acuerdo,No está de acuerdo,Sí está de acuerdo,No está de acuerdo,Sí está de acuerdo,No está de acuerdo,Sí está de acuerdo,No está de acuerdo
366,32,Mujer,Guanajuato,Secundaria,Urbana,25-34,No,No,119155.06,Secundaria completa,Trabajó con pago,,Es usted (la persona entrevistada es jefa o jefe del hogar),,,,,,,3,Uno,Uno,Sí,5 o más,3,No,Urbana,,No está de acuerdo,Ni de acuerdo ni en desacuerdo,Ni de acuerdo ni en desacuerdo,No está de acuerdo,Sí está de acuerdo,Sí está de acuerdo,Sí está de acuerdo,Ni de acuerdo ni en desacuerdo,Ni de acuerdo ni en desacuerdo,No está de acuerdo,Sí está de acuerdo,Ni de acuerdo ni en desacuerdo
368,30,Hombre,Ciudad de México,Preparatoria o bachillerato,Urbana,25-34,No,No,82558.73,Preparatoria completa,Trabajó con pago,,Es usted (la persona entrevistada es jefa o jefe del hogar),,,,,,,5,Uno,Uno,Sí,1,2,No,Urbana,,No está de acuerdo,Sí está de acuerdo,Ni de acuerdo ni en desacuerdo,Sí está de acuerdo,No está de acuerdo,Sí está de acuerdo,Sí está de acuerdo,Ni de acuerdo ni en desacuerdo,Sí está de acuerdo,No está de acuerdo,Sí está de acuerdo,Ni de acuerdo ni en desacuerdo
370,30,Hombre,Guanajuato,Secundaria,Urbana,25-34,No,Sí,91622.34,Preparatoria completa,Trabajó con pago,,Hijo o hija,,61.0,Mujer,,Secundaria completa,,4,2 o más,2 o más,Sí,3,3,Sí,Urbana,,No está de acuerdo,Ni de acuerdo ni en desacuerdo,No está de acuerdo,Sí está de acuerdo,No está de acuerdo,No está de acuerdo,No está de acuerdo,No está de acuerdo,Ni de acuerdo ni en desacuerdo,No está de acuerdo,Ni de acuerdo ni en desacuerdo,Sí está de acuerdo
371,23,Hombre,Ciudad de México,Carrera técnica o comercial,Urbana,18-24,No,No,84189.38,Carrera técnica,Trabajó con pago,,Padre o madre,,44.0,Mujer,,Carrera comercial,,5,Uno,Uno,Sí,Ninguno,3,No,Urbana,,No está de acuerdo,No está de acuerdo,Sí está de acuerdo,Ni de acuerdo ni en desacuerdo,No está de acuerdo,No está de acuerdo,Ni de acuerdo ni en desacuerdo,Ni de acuerdo ni en desacuerdo,Sí está de acuerdo,No está de acuerdo,No está de acuerdo,Sí está de acuerdo
372,74,Hombre,México,Primaria,Urbana,60+,No,Sí,96458.63,Primaria completa,Era jubilado o pensionado(a) (Programa Adultos Mayores),,Es usted (la persona entrevistada es jefa o jefe del hogar),,,,,,,5,Ninguno,Uno,Sí,3,2,Sí,Urbana,,No está de acuerdo,No está de acuerdo,Sí está de acuerdo,Sí está de acuerdo,Sí está de acuerdo,Sí está de acuerdo,Sí está de acuerdo,No está de acuerdo,No está de acuerdo,No está de acuerdo,No está de acuerdo,No está de acuerdo
375,75,Mujer,Guanajuato,Primaria,Rural,60+,No,No,151530.62,Primaria completa,Se dedicaba al hogar,,Es usted (la persona entrevistada es jefa o jefe del hogar),,,,,,,1,Uno,Ninguno,No por falta de recursos,Ninguno,1,No,Rural,,No está de acuerdo,Sí está de acuerdo,Ni de acuerdo ni en desacuerdo,Sí está de acuerdo,Ni de acuerdo ni en desacuerdo,No está de acuerdo,Ni de acuerdo ni en desacuerdo,No está de acuerdo,Ni de acuerdo ni en desacuerdo,No está de acuerdo,Ni de acuerdo ni en desacuerdo,Ni de acuerdo ni en desacuerdo
378,60,Mujer,Guanajuato,Preparatoria o bachillerato,Urbana,60+,No,No,88127.23,Preparatoria completa,Se dedicaba al hogar,,Cónyuge o pareja,,58.0,Hombre,,Preparatoria completa,,3,2 o más,2 o más,Sí,2,3,No,Urbana,,No sabe/No responde,No está de acuerdo,Sí está de acuerdo,Sí está de acuerdo,No está de acuerdo,Sí está de acuerdo,No está de acuerdo,Sí está de acuerdo,No está de acuerdo,No está de acuerdo,Sí está de acuerdo,Sí está de acuerdo
382,40,Mujer,Guanajuato,Licenciatura o Ingeniería,Urbana,35-44,No,No,48146.54,Licenciatura completa,Trabajó con pago,,Cónyuge o pareja,,40.0,Hombre,,Licenciatura completa,,4,2 o más,2 o más,Sí,2,3,No,Urbana,,No está de acuerdo,Ni de acuerdo ni en desacuerdo,Ni de acuerdo ni en desacuerdo,No está de acuerdo,No está de acuerdo,No está de acuerdo,Ni de acuerdo ni en desacuerdo,No está de acuerdo,Sí está de acuerdo,No está de acuerdo,Ni de acuerdo ni en desacuerdo,Sí está de acuerdo
383,38,Mujer,Guanajuato,Secundaria,Rural,35-44,No,Sí,85137.79,Secundaria completa,Trabajó con pago,,Cónyuge o pareja,,42.0,Hombre,,Secundaria completa,,4,Uno,Ninguno,Sí,2,2,Sí,Rural,,Sí está de acuerdo,No está de acuerdo,No está de acuerdo,Sí está de acuerdo,No está de acuerdo,Sí está de acuerdo,Sí está de acuerdo,No está de acuerdo,No está de acuerdo,Sí está de acuerdo,No está de acuerdo,Sí está de acuerdo
384,66,Mujer,Puebla,No estudió/ Otro,Urbana,60+,No,No,48135.17,Primaria incompleta,Trabajó con pago,,Es usted (la persona entrevistada es jefa o jefe del hogar),,,,,,,8,Uno,Ninguno,"No, otra razón",4,2,No,Urbana,,Sí está de acuerdo,Sí está de acuerdo,No está de acuerdo,No está de acuerdo,Sí está de acuerdo,Sí está de acuerdo,No sabe/No responde,No está de acuerdo,No está de acuerdo,No está de acuerdo,No sabe/No responde,Sí está de acuerdo
385,43,Mujer,San Luis Potosí,Carrera técnica o comercial,Urbana,35-44,No,No,61315.0,Carrera técnica,Trabajó con pago,,Es usted (la persona entrevistada es jefa o jefe del hogar),,,,,,,2,Uno,Uno,Sí,2,2,No,Urbana,,No está de acuerdo,No está de acuerdo,Ni de acuerdo ni en desacuerdo,No está de acuerdo,No está de acuerdo,No está de acuerdo,No está de acuerdo,Sí está de acuerdo,Sí está de acuerdo,No está de acuerdo,Sí está de acuerdo,No está de acuerdo
386,69,Hombre,Guanajuato,Licenciatura o Ingeniería,Urbana,60+,No,No,39514.43,Diplomado o maestría,Estaba de incapacidad o en vacaciones,,Cónyuge o pareja,,65.0,Mujer,,Licenciatura completa,,4,2 o más,2 o más,Sí,4,4,No,Urbana,,No está de acuerdo,No está de acuerdo,Sí está de acuerdo,Sí está de acuerdo,No está de acuerdo,No está de acuerdo,Sí está de acuerdo,Sí está de acuerdo,Sí está de acuerdo,Ni de acuerdo ni en desacuerdo,Sí está de acuerdo,No está de acuerdo
387,68,Hombre,Guanajuato,Primaria,Urbana,60+,No,No,95785.92,Primaria completa,Trabajó con pago,,Es usted (la persona entrevistada es jefa o jefe del hogar),,,,,,,1,Ninguno,Ninguno,No por falta de recursos,1,1,No,Urbana,,Sí está de acuerdo,Sí está de acuerdo,Sí está de acuerdo,Sí está de acuerdo,Sí está de acuerdo,Sí está de acuerdo,Sí está de acuerdo,Sí está de acuerdo,Sí está de acuerdo,Sí está de acuerdo,Sí está de acuerdo,Sí está de acuerdo
389,37,Hombre,Guanajuato,Maestría o especialidad,Urbana,35-44,No,No,24660.94,Diplomado o maestría,Trabajó con pago,,Es usted (la persona entrevistada es jefa o jefe del hogar),,,,,,,4,2 o más,Uno,Sí,2,2,No,Urbana,,No está de acuerdo,Sí está de acuerdo,No está de acuerdo,Sí está de acuerdo,No está de acuerdo,No está de acuerdo,No está de acuerdo,No está de acuerdo,Sí está de acuerdo,No está de acuerdo,No está de acuerdo,Sí está de acuerdo
390,18,Hombre,Guanajuato,Licenciatura o Ingeniería,Urbana,18-24,No,No,52617.82,Licenciatura completa,Trabajó con pago,,Es usted (la persona entrevistada es jefa o jefe del hogar),,,,,,,4,2 o más,Uno,Sí,2,3,No,Urbana,,Sí está de acuerdo,No está de acuerdo,Sí está de acuerdo,Ni de acuerdo ni en desacuerdo,No está de acuerdo,No está de acuerdo,Sí está de acuerdo,No está de acuerdo,Ni de acuerdo ni en desacuerdo,No está de acuerdo,Sí está de acuerdo,Ni de acuerdo ni en desacuerdo
390,34,Hombre,San Luis Potosí,Licenciatura o Ingeniería,Urbana,25-34,No,No,46610.58,Licenciatura completa,Trabajó con pago,,Es usted (la persona entrevistada es jefa o jefe del hogar),,,,,,,7,Uno,Uno,Sí,2,5 o más,No,Urbana,,No está de acuerdo,Sí está de acuerdo,No está de acuerdo,Sí está de acuerdo,No está de acuerdo,No está de acuerdo,Ni de acuerdo ni en desacuerdo,No está de acuerdo,Sí está de acuerdo,No está de acuerdo,Sí está de acuerdo,Sí está de acuerdo
393,36,Hombre,Jalisco,Preparatoria o bachillerato,Urbana,35-44,No,No,75000.77,Licenciatura incompleta,Trabajó con pago,,Es usted (la persona entrevistada es jefa o jefe del hogar),,,,,,,6,2 o más,2 o más,Sí,2,3,No,Urbana,,Sí está de acuerdo,No está de acuerdo,Sí está de acuerdo,Sí está de acuerdo,Sí está de acuerdo,No está de acuerdo,Sí está de acuerdo,Sí está de acuerdo,No está de acuerdo,No está de acuerdo,Sí está de acuerdo,Sí está de acuerdo
394,45,Hombre,Jalisco,Secundaria,Rural,45-59,No,No,80101.41,Secundaria completa,Trabajó con pago,,Es usted (la persona entrevistada es jefa o jefe del hogar),,,,,,,2,Uno,Uno,Sí,1,1,No,Rural,,Sí está de acuerdo,No está de acuerdo,No está de acuerdo,No está de acuerdo,Sí está de acuerdo,Ni de acuerdo ni en desacuerdo,Sí está de acuerdo,Ni de acuerdo ni en desacuerdo,Sí está de acuerdo,No está de acuerdo,No está de acuerdo,No está de acuerdo
394,39,Hombre,Guanajuato,Maestría o especialidad,Urbana,35-44,No,No,24660.94,Diplomado o maestría,Trabajó con pago,,Es usted (la persona entrevistada es jefa o jefe del hogar),,,,,,,2,2 o más,Uno,Sí,1,3,No,Urbana,,No está de acuerdo,No está de acuerdo,No está de acuerdo,Sí está de acuerdo,No está de acuerdo,Ni de acuerdo ni en desacuerdo,Ni de acuerdo ni en desacuerdo,No está de acuerdo,Ni de acuerdo ni en desacuerdo,No está de acuerdo,Ni de acuerdo ni en desacuerdo,Sí está de acuerdo
396,56,Hombre,Jalisco,Secundaria,Urbana,45-59,No,No,80101.41,Secundaria completa,Trabajó con pago,,Es usted (la persona entrevistada es jefa o jefe del hogar),,,,,,,2,Uno,Uno,Sí,Ninguno,1,No,Urbana,,Ni de acuerdo ni en desacuerdo,No está de acuerdo,No está de acuerdo,No está de acuerdo,No está de acuerdo,No está de acuerdo,No sabe/No responde,Ni de acuerdo ni en desacuerdo,No sabe/No responde,No sabe/No responde,Sí está de acuerdo,No está de acuerdo
397,65,Mujer,Jalisco,Preparatoria o bachillerato,Rural,60+,No,No,91965.67,Carrera comercial,Se dedicaba al hogar,,Cónyuge o pareja,,64.0,Hombre,,Preparatoria completa,,7,Uno,2 o más,Sí,3,3,No,Rural,,Sí está de acuerdo,No está de acuerdo,Sí está de acuerdo,Sí está de acuerdo,Sí está de acuerdo,Sí está de acuerdo,Sí está de acuerdo,Sí está de acuerdo,No está de acuerdo,Sí está de acuerdo,Sí está de acuerdo,No está de acuerdo
397,47,Mujer,Guanajuato,Secundaria,Rural,45-59,No,No,97314.55,Preparatoria completa,Se dedicaba al hogar,,Cónyuge o pareja,,46.0,Hombre,,Secundaria completa,,4,Uno,Ninguno,Sí,1,1,No,Rural,,No está de acuerdo,Ni de acuerdo ni en desacuerdo,Sí está de acuerdo,Ni de acuerdo ni en desacuerdo,No está de acuerdo,Ni de acuerdo ni en desacuerdo,No sabe/No responde,Ni de acuerdo ni en desacuerdo,Sí está de acuerdo,Sí está de acuerdo,Sí está de acuerdo,Sí está de acuerdo
406,79,Mujer,Jalisco,No estudió/ Otro,Rural,60+,No,No,57136.3,No estudió,Era jubilado o pensionado(a) (Programa Adultos Mayores),,Es usted (la persona entrevistada es jefa o jefe del hogar),,,,,,,2,Uno,Uno,"No, no lo quieren",Ninguno,1,No,Rural,,Ni de acuerdo ni en desacuerdo,Sí está de acuerdo,No sabe/No responde,No sabe/No responde,No sabe/No responde,No está de acuerdo,Sí está de acuerdo,No sabe/No responde,No sabe/No responde,No sabe/No responde,No sabe/No responde,No sabe/No responde
407,43,Mujer,Guanajuato,Carrera técnica o comercial,Rural,35-44,No,No,68159.49,Carrera comercial,Trabajó con pago,,Es usted (la persona entrevistada es jefa o jefe del hogar),,,,,,,6,2 o más,Uno,No por falta de recursos,3,5 o más,No,Rural,,Ni de acuerdo ni en desacuerdo,Ni de acuerdo ni en desacuerdo,No está de acuerdo,No está de acuerdo,Sí está de acuerdo,No está de acuerdo,Sí está de acuerdo,Sí está de acuerdo,Sí está de acuerdo,No está de acuerdo,Sí está de acuerdo,No está de acuerdo
409,36,Mujer,Guanajuato,Licenciatura o Ingeniería,Urbana,35-44,No,No,48146.54,Licenciatura completa,Trabajó con pago,,Es usted (la persona entrevistada es jefa o jefe del hogar),,,,,,,2,Uno,Uno,Sí,2,1,No,Urbana,,Sí está de acuerdo,No está de acuerdo,Ni de acuerdo ni en desacuerdo,Sí está de acuerdo,No está de acuerdo,No está de acuerdo,No está de acuerdo,No está de acuerdo,Ni de acuerdo ni en desacuerdo,No está de acuerdo,Ni de acuerdo ni en desacuerdo,Sí está de acuerdo
409,24,Hombre,Puebla,Secundaria,Rural,18-24,Sí,No,81800.52,Secundaria completa,Trabajó con pago,,Es usted (la persona entrevistada es jefa o jefe del hogar),,,,,,,3,Ninguno,Ninguno,Sí,Ninguno,1,No,Rural,,Sí está de acuerdo,Sí está de acuerdo,No está de acuerdo,Ni de acuerdo ni en desacuerdo,Sí está de acuerdo,No está de acuerdo,No está de acuerdo,Sí está de acuerdo,Sí está de acuerdo,No está de acuerdo,Sí está de acuerdo,No está de acuerdo
411,20,Hombre,Puebla,Carrera técnica o comercial,Urbana,18-24,No,No,65487.74,Licenciatura incompleta,Estudiaba,,"[Esp.] Otro, especifique",NIETO,79.0,Mujer,,Carrera técnica,,1,Uno,Uno,Sí,Ninguno,2,No,Urbana,,No está de acuerdo,No está de acuerdo,No está de acuerdo,No está de acuerdo,No está de acuerdo,Sí está de acuerdo,Sí está de acuerdo,Sí está de acuerdo,Sí está de acuerdo,No está de acuerdo,No está de acuerdo,Sí está de acuerdo
415,79,Hombre,Guerrero,Secundaria,Urbana,60+,No,Sí,58381.34,Secundaria completa,Trabajó con pago,,Es usted (la persona entrevistada es jefa o jefe del hogar),,,,,,,3,2 o más,Uno,Sí,2,2,Sí,Urbana,,No está de acuerdo,Sí está de acuerdo,No está de acuerdo,Sí está de acuerdo,No está de acuerdo,Sí está de acuerdo,Sí está de acuerdo,Sí está de acuerdo,Sí está de acuerdo,No está de acuerdo,Sí está de acuerdo,Sí está de acuerdo
419,23,Hombre,Jalisco,Secundaria,Urbana,18-24,No,Sí,97096.98,Licenciatura incompleta,Estudiaba,,Hijo o hija,,64.0,Hombre,,Secundaria completa,,7,Uno,Uno,Sí,2,3,Sí,Urbana,,No está de acuerdo,Sí está de acuerdo,No está de acuerdo,Sí está de acuerdo,No está de acuerdo,No está de acuerdo,Sí está de acuerdo,No está de acuerdo,No está de acuerdo,No está de acuerdo,No está de acuerdo,Sí está de acuerdo
421,50,Mujer,Puebla,Secundaria,Urbana,45-59,No,No,85554.67,Secundaria completa,Trabajó con pago,,Es usted (la persona entrevistada es jefa o jefe del hogar),,,,,,,2,Uno,Ninguno,Sí,1,3,No,Urbana,,No está de acuerdo,Ni de acuerdo ni en desacuerdo,Ni de acuerdo ni en desacuerdo,Sí está de acuerdo,Ni de acuerdo ni en desacuerdo,No está de acuerdo,Sí está de acuerdo,No está de acuerdo,Ni de acuerdo ni en desacuerdo,No está de acuerdo,Sí está de acuerdo,Ni de acuerdo ni en desacuerdo
421,70,Hombre,Guanajuato,Licenciatura o Ingeniería,Urbana,60+,Sí,No,39514.43,Licenciatura completa,Era jubilado o pensionado(a) (Programa Adultos Mayores),,Es usted (la persona entrevistada es jefa o jefe del hogar),,,,,,,1,Uno,Ninguno,"No, no lo quieren",Ninguno,1,No,Urbana,,No está de acuerdo,Sí está de acuerdo,Sí está de acuerdo,Sí está de acuerdo,Sí está de acuerdo,Sí está de acuerdo,Sí está de acuerdo,No está de acuerdo,Sí está de acuerdo,Sí está de acuerdo,Sí está de acuerdo,Sí está de acuerdo
425,62,Mujer,Ciudad de México,Doctorado,Rural,60+,No,No,25648.71,Doctorado,Trabajó con pago,,Es usted (la persona entrevistada es jefa o jefe del hogar),,,,,,,6,2 o más,Uno,Sí,3,4,No,Rural,,Sí está de acuerdo,Sí está de acuerdo,Sí está de acuerdo,No está de acuerdo,Sí está de acuerdo,No está de acuerdo,No está de acuerdo,No está de acuerdo,Sí está de acuerdo,No está de acuerdo,No está de acuerdo,Sí está de acuerdo
435,33,Mujer,Jalisco,Maestría o especialidad,Urbana,25-34,No,No,34016.21,Diplomado o maestría,Trabajó con pago,,Cónyuge o pareja,,34.0,Hombre,,Diplomado o maestría,,2,2 o más,2 o más,Sí,2,1,No,Urbana,,Ni de acuerdo ni en desacuerdo,No está de acuerdo,Sí está de acuerdo,Sí está de acuerdo,No está de acuerdo,No está de acuerdo,Sí está de acuerdo,Sí está de acuerdo,Sí está de acuerdo,No está de acuerdo,Sí está de acuerdo,Sí está de acuerdo
435,57,Hombre,Baja California,Preparatoria o bachillerato,Urbana,45-59,No,No,69035.92,Preparatoria completa,Trabajó con pago,,Es usted (la persona entrevistada es jefa o jefe del hogar),,,,,,,2,Uno,2 o más,Sí,2,3,No,Urbana,,Sí está de acuerdo,Sí está de acuerdo,Sí está de acuerdo,Sí está de acuerdo,No está de acuerdo,No está de acuerdo,Sí está de acuerdo,Sí está de acuerdo,Sí está de acuerdo,Sí está de acuerdo,Sí está de acuerdo,Sí está de acuerdo
437,37,Hombre,Puebla,Carrera técnica o comercial,Urbana,35-44,No,No,63448.54,Carrera técnica,Vendía o hacía algún producto para vender,,Es usted (la persona entrevistada es jefa o jefe del hogar),,,,,,,3,Uno,Uno,Sí,2,3,No,Urbana,,No está de acuerdo,Sí está de acuerdo,No está de acuerdo,Sí está de acuerdo,No está de acuerdo,No está de acuerdo,No está de acuerdo,Sí está de acuerdo,Sí está de acuerdo,No está de acuerdo,Sí está de acuerdo,Sí está de acuerdo
438,33,Mujer,Baja California,Maestría o especialidad,Urbana,25-34,No,No,36772.44,Diplomado o maestría,Trabajó con pago,,Es usted (la persona entrevistada es jefa o jefe del hogar),,,,,,,1,Uno,Ninguno,Sí,1,1,No,Urbana,,Sí está de acuerdo,Ni de acuerdo ni en desacuerdo,No está de acuerdo,Ni de acuerdo ni en desacuerdo,No está de acuerdo,No está de acuerdo,No está de acuerdo,No está de acuerdo,Sí está de acuerdo,No está de acuerdo,Sí está de acuerdo,Ni de acuerdo ni en desacuerdo
443,53,Hombre,Puebla,Preparatoria o bachillerato,Urbana,45-59,No,No,53800.82,Preparatoria completa,Trabajó con pago,,Es usted (la persona entrevistada es jefa o jefe del hogar),,,,,,,4,Uno,Ninguno,Sí,1,2,No,Urbana,,Sí está de acuerdo,No está de acuerdo,Sí está de acuerdo,Sí está de acuerdo,No está de acuerdo,Sí está de acuerdo,Sí está de acuerdo,Sí está de acuerdo,Sí está de acuerdo,No está de acuerdo,Sí está de acuerdo,Sí está de acuerdo
445,43,Hombre,Puebla,Licenciatura o Ingeniería,Urbana,35-44,No,No,44818.82,Licenciatura completa,Trabajó con pago,,Es usted (la persona entrevistada es jefa o jefe del hogar),,,,,,,4,2 o más,2 o más,Sí,2,3,No,Urbana,,No está de acuerdo,No está de acuerdo,Ni de acuerdo ni en desacuerdo,No está de acuerdo,Sí está de acuerdo,No está de acuerdo,Ni de acuerdo ni en desacuerdo,Sí está de acuerdo,Sí está de acuerdo,No está de acuerdo,No está de acuerdo,Sí está de acuerdo
446,25,Hombre,Baja California,Preparatoria o bachillerato,No sabe/No responde,25-34,No sabe/No responde,No sabe/No responde,82404.69,Preparatoria completa,Trabajó con pago,,Es usted (la persona entrevistada es jefa o jefe del hogar),,,,,,,3,No sabe/No responde,No sabe/No responde,No sabe/No responde,No sabe/No responde,No sabe/No responde,No sabe/No responde,No sabe/No responde,,Ni de acuerdo ni en desacuerdo,Sí está de acuerdo,Ni de acuerdo ni en desacuerdo,Sí está de acuerdo,Sí está de acuerdo,Sí está de acuerdo,Ni de acuerdo ni en desacuerdo,Sí está de acuerdo,Ni de acuerdo ni en desacuerdo,Ni de acuerdo ni en desacuerdo,Ni de acuerdo ni en desacuerdo,Sí está de acuerdo
448,41,Mujer,Puebla,Primaria,Rural,35-44,No,No,102606.99,Secundaria incompleta,Trabajó con pago,,Es usted (la persona entrevistada es jefa o jefe del hogar),,,,,,,5,Ninguno,Ninguno,No por falta de recursos,1,2,No,Rural,,No está de acuerdo,Sí está de acuerdo,Sí está de acuerdo,Sí está de acuerdo,Sí está de acuerdo,No está de acuerdo,Sí está de acuerdo,Sí está de acuerdo,Sí está de acuerdo,Sí está de acuerdo,Sí está de acuerdo,Sí está de acuerdo
452,27,Mujer,Puebla,Secundaria,Rural,25-34,No,No,104755.89,Preparatoria completa,Se dedicaba al hogar,,Cónyuge o pareja,,27.0,Hombre,,Secundaria completa,,4,Uno,Uno,"No, no lo quieren",2,2,No,Rural,,No está de acuerdo,No está de acuerdo,No está de acuerdo,Sí está de acuerdo,Sí está de acuerdo,Sí está de acuerdo,No está de acuerdo,No está de acuerdo,Sí está de acuerdo,Sí está de acuerdo,No está de acuerdo,No está de acuerdo
453,58,Mujer,Sonora,Carrera técnica o comercial,Urbana,45-59,No,Sí,66630.65,Carrera técnica,Se dedicaba al hogar,,Cónyuge o pareja,,61.0,Hombre,,Carrera técnica,,4,2 o más,2 o más,Sí,2,2,Sí,Urbana,,Ni de acuerdo ni en desacuerdo,Ni de acuerdo ni en desacuerdo,No está de acuerdo,No está de acuerdo,Ni de acuerdo ni en desacuerdo,No está de acuerdo,Ni de acuerdo ni en desacuerdo,No está de acuerdo,No está de acuerdo,No está de acuerdo,Sí está de acuerdo,Sí está de acuerdo
455,26,Mujer,Nayarit,Secundaria,Rural,25-34,No,No,131813.57,Preparatoria completa,Se dedicaba al hogar,,Padre o madre,,55.0,Hombre,,Preparatoria incompleta,,4,Uno,Uno,Sí,2,2,No,Rural,,Ni de acuerdo ni en desacuerdo,No está de acuerdo,Ni de acuerdo ni en desacuerdo,Sí está de acuerdo,No está de acuerdo,No está de acuerdo,Ni de acuerdo ni en desacuerdo,Sí está de acuerdo,Ni de acuerdo ni en desacuerdo,No está de acuerdo,No está de acuerdo,Sí está de acuerdo
457,27,Mujer,Puebla,Secundaria,Urbana,25-34,No,No,104755.89,Secundaria completa,Se dedicaba al hogar,,Es usted (la persona entrevistada es jefa o jefe del hogar),,,,,,,3,Uno,Ninguno,No por falta de recursos,2,1,No,Urbana,,No está de acuerdo,Sí está de acuerdo,No está de acuerdo,No está de acuerdo,No está de acuerdo,Ni de acuerdo ni en desacuerdo,Sí está de acuerdo,Sí está de acuerdo,Ni de acuerdo ni en desacuerdo,No está de acuerdo,No está de acuerdo,No está de acuerdo
459,34,Mujer,Puebla,Secundaria,Rural,25-34,Sí,No,104755.89,Secundaria completa,Se dedicaba al hogar,,Cónyuge o pareja,,44.0,Hombre,,Secundaria completa,,4,Ninguno,Ninguno,"No, otra razón",3,1,No,Rural,,Sí está de acuerdo,Sí está de acuerdo,No está de acuerdo,No está de acuerdo,No está de acuerdo,Sí está de acuerdo,No sabe/No responde,No sabe/No responde,Sí está de acuerdo,No está de acuerdo,Sí está de acuerdo,Sí está de acuerdo
461,33,Mujer,Jalisco,Maestría o especialidad,Urbana,25-34,No,No,34016.21,Diplomado o maestría,Trabajó con pago,,Es usted (la persona entrevistada es jefa o jefe del hogar),,,,,,,4,2 o más,2 o más,Sí,2,2,No,Urbana,,No está de acuerdo,No está de acuerdo,Ni de acuerdo ni en desacuerdo,Sí está de acuerdo,No está de acuerdo,No está de acuerdo,Sí está de acuerdo,Sí está de acuerdo,Sí está de acuerdo,No está de acuerdo,Sí está de acuerdo,No está de acuerdo
463,39,Mujer,Querétaro,Secundaria,Rural,35-44,No,No,73338.33,Secundaria completa,Trabajó con pago,,Es usted (la persona entrevistada es jefa o jefe del hogar),,,,,,,6,Uno,Ninguno,Sí,3,2,No,Rural,,No está de acuerdo,No está de acuerdo,Sí está de acuerdo,Sí está de acuerdo,Sí está de acuerdo,No está de acuerdo,Sí está de acuerdo,Sí está de acuerdo,No está de acuerdo,No está de acuerdo,No está de acuerdo,Sí está de acuerdo
465,73,Hombre,Jalisco,Secundaria,Urbana,60+,No,No,72916.97,Diplomado o maestría,Realizaba alguna otra actividad para generar ingresos,,Cónyuge o pareja,,64.0,Mujer,,Secundaria completa,,4,Uno,2 o más,Sí,4,3,No,Urbana,,Sí está de acuerdo,Sí está de acuerdo,Sí está de acuerdo,Sí está de acuerdo,Sí está de acuerdo,Sí está de acuerdo,No está de acuerdo,Sí está de acuerdo,Sí está de acuerdo,Sí está de acuerdo,No está de acuerdo,Sí está de acuerdo
466,56,Hombre,Jalisco,Licenciatura o Ingeniería,Urbana,45-59,No,No,45298.41,Licenciatura completa,Trabajó con pago,,Es usted (la persona entrevistada es jefa o jefe del hogar),,,,,,,3,2 o más,Uno,Sí,2,3,No,Urbana,,Sí está de acuerdo,Sí está de acuerdo,No está de acuerdo,No está de acuerdo,Sí está de acuerdo,Sí está de acuerdo,Sí está de acuerdo,No está de acuerdo,Sí está de acuerdo,No está de acuerdo,Sí está de acuerdo,Sí está de acuerdo
466,60,Hombre,Puebla,No estudió/ Otro,Rural,60+,No,No,30427.32,Primaria incompleta,Trabajó sin pago,,Es usted (la persona entrevistada es jefa o jefe del hogar),,,,,,,5,Uno,Ninguno,No por falta de recursos,1,3,No,Rural,,Sí está de acuerdo,No está de acuerdo,No está de acuerdo,Sí está de acuerdo,Sí está de acuerdo,No está de acuerdo,No está de acuerdo,Sí está de acuerdo,Sí está de acuerdo,No está de acuerdo,No está de acuerdo,Sí está de acuerdo
469,42,Hombre,Baja California,Licenciatura o Ingeniería,Rural,35-44,No,No,57510.44,Licenciatura completa,Trabajó con pago,,Es usted (la persona entrevistada es jefa o jefe del hogar),,,,,,,5,2 o más,2 o más,Sí,3,4,No,Rural,,No está de acuerdo,No está de acuerdo,Sí está de acuerdo,No está de acuerdo,No está de acuerdo,No está de acuerdo,No está de acuerdo,Sí está de acuerdo,Sí está de acuerdo,Sí está de acuerdo,No está de acuerdo,Sí está de acuerdo
476,46,Mujer,Puebla,Secundaria,Urbana,45-59,No,No,85554.67,Secundaria completa,Trabajó con pago,,Es usted (la persona entrevistada es jefa o jefe del hogar),,,,,,,4,2 o más,Uno,Sí,3,3,No,Urbana,,Sí está de acuerdo,Sí está de acuerdo,Sí está de acuerdo,Sí está de acuerdo,No está de acuerdo,No está de acuerdo,Ni de acuerdo ni en desacuerdo,Sí está de acuerdo,Sí está de acuerdo,No está de acuerdo,Sí está de acuerdo,Sí está de acuerdo
482,35,Mujer,Tlaxcala,Secundaria,Rural,35-44,No,No,81634.36,Preparatoria completa,Se dedicaba al hogar,,Cónyuge o pareja,,41.0,Hombre,,Secundaria completa,,4,Uno,Ninguno,Sí,1,2,No,Rural,,No está de acuerdo,Ni de acuerdo ni en desacuerdo,Ni de acuerdo ni en desacuerdo,Sí está de acuerdo,Ni de acuerdo ni en desacuerdo,No está de acuerdo,Ni de acuerdo ni en desacuerdo,Sí está de acuerdo,Sí está de acuerdo,No está de acuerdo,Sí está de acuerdo,No está de acuerdo
486,52,Mujer,Veracruz,No estudió/ Otro,Rural,45-59,No,No,45847.25,Primaria incompleta,Se dedicaba al hogar,,Es usted (la persona entrevistada es jefa o jefe del hogar),,,,,,,4,Uno,Ninguno,Sí,1,2,No,Rural,,Sí está de acuerdo,Sí está de acuerdo,Sí está de acuerdo,Sí está de acuerdo,No está de acuerdo,No está de acuerdo,No está de acuerdo,No está de acuerdo,No está de acuerdo,Sí está de acuerdo,Sí está de acuerdo,Sí está de acuerdo
486,66,Mujer,Querétaro,Licenciatura o Ingeniería,Urbana,60+,No,No,53847.21,Licenciatura completa,Era jubilado o pensionado(a) (Programa Adultos Mayores),,Es usted (la persona entrevistada es jefa o jefe del hogar),,,,,,,2,Uno,Ninguno,Sí,Ninguno,1,No,Urbana,,Sí está de acuerdo,No está de acuerdo,Sí está de acuerdo,Sí está de acuerdo,Sí está de acuerdo,Ni de acuerdo ni en desacuerdo,Ni de acuerdo ni en desacuerdo,Sí está de acuerdo,No está de acuerdo,Ni de acuerdo ni en desacuerdo,Sí está de acuerdo,No sabe/No responde
488,32,Hombre,Veracruz,Licenciatura o Ingeniería,Urbana,25-34,No,No,49282.75,Licenciatura completa,Trabajó con pago,,Es usted (la persona entrevistada es jefa o jefe del hogar),,,,,,,2,2 o más,Uno,Sí,2,1,No,Urbana,,No está de acuerdo,Ni de acuerdo ni en desacuerdo,No está de acuerdo,Ni de acuerdo ni en desacuerdo,No está de acuerdo,No está de acuerdo,Ni de acuerdo ni en desacuerdo,No está de acuerdo,Ni de acuerdo ni en desacuerdo,No está de acuerdo,No está de acuerdo,No está de acuerdo
488,27,Hombre,Puebla,Secundaria,Rural,25-34,No,No,80550.33,Secundaria completa,Realizaba alguna otra actividad para generar ingresos,,Es usted (la persona entrevistada es jefa o jefe del hogar),,,,,,,3,Uno,Uno,"No, no lo quieren",2,2,No,Rural,,No está de acuerdo,No está de acuerdo,No está de acuerdo,Sí está de acuerdo,Sí está de acuerdo,Sí está de acuerdo,No está de acuerdo,Sí está de acuerdo,No está de acuerdo,Sí está de acuerdo,Sí está de acuerdo,Sí está de acuerdo
490,39,Mujer,Querétaro,Preparatoria o bachillerato,Urbana,35-44,No,No,58469.5,Preparatoria completa,Se dedicaba al hogar,,Es usted (la persona entrevistada es jefa o jefe del hogar),,,,,,,4,Uno,Uno,Sí,1,2,No,Urbana,,Sí está de acuerdo,Sí está de acuerdo,No está de acuerdo,No está de acuerdo,Sí está de acuerdo,Sí está de acuerdo,Sí está de acuerdo,Sí está de acuerdo,No está de acuerdo,No está de acuerdo,Sí está de acuerdo,Sí está de acuerdo
491,53,Hombre,Baja California,Carrera técnica o comercial,Urbana,45-59,No,No,69323.54,Carrera técnica,Trabajó con pago,,Es usted (la persona entrevistada es jefa o jefe del hogar),,,,,,,5,Uno,Uno,Sí,3,2,No,Urbana,,Sí está de acuerdo,Sí está de acuerdo,Sí está de acuerdo,No está de acuerdo,No está de acuerdo,No está de acuerdo,Sí está de acuerdo,Sí está de acuerdo,No está de acuerdo,No está de acuerdo,Sí está de acuerdo,No está de acuerdo
491,43,Hombre,Querétaro,Preparatoria o bachillerato,Urbana,35-44,No,No,61909.71,Carrera técnica,Trabajó con pago,,Cónyuge o pareja,,41.0,Mujer,,Preparatoria completa,,4,Uno,Ninguno,Sí,2,2,No,Urbana,,No está de acuerdo,Sí está de acuerdo,Sí está de acuerdo,Sí está de acuerdo,No está de acuerdo,No está de acuerdo,Sí está de acuerdo,No está de acuerdo,Sí está de acuerdo,No está de acuerdo,Sí está de acuerdo,Sí está de acuerdo
492,52,Hombre,Veracruz,Primaria,Rural,45-59,No,No,100083.85,Primaria completa,Trabajó sin pago,,Es usted (la persona entrevistada es jefa o jefe del hogar),,,,,,,1,Ninguno,Ninguno,No por falta de recursos,1,1,No,Rural,,No está de acuerdo,Sí está de acuerdo,Sí está de acuerdo,No está de acuerdo,Sí está de acuerdo,Sí está de acuerdo,Sí está de acuerdo,No está de acuerdo,Ni de acuerdo ni en desacuerdo,Ni de acuerdo ni en desacuerdo,Ni de acuerdo ni en desacuerdo,Ni de acuerdo ni en desacuerdo
492,28,Mujer,Puebla,Licenciatura o Ingeniería,Urbana,25-34,No,No,59240.84,Licenciatura completa,Trabajó con pago,,Cónyuge o pareja,,32.0,Hombre,,Licenciatura completa,,3,Uno,Uno,Sí,2,2,No,Urbana,,Sí está de acuerdo,No está de acuerdo,Sí está de acuerdo,Sí está de acuerdo,No está de acuerdo,No está de acuerdo,No está de acuerdo,No está de acuerdo,No está de acuerdo,No está de acuerdo,Sí está de acuerdo,No está de acuerdo
493,48,Mujer,Veracruz,Primaria,Urbana,45-59,No,No,126887.02,Primaria completa,Se dedicaba al hogar,,Cónyuge o pareja,,55.0,Hombre,,Primaria completa,,2,Ninguno,Ninguno,"No, otra razón",1,1,No,Urbana,,No está de acuerdo,Sí está de acuerdo,Sí está de acuerdo,Sí está de acuerdo,No está de acuerdo,Sí está de acuerdo,Sí está de acuerdo,Sí está de acuerdo,Sí está de acuerdo,No está de acuerdo,Sí está de acuerdo,Sí está de acuerdo
495,34,Mujer,Nuevo León,Maestría o especialidad,Urbana,25-34,Sí,No,33451.6,Licenciatura incompleta,Se dedicaba al hogar,,Cónyuge o pareja,,38.0,Hombre,,Diplomado o maestría,,5,Uno,2 o más,Sí,1,2,No,Urbana,,Sí está de acuerdo,Sí está de acuerdo,Ni de acuerdo ni en desacuerdo,No está de acuerdo,No sabe/No responde,Ni de acuerdo ni en desacuerdo,Ni de acuerdo ni en desacuerdo,Sí está de acuerdo,Sí está de acuerdo,Sí está de acuerdo,Sí está de acuerdo,No está de acuerdo
499,30,Hombre,Veracruz,No sabe o no responde,Rural,25-34,No,No,41923.59,Primaria incompleta,Trabajó con pago,,"[Esp.] Otro, especifique",YERNO,50.0,Mujer,,No sabe/No responde,,3,Ninguno,Ninguno,No por falta de recursos,1,1,No,Rural,,Sí está de acuerdo,No sabe/No responde,No sabe/No responde,Sí está de acuerdo,No está de acuerdo,No sabe/No responde,No sabe/No responde,No sabe/No responde,No sabe/No responde,No está de acuerdo,Sí está de acuerdo,Sí está de acuerdo
505,67,Hombre,Baja California Sur,Secundaria,Rural,60+,No,No,78291.59,Secundaria completa,Trabajó con pago,,Es usted (la persona entrevistada es jefa o jefe del hogar),,,,,,,8,2 o más,2 o más,Sí,4,3,No,Rural,,Sí está de acuerdo,Sí está de acuerdo,No está de acuerdo,Sí está de acuerdo,No está de acuerdo,No está de acuerdo,No sabe/No responde,No está de acuerdo,Sí está de acuerdo,No está de acuerdo,Sí está de acuerdo,No está de acuerdo
509,71,Mujer,Hidalgo,Primaria,Urbana,60+,No,No,119954.75,Primaria completa,Se dedicaba al hogar,,Es usted (la persona entrevistada es jefa o jefe del hogar),,,,,,,2,Uno,Ninguno,Sí,1,2,No,Urbana,,No sabe/No responde,No está de acuerdo,No está de acuerdo,No está de acuerdo,No está de acuerdo,No está de acuerdo,No sabe/No responde,No está de acuerdo,No sabe/No responde,No sabe/No responde,Sí está de acuerdo,Ni de acuerdo ni en desacuerdo
515,36,Mujer,Tabasco,Preparatoria o bachillerato,Rural,35-44,No,No,69637.59,Secundaria completa,Se dedicaba al hogar,,Cónyuge o pareja,,26.0,Hombre,,Licenciatura incompleta,,3,Uno,Ninguno,No por falta de recursos,1,2,No,Rural,,Sí está de acuerdo,No está de acuerdo,No está de acuerdo,No está de acuerdo,No está de acuerdo,Sí está de acuerdo,No está de acuerdo,No está de acuerdo,No está de acuerdo,No está de acuerdo,Sí está de acuerdo,No está de acuerdo
518,35,Mujer,Tabasco,Secundaria,Rural,35-44,No,No,87346.47,Secundaria completa,Se dedicaba al hogar,,Es usted (la persona entrevistada es jefa o jefe del hogar),,,,,,,4,Uno,Uno,"No, no lo quieren",1,1,No,Rural,,No está de acuerdo,Sí está de acuerdo,Sí está de acuerdo,Sí está de acuerdo,Sí está de acuerdo,No está de acuerdo,No está de acuerdo,Sí está de acuerdo,Sí está de acuerdo,No está de acuerdo,Sí está de acuerdo,No está de acuerdo
519,38,Hombre,Veracruz,Doctorado,Urbana,35-44,No,No,17603.25,Doctorado,Trabajó con pago,,Es usted (la persona entrevistada es jefa o jefe del hogar),,,,,,,4,Uno,Uno,Sí,Ninguno,3,No,Urbana,,Sí está de acuerdo,Sí está de acuerdo,Sí está de acuerdo,Sí está de acuerdo,Ni de acuerdo ni en desacuerdo,No está de acuerdo,Sí está de acuerdo,Sí está de acuerdo,Sí está de acuerdo,No está de acuerdo,No está de acuerdo,No está de acuerdo
522,53,Hombre,Tabasco,No estudió/ Otro,Urbana,45-59,No,No,39006.08,Primaria incompleta,Trabajó con pago,,Es usted (la persona entrevistada es jefa o jefe del hogar),,,,,,,4,2 o más,Ninguno,Sí,Ninguno,3,No,Urbana,,Sí está de acuerdo,Sí está de acuerdo,Sí está de acuerdo,Sí está de acuerdo,Sí está de acuerdo,Sí está de acuerdo,No está de acuerdo,Sí está de acuerdo,No está de acuerdo,Ni de acuerdo ni en desacuerdo,Ni de acuerdo ni en desacuerdo,Sí está de acuerdo
526,19,Mujer,Tabasco,No sabe o no responde,Rural,18-24,No,No,48054.91,Secundaria completa,Se dedicaba al hogar,,"[Esp.] Otro, especifique",NUERA,60.0,Hombre,,No sabe/No responde,,6,Ninguno,Ninguno,Sí,3,4,No,Rural,,No está de acuerdo,Sí está de acuerdo,No está de acuerdo,No está de acuerdo,No está de acuerdo,No está de acuerdo,Sí está de acuerdo,No está de acuerdo,No está de acuerdo,No está de acuerdo,No está de acuerdo,No está de acuerdo
527,59,Mujer,Veracruz,Preparatoria o bachillerato,Urbana,45-59,No,No,73795.0,Preparatoria completa,Trabajó con pago,,Es usted (la persona entrevistada es jefa o jefe del hogar),,,,,,,3,2 o más,2 o más,Sí,2,3,No,Urbana,,Sí está de acuerdo,Ni de acuerdo ni en desacuerdo,No está de acuerdo,Sí está de acuerdo,Sí está de acuerdo,Sí está de acuerdo,Sí está de acuerdo,Sí está de acuerdo,Sí está de acuerdo,Sí está de acuerdo,Sí está de acuerdo,Sí está de acuerdo
528,78,Hombre,Puebla,Secundaria,Urbana,60+,No,No,61429.78,Secundaria completa,Era jubilado o pensionado(a) (Programa Adultos Mayores),,Es usted (la persona entrevistada es jefa o jefe del hogar),,,,,,,1,Uno,Ninguno,Sí,1,2,No,Urbana,,No está de acuerdo,No está de acuerdo,Sí está de acuerdo,Sí está de acuerdo,Ni de acuerdo ni en desacuerdo,No está de acuerdo,No está de acuerdo,No está de acuerdo,Ni de acuerdo ni en desacuerdo,No está de acuerdo,Sí está de acuerdo,Sí está de acuerdo
528,39,Mujer,Tabasco,Secundaria,Urbana,35-44,No,No,87346.47,Secundaria completa,Se dedicaba al hogar,,Es usted (la persona entrevistada es jefa o jefe del hogar),,,,,,,1,Uno,Ninguno,Sí,Ninguno,1,No,Urbana,,Sí está de acuerdo,Sí está de acuerdo,Sí está de acuerdo,Sí está de acuerdo,No está de acuerdo,No está de acuerdo,Sí está de acuerdo,Sí está de acuerdo,Sí está de acuerdo,No está de acuerdo,No está de acuerdo,Sí está de acuerdo
530,30,Mujer,México,Primaria,Rural,25-34,No,No,164490.4,Secundaria completa,Se dedicaba al hogar,,Cónyuge o pareja,,33.0,Hombre,,Primaria completa,,5,Ninguno,Ninguno,No por falta de recursos,1,3,No,Rural,,Sí está de acuerdo,No está de acuerdo,No está de acuerdo,Ni de acuerdo ni en desacuerdo,Ni de acuerdo ni en desacuerdo,No está de acuerdo,Ni de acuerdo ni en desacuerdo,No está de acuerdo,Sí está de acuerdo,No está de acuerdo,Sí está de acuerdo,Ni de acuerdo ni en desacuerdo
531,64,Hombre,Veracruz,Secundaria,Rural,60+,No,Sí,66460.54,Secundaria completa,[Esp.] Ya no trabaja,,Es usted (la persona entrevistada es jefa o jefe del hogar),,,,,,,7,Ninguno,Ninguno,Sí,1,3,Sí,Rural,,Sí está de acuerdo,Sí está de acuerdo,Sí está de acuerdo,Sí está de acuerdo,Sí está de acuerdo,Sí está de acuerdo,Sí está de acuerdo,No está de acuerdo,No está de acuerdo,Sí está de acuerdo,Sí está de acuerdo,Sí está de acuerdo
533,39,Mujer,Baja California,Secundaria,Urbana,35-44,No,No,96044.96,Secundaria completa,Trabajó con pago,,Es usted (la persona entrevistada es jefa o jefe del hogar),,,,,,,5,Uno,Uno,Sí,2,2,No,Urbana,,Sí está de acuerdo,Sí está de acuerdo,Sí está de acuerdo,Sí está de acuerdo,No está de acuerdo,Sí está de acuerdo,No está de acuerdo,No está de acuerdo,Sí está de acuerdo,No está de acuerdo,No está de acuerdo,No está de acuerdo
535,28,Mujer,Tabasco,Secundaria,Rural,25-34,No,No,122246.23,Licenciatura completa,Trabajó con pago,,Padre o madre,,63.0,Mujer,,Secundaria completa,,3,No sabe/No responde,Uno,Sí,1,1,No,Rural,,Sí está de acuerdo,Sí está de acuerdo,No está de acuerdo,Sí está de acuerdo,Ni de acuerdo ni en desacuerdo,No está de acuerdo,Ni de acuerdo ni en desacuerdo,Sí está de acuerdo,Sí está de acuerdo,No está de acuerdo,Sí está de acuerdo,Sí está de acuerdo
537,39,Hombre,Puebla,Primaria,Urbana,35-44,No,No,108644.15,Secundaria incompleta,Trabajó con pago,,Es usted (la persona entrevistada es jefa o jefe del hogar),,,,,,,6,Uno,Uno,Sí,1,2,No,Urbana,,Sí está de acuerdo,No está de acuerdo,No está de acuerdo,Sí está de acuerdo,No está de acuerdo,Sí está de acuerdo,Sí está de acuerdo,Sí está de acuerdo,Sí está de acuerdo,No está de acuerdo,Sí está de acuerdo,No está de acuerdo
538,42,Hombre,Tabasco,Preparatoria o bachillerato,Rural,35-44,Sí,No,73734.9,Preparatoria completa,Trabajó con pago,,Es usted (la persona entrevistada es jefa o jefe del hogar),,,,,,,1,Uno,Ninguno,No por falta de recursos,1,1,No,Rural,,Ni de acuerdo ni en desacuerdo,No está de acuerdo,No está de acuerdo,Ni de acuerdo ni en desacuerdo,Ni de acuerdo ni en desacuerdo,No está de acuerdo,Sí está de acuerdo,No está de acuerdo,No está de acuerdo,No está de acuerdo,Ni de acuerdo ni en desacuerdo,Ni de acuerdo ni en desacuerdo
540,63,Hombre,Veracruz,Secundaria,Urbana,60+,No,No,66460.54,Secundaria completa,Era jubilado o pensionado(a) (Programa Adultos Mayores),,Es usted (la persona entrevistada es jefa o jefe del hogar),,,,,,,2,2 o más,2 o más,Sí,Ninguno,2,No,Urbana,,Sí está de acuerdo,Sí está de acuerdo,Sí está de acuerdo,Sí está de acuerdo,Ni de acuerdo ni en desacuerdo,Sí está de acuerdo,Sí está de acuerdo,No está de acuerdo,No está de acuerdo,Sí está de acuerdo,Sí está de acuerdo,Ni de acuerdo ni en desacuerdo
544,40,Mujer,Tabasco,Maestría o especialidad,Urbana,35-44,No,No,23894.79,Diplomado o maestría,Trabajó con pago,,Cónyuge o pareja,,41.0,Hombre,,Diplomado o maestría,,5,Uno,Uno,Sí,2,3,No,Urbana,,Sí está de acuerdo,No está de acuerdo,No está de acuerdo,Sí está de acuerdo,Sí está de acuerdo,Sí está de acuerdo,No está de acuerdo,Sí está de acuerdo,Sí está de acuerdo,No está de acuerdo,Sí está de acuerdo,Sí está de acuerdo
545,18,Hombre,Colima,Preparatoria o bachillerato,Rural,18-24,No,No,82989.91,Preparatoria completa,Trabajó con pago,,Es usted (la persona entrevistada es jefa o jefe del hogar),,,,,,,3,2 o más,Uno,Sí,3,2,No,Rural,,No está de acuerdo,Sí está de acuerdo,Sí está de acuerdo,No está de acuerdo,No está de acuerdo,No está de acuerdo,Sí está de acuerdo,No está de acuerdo,Sí está de acuerdo,Sí está de acuerdo,No está de acuerdo,No está de acuerdo
546,24,Mujer,Puebla,Licenciatura o Ingeniería,Urbana,18-24,No,No,48408.0,Licenciatura completa,Trabajó con pago,,Es usted (la persona entrevistada es jefa o jefe del hogar),,,,,,,2,2 o más,2 o más,Sí,1,3,No,Urbana,,Ni de acuerdo ni en desacuerdo,Ni de acuerdo ni en desacuerdo,No está de acuerdo,Sí está de acuerdo,No está de acuerdo,Sí está de acuerdo,Sí está de acuerdo,Ni de acuerdo ni en desacuerdo,Sí está de acuerdo,No está de acuerdo,Sí está de acuerdo,Sí está de acuerdo
547,53,Mujer,Tamaulipas,Secundaria,Rural,45-59,No,No,91190.59,Secundaria completa,Trabajó con pago,,Es usted (la persona entrevistada es jefa o jefe del hogar),,,,,,,1,Uno,Ninguno,"No, otra razón",1,1,No,Rural,,Ni de acuerdo ni en desacuerdo,No está de acuerdo,Sí está de acuerdo,Sí está de acuerdo,Sí está de acuerdo,Sí está de acuerdo,Sí está de acuerdo,Sí está de acuerdo,Sí está de acuerdo,No está de acuerdo,Sí está de acuerdo,Sí está de acuerdo
548,55,Hombre,Colima,Secundaria,Urbana,45-59,No,No,85873.93,Secundaria completa,Trabajó con pago,,Es usted (la persona entrevistada es jefa o jefe del hogar),,,,,,,4,2 o más,Ninguno,Sí,2,2,No,Urbana,,Sí está de acuerdo,Sí está de acuerdo,Sí está de acuerdo,No está de acuerdo,No está de acuerdo,No está de acuerdo,No está de acuerdo,No está de acuerdo,No está de acuerdo,No está de acuerdo,No está de acuerdo,No está de acuerdo
549,25,Mujer,Puebla,Licenciatura o Ingeniería,Urbana,25-34,No,No,59240.84,Licenciatura completa,Trabajó con pago,,Padre o madre,,54.0,Mujer,,Licenciatura completa,,5,Uno,2 o más,Sí,4,4,No,Urbana,,No está de acuerdo,Sí está de acuerdo,Ni de acuerdo ni en desacuerdo,Ni de acuerdo ni en desacuerdo,No está de acuerdo,Ni de acuerdo ni en desacuerdo,Sí está de acuerdo,Ni de acuerdo ni en desacuerdo,Ni de acuerdo ni en desacuerdo,No está de acuerdo,Ni de acuerdo ni en desacuerdo,Sí está de acuerdo
556,26,Hombre,Baja California,Maestría o especialidad,Urbana,25-34,No,No,28275.57,Diplomado o maestría,Trabajó con pago,,Es usted (la persona entrevistada es jefa o jefe del hogar),,,,,,,2,Uno,Uno,Sí,1,1,No,Urbana,,Sí está de acuerdo,Sí está de acuerdo,Sí está de acuerdo,Sí está de acuerdo,Sí está de acuerdo,Sí está de acuerdo,Sí está de acuerdo,Sí está de acuerdo,Sí está de acuerdo,Sí está de acuerdo,Sí está de acuerdo,Sí está de acuerdo
557,28,Mujer,Morelos,Secundaria,Rural,25-34,No,No,109778.9,Preparatoria incompleta,Trabajó con pago,,Es usted (la persona entrevistada es jefa o jefe del hogar),,,,,,,4,Uno,Ninguno,Sí,1,1,No,Rural,,Sí está de acuerdo,Sí está de acuerdo,Ni de acuerdo ni en desacuerdo,Ni de acuerdo ni en desacuerdo,Ni de acuerdo ni en desacuerdo,Sí está de acuerdo,Ni de acuerdo ni en desacuerdo,Sí está de acuerdo,Sí está de acuerdo,Ni de acuerdo ni en desacuerdo,Ni de acuerdo ni en desacuerdo,Sí está de acuerdo
558,23,Hombre,Baja California,Licenciatura o Ingeniería,Urbana,18-24,No,No,59358.8,Licenciatura completa,[Esp.] Buscaba trabajo,,Padre o madre,,57.0,Hombre,,Licenciatura completa,,4,2 o más,2 o más,Sí,4,3,No,Urbana,,No está de acuerdo,No está de acuerdo,No está de acuerdo,Sí está de acuerdo,No está de acuerdo,Sí está de acuerdo,Sí está de acuerdo,Sí está de acuerdo,Sí está de acuerdo,No está de acuerdo,No está de acuerdo,No está de acuerdo
560,50,Hombre,Tamaulipas,Secundaria,Urbana,45-59,No,Sí,71927.8,Secundaria completa,Trabajó con pago,,Es usted (la persona entrevistada es jefa o jefe del hogar),,,,,,,2,Uno,Ninguno,No por falta de recursos,2,1,Sí,Urbana,,No está de acuerdo,No está de acuerdo,No está de acuerdo,No está de acuerdo,No está de acuerdo,No está de acuerdo,Sí está de acuerdo,No está de acuerdo,Sí está de acuerdo,No está de acuerdo,No está de acuerdo,No está de acuerdo
563,44,Mujer,Michoacán,Primaria,No sabe/No responde,35-44,No,No,100011.47,Primaria completa,Se dedicaba al hogar,,Es usted (la persona entrevistada es jefa o jefe del hogar),,,,,,,4,2 o más,Uno,Sí,1,2,No,No sabe/No responde,,No está de acuerdo,No está de acuerdo,No está de acuerdo,No está de acuerdo,Sí está de acuerdo,No está de acuerdo,No está de acuerdo,No está de acuerdo,No está de acuerdo,No está de acuerdo,No está de acuerdo,No está de acuerdo
563,73,Mujer,Ciudad de México,Licenciatura o Ingeniería,Urbana,60+,No,No,70650.91,Licenciatura completa,Era jubilado o pensionado(a) (Programa Adultos Mayores),,Es usted (la persona entrevistada es jefa o jefe del hogar),,,,,,,3,2 o más,Uno,Sí,No sabe/No responde,No sabe/No responde,No,Urbana,,Ni de acuerdo ni en desacuerdo,Sí está de acuerdo,No está de acuerdo,Sí está de acuerdo,Ni de acuerdo ni en desacuerdo,No está de acuerdo,No está de acuerdo,No está de acuerdo,No está de acuerdo,No está de acuerdo,Sí está de acuerdo,Sí está de acuerdo
566,76,Mujer,Ciudad de México,Secundaria,Urbana,60+,Sí,No,124932.38,Primaria completa,Se dedicaba al hogar,,Cónyuge o pareja,,72.0,Hombre,,Secundaria completa,,3,Uno,Ninguno,Sí,1,2,No,Urbana,,Ni de acuerdo ni en desacuerdo,No está de acuerdo,No está de acuerdo,No está de acuerdo,No está de acuerdo,No está de acuerdo,No está de acuerdo,No está de acuerdo,No está de acuerdo,No está de acuerdo,Sí está de acuerdo,No está de acuerdo
568,41,Mujer,Ciudad de México,Maestría o especialidad,Urbana,35-44,No,No,26323.49,Licenciatura completa,Trabajó con pago,,Cónyuge o pareja,,50.0,Hombre,,Diplomado o maestría,,6,2 o más,2 o más,Sí,3,5 o más,No,Urbana,,No está de acuerdo,No está de acuerdo,Sí está de acuerdo,No está de acuerdo,No está de acuerdo,Sí está de acuerdo,Sí está de acuerdo,No está de acuerdo,No está de acuerdo,No está de acuerdo,Sí está de acuerdo,Sí está de acuerdo
569,57,Hombre,Ciudad de México,Maestría o especialidad,Urbana,45-59,No,No,23732.62,Diplomado o maestría,Trabajó con pago,,Es usted (la persona entrevistada es jefa o jefe del hogar),,,,,,,2,2 o más,2 o más,Sí,2,3,No,Urbana,,Sí está de acuerdo,No está de acuerdo,Sí está de acuerdo,Sí está de acuerdo,Sí está de acuerdo,No está de acuerdo,Sí está de acuerdo,Sí está de acuerdo,Sí está de acuerdo,No está de acuerdo,Sí está de acuerdo,Sí está de acuerdo
579,22,Hombre,Michoacán,No estudió/ Otro,Urbana,18-24,Sí,No,39492.42,Preparatoria completa,Estudiaba,,Hijo o hija,,37.0,Hombre,,No estudió,,5,Uno,Uno,Sí,3,5 o más,No,Urbana,,Sí está de acuerdo,No está de acuerdo,Sí está de acuerdo,No está de acuerdo,Sí está de acuerdo,Sí está de acuerdo,Sí está de acuerdo,Sí está de acuerdo,Sí está de acuerdo,Ni de acuerdo ni en desacuerdo,No está de acuerdo,Sí está de acuerdo
581,38,Hombre,Tamaulipas,No estudió/ Otro,Urbana,35-44,No,No,41841.64,Primaria incompleta,Realizaba alguna otra actividad para generar ingresos,,Es usted (la persona entrevistada es jefa o jefe del hogar),,,,,,,3,Uno,Ninguno,Sí,1,3,No,Urbana,,No está de acuerdo,Sí está de acuerdo,Sí está de acuerdo,No está de acuerdo,Sí está de acuerdo,No está de acuerdo,Sí está de acuerdo,Sí está de acuerdo,Sí está de acuerdo,Sí está de acuerdo,Sí está de acuerdo,Sí está de acuerdo
583,29,Mujer,Baja California,Licenciatura o Ingeniería,Urbana,25-34,No,No,76016.42,Licenciatura completa,Trabajó con pago,,Es usted (la persona entrevistada es jefa o jefe del hogar),,,,,,,2,Uno,Uno,Sí,1,1,No,Urbana,,No está de acuerdo,Sí está de acuerdo,Ni de acuerdo ni en desacuerdo,Ni de acuerdo ni en desacuerdo,No está de acuerdo,No está de acuerdo,Ni de acuerdo ni en desacuerdo,Sí está de acuerdo,Sí está de acuerdo,No está de acuerdo,No está de acuerdo,No está de acuerdo
583,24,Hombre,México,Maestría o especialidad,Rural,18-24,No,No,25632.29,Diplomado o maestría,Trabajó con pago,,Cónyuge o pareja,,25.0,Mujer,,Diplomado o maestría,,2,2 o más,2 o más,Sí,2,3,No,Rural,,No está de acuerdo,No está de acuerdo,No está de acuerdo,No está de acuerdo,No está de acuerdo,No está de acuerdo,Sí está de acuerdo,Sí está de acuerdo,Sí está de acuerdo,Sí está de acuerdo,Sí está de acuerdo,No está de acuerdo
584,18,Hombre,Tamaulipas,Licenciatura o Ingeniería,Urbana,18-24,No,No,49306.61,Licenciatura completa,Trabajó con pago,,Es usted (la persona entrevistada es jefa o jefe del hogar),,,,,,,5,2 o más,2 o más,Sí,2,3,No,Urbana,,No está de acuerdo,No está de acuerdo,Ni de acuerdo ni en desacuerdo,Sí está de acuerdo,No está de acuerdo,No está de acuerdo,Sí está de acuerdo,Sí está de acuerdo,Sí está de acuerdo,Sí está de acuerdo,No está de acuerdo,Sí está de acuerdo
586,36,Mujer,Tamaulipas,Licenciatura o Ingeniería,Urbana,35-44,No,No,45116.7,Licenciatura completa,Trabajó con pago,,Es usted (la persona entrevistada es jefa o jefe del hogar),,,,,,,2,Uno,Uno,Sí,2,1,No,Urbana,,Sí está de acuerdo,Sí está de acuerdo,Sí está de acuerdo,Sí está de acuerdo,No está de acuerdo,No está de acuerdo,No está de acuerdo,Sí está de acuerdo,Sí está de acuerdo,Sí está de acuerdo,No está de acuerdo,Sí está de acuerdo
587,57,Hombre,Veracruz,Preparatoria o bachillerato,Urbana,45-59,No,No,58206.8,Licenciatura incompleta,Trabajó con pago,,Es usted (la persona entrevistada es jefa o jefe del hogar),,,,,,,1,2 o más,2 o más,Sí,1,3,No,Urbana,,No está de acuerdo,Sí está de acuerdo,Sí está de acuerdo,Sí está de acuerdo,No está de acuerdo,Sí está de acuerdo,No está de acuerdo,No está de acuerdo,No está de acuerdo,Sí está de acuerdo,No está de acuerdo,Sí está de acuerdo
587,32,Hombre,Baja California,Preparatoria o bachillerato,Rural,25-34,No,No,82404.69,Preparatoria completa,Ayudaba en el negocio familiar,,Es usted (la persona entrevistada es jefa o jefe del hogar),,,,,,,2,Uno,Uno,"No, otra razón",Ninguno,1,No,Rural,,Sí está de acuerdo,No está de acuerdo,Sí está de acuerdo,Sí está de acuerdo,No está de acuerdo,No está de acuerdo,No está de acuerdo,No sabe/No responde,Sí está de acuerdo,Ni de acuerdo ni en desacuerdo,Sí está de acuerdo,Sí está de acuerdo
587,50,Mujer,México,Licenciatura o Ingeniería,Urbana,45-59,No,No,55419.16,Licenciatura completa,Trabajó con pago,,Cónyuge o pareja,,49.0,Hombre,,Licenciatura completa,,4,2 o más,2 o más,Sí,3,3,No,Urbana,,No está de acuerdo,Sí está de acuerdo,Ni de acuerdo ni en desacuerdo,Sí está de acuerdo,No está de acuerdo,No está de acuerdo,Sí está de acuerdo,Sí está de acuerdo,Sí está de acuerdo,No está de acuerdo,Sí está de acuerdo,Sí está de acuerdo
595,74,Mujer,Baja California,No estudió/ Otro,Urbana,60+,No,No,61765.89,No estudió,Se dedicaba al hogar,,Es usted (la persona entrevistada es jefa o jefe del hogar),,,,,,,5,Uno,Ninguno,No por falta de recursos,1,2,No,Urbana,,Sí está de acuerdo,No está de acuerdo,No está de acuerdo,Sí está de acuerdo,Ni de acuerdo ni en desacuerdo,Sí está de acuerdo,Ni de acuerdo ni en desacuerdo,No está de acuerdo,No está de acuerdo,No está de acuerdo,Sí está de acuerdo,Sí está de acuerdo
596,23,Mujer,Ciudad de México,Licenciatura o Ingeniería,Urbana,18-24,No,No,62232.1,Licenciatura completa,Trabajó con pago,,Es usted (la persona entrevistada es jefa o jefe del hogar),,,,,,,1,Uno,Ninguno,Sí,1,1,No,Urbana,,Sí está de acuerdo,No está de acuerdo,No está de acuerdo,No está de acuerdo,No está de acuerdo,No está de acuerdo,Sí está de acuerdo,No está de acuerdo,Sí está de acuerdo,No está de acuerdo,No está de acuerdo,No está de acuerdo
613,62,Mujer,Tamaulipas,Primaria,Rural,60+,No,No,141994.87,Primaria completa,Se dedicaba al hogar,,Es usted (la persona entrevistada es jefa o jefe del hogar),,,,,,,1,Uno,Ninguno,Sí,1,1,No,Rural,,No está de acuerdo,Sí está de acuerdo,Ni de acuerdo ni en desacuerdo,No está de acuerdo,No está de acuerdo,No está de acuerdo,Sí está de acuerdo,Sí está de acuerdo,No está de acuerdo,Sí está de acuerdo,No está de acuerdo,Sí está de acuerdo
614,33,Hombre,Baja California,Licenciatura o Ingeniería,Urbana,25-34,No,No,58451.59,Licenciatura completa,Trabajó con pago,,Es usted (la persona entrevistada es jefa o jefe del hogar),,,,,,,1,2 o más,2 o más,Sí,1,1,No,Urbana,,Sí está de acuerdo,No está de acuerdo,Ni de acuerdo ni en desacuerdo,Sí está de acuerdo,Ni de acuerdo ni en desacuerdo,Sí está de acuerdo,Ni de acuerdo ni en desacuerdo,No está de acuerdo,Sí está de acuerdo,No está de acuerdo,Sí está de acuerdo,Ni de acuerdo ni en desacuerdo
624,28,Hombre,Tamaulipas,Preparatoria o bachillerato,Rural,25-34,No,No,68449.77,Licenciatura incompleta,Trabajó con pago,,Es usted (la persona entrevistada es jefa o jefe del hogar),,,,,,,2,Uno,Uno,Sí,1,2,No,Rural,,No está de acuerdo,No está de acuerdo,Sí está de acuerdo,Sí está de acuerdo,Sí está de acuerdo,No está de acuerdo,No está de acuerdo,Sí está de acuerdo,Sí está de acuerdo,Sí está de acuerdo,No está de acuerdo,Sí está de acuerdo
628,52,Mujer,Veracruz,No sabe o no responde,No sabe/No responde,45-59,No sabe/No responde,No sabe/No responde,44528.17,No sabe/No responde,No sabe/No responde,,Es usted (la persona entrevistada es jefa o jefe del hogar),,,,,,,1,No sabe/No responde,No sabe/No responde,No sabe/No responde,No sabe/No responde,No sabe/No responde,No sabe/No responde,No sabe/No responde,,Sí está de acuerdo,No está de acuerdo,No está de acuerdo,Sí está de acuerdo,No sabe/No responde,No sabe/No responde,No sabe/No responde,Sí está de acuerdo,No sabe/No responde,No sabe/No responde,No sabe/No responde,No sabe/No responde
629,45,Hombre,Campeche,No estudió/ Otro,No sabe/No responde,45-59,No,No,31358.6,No estudió,Trabajó sin pago,,Es usted (la persona entrevistada es jefa o jefe del hogar),,,,,,,2,Uno,Uno,No por falta de recursos,Ninguno,2,No,No sabe/No responde,,No está de acuerdo,Ni de acuerdo ni en desacuerdo,Ni de acuerdo ni en desacuerdo,Sí está de acuerdo,No está de acuerdo,Ni de acuerdo ni en desacuerdo,Ni de acuerdo ni en desacuerdo,Ni de acuerdo ni en desacuerdo,Ni de acuerdo ni en desacuerdo,No está de acuerdo,No sabe/No responde,Ni de acuerdo ni en desacuerdo
630,19,Mujer,Tamaulipas,Preparatoria o bachillerato,Urbana,18-24,Sí,No,72740.96,Licenciatura incompleta,Estudiaba,,"[Esp.] Otro, especifique",vive sola,19.0,Mujer,,Licenciatura incompleta,,1,Uno,Ninguno,Sí,1,1,No,Urbana,,Ni de acuerdo ni en desacuerdo,No sabe/No responde,No está de acuerdo,No está de acuerdo,No está de acuerdo,Sí está de acuerdo,Sí está de acuerdo,No está de acuerdo,Sí está de acuerdo,No está de acuerdo,Sí está de acuerdo,No está de acuerdo
632,41,Mujer,Tamaulipas,Preparatoria o bachillerato,Rural,35-44,No,No,63605.25,Preparatoria completa,Se dedicaba al hogar,,Es usted (la persona entrevistada es jefa o jefe del hogar),,,,,,,6,2 o más,2 o más,Sí,1,3,No,Rural,,Ni de acuerdo ni en desacuerdo,No está de acuerdo,Ni de acuerdo ni en desacuerdo,Sí está de acuerdo,Sí está de acuerdo,Sí está de acuerdo,Sí está de acuerdo,No está de acuerdo,Sí está de acuerdo,No está de acuerdo,No está de acuerdo,Sí está de acuerdo
632,38,Mujer,Michoacán,Licenciatura o Ingeniería,Urbana,35-44,No,No,41257.6,Diplomado o maestría,Trabajó con pago,,Cónyuge o pareja,,40.0,Hombre,,Licenciatura completa,,2,2 o más,2 o más,Sí,2,2,No,Urbana,,Ni de acuerdo ni en desacuerdo,Ni de acuerdo ni en desacuerdo,Ni de acuerdo ni en desacuerdo,Sí está de acuerdo,Sí está de acuerdo,No está de acuerdo,Ni de acuerdo ni en desacuerdo,Sí está de acuerdo,Sí está de acuerdo,No está de acuerdo,Sí está de acuerdo,Sí está de acuerdo
635,66,Hombre,Michoacán,No estudió/ Otro,Urbana,60+,No,No,29657.64,No estudió,Trabajó con pago,,Es usted (la persona entrevistada es jefa o jefe del hogar),,,,,,,1,Uno,Ninguno,No por falta de recursos,1,1,No,Urbana,,No está de acuerdo,No está de acuerdo,No está de acuerdo,No está de acuerdo,No está de acuerdo,No está de acuerdo,Sí está de acuerdo,No está de acuerdo,No está de acuerdo,No está de acuerdo,No está de acuerdo,No está de acuerdo
638,40,Mujer,Veracruz,Preparatoria o bachillerato,Urbana,35-44,No,No,64561.19,Preparatoria completa,Vendía o hacía algún producto para vender,,Cónyuge o pareja,,39.0,Hombre,,Preparatoria completa,,4,Uno,Uno,Sí,2,3,No,Urbana,,No está de acuerdo,Sí está de acuerdo,No está de acuerdo,Sí está de acuerdo,No está de acuerdo,Sí está de acuerdo,No sabe/No responde,Sí está de acuerdo,Sí está de acuerdo,No está de acuerdo,Sí está de acuerdo,Sí está de acuerdo
644,47,Hombre,Michoacán,Carrera técnica o comercial,Urbana,45-59,No,No,52658.36,Carrera técnica,Trabajó con pago,,Es usted (la persona entrevistada es jefa o jefe del hogar),,,,,,,5,Uno,Uno,Sí,2,3,No,Urbana,,Sí está de acuerdo,No está de acuerdo,No está de acuerdo,Sí está de acuerdo,Sí está de acuerdo,No está de acuerdo,No está de acuerdo,No está de acuerdo,Sí está de acuerdo,No está de acuerdo,No está de acuerdo,Sí está de acuerdo
648,50,Hombre,Sinaloa,Preparatoria o bachillerato,Rural,45-59,No,No,64177.3,Preparatoria completa,Trabajó sin pago,,Es usted (la persona entrevistada es jefa o jefe del hogar),,,,,,,4,2 o más,Uno,Sí,2,4,No,Rural,,Sí está de acuerdo,No está de acuerdo,No está de acuerdo,Sí está de acuerdo,Sí está de acuerdo,No está de acuerdo,Sí está de acuerdo,Sí está de acuerdo,No está de acuerdo,No está de acuerdo,Sí está de acuerdo,Sí está de acuerdo
656,60,Mujer,Sinaloa,Licenciatura o Ingeniería,Urbana,60+,No,No,65556.09,Licenciatura completa,Trabajó con pago,,Es usted (la persona entrevistada es jefa o jefe del hogar),,,,,,,6,2 o más,2 o más,Sí,3,3,No,Urbana,,No está de acuerdo,Sí está de acuerdo,Sí está de acuerdo,Sí está de acuerdo,No está de acuerdo,Sí está de acuerdo,Sí está de acuerdo,No está de acuerdo,Sí está de acuerdo,Sí está de acuerdo,Sí está de acuerdo,Sí está de acuerdo
660,39,Hombre,Sinaloa,Preparatoria o bachillerato,Rural,35-44,No,No,75371.76,Preparatoria completa,Trabajó con pago,,Cónyuge o pareja,,38.0,Mujer,,Preparatoria completa,,4,Uno,Uno,Sí,2,1,No,Rural,,Ni de acuerdo ni en desacuerdo,Ni de acuerdo ni en desacuerdo,Sí está de acuerdo,Sí está de acuerdo,No está de acuerdo,Sí está de acuerdo,Sí está de acuerdo,Sí está de acuerdo,No está de acuerdo,No está de acuerdo,Sí está de acuerdo,No está de acuerdo
661,19,Mujer,Sinaloa,Preparatoria o bachillerato,Urbana,18-24,No,No,81407.67,Secundaria completa,Trabajó sin pago,,Cónyuge o pareja,,43.0,Mujer,,Preparatoria completa,,3,Uno,Ninguno,Sí,3,5 o más,No,Urbana,,Sí está de acuerdo,Sí está de acuerdo,Sí está de acuerdo,Sí está de acuerdo,Sí está de acuerdo,Sí está de acuerdo,Sí está de acuerdo,Sí está de acuerdo,Sí está de acuerdo,No está de acuerdo,Sí está de acuerdo,Sí está de acuerdo
668,22,Hombre,Sonora,No estudió/ Otro,Rural,18-24,No,No,39415.51,No estudió,Trabajó con pago,,Es usted (la persona entrevistada es jefa o jefe del hogar),,,,,,,1,Ninguno,Ninguno,"No, no lo quieren",1,1,No,Rural,,Sí está de acuerdo,Sí está de acuerdo,No está de acuerdo,Ni de acuerdo ni en desacuerdo,Sí está de acuerdo,No está de acuerdo,Sí está de acuerdo,Sí está de acuerdo,Sí está de acuerdo,Sí está de acuerdo,Sí está de acuerdo,Sí está de acuerdo
670,30,Mujer,Veracruz,Licenciatura o Ingeniería,Urbana,25-34,No,No,64092.33,Licenciatura completa,Trabajó con pago,,Es usted (la persona entrevistada es jefa o jefe del hogar),,,,,,,1,Uno,Ninguno,Sí,1,1,No,Urbana,,No está de acuerdo,Sí está de acuerdo,No está de acuerdo,No está de acuerdo,No está de acuerdo,No está de acuerdo,No está de acuerdo,No está de acuerdo,Sí está de acuerdo,No está de acuerdo,No está de acuerdo,No está de acuerdo
671,27,Hombre,Michoacán,Licenciatura o Ingeniería,Urbana,25-34,No,No,44400.0,Licenciatura completa,Trabajó con pago,,Es usted (la persona entrevistada es jefa o jefe del hogar),,,,,,,1,Uno,Uno,Sí,1,1,No,Urbana,,No está de acuerdo,No está de acuerdo,No está de acuerdo,Sí está de acuerdo,No está de acuerdo,No está de acuerdo,Sí está de acuerdo,No está de acuerdo,Sí está de acuerdo,No está de acuerdo,No está de acuerdo,Sí está de acuerdo
672,20,Hombre,Sinaloa,Preparatoria o bachillerato,Urbana,18-24,No,No,77794.16,Licenciatura completa,Estudiaba,,Hijo o hija,,53.0,Mujer,,Preparatoria completa,,3,2 o más,2 o más,Sí,3,3,No,Urbana,,No está de acuerdo,No está de acuerdo,Sí está de acuerdo,Sí está de acuerdo,No está de acuerdo,Ni de acuerdo ni en desacuerdo,Sí está de acuerdo,Sí está de acuerdo,Sí está de acuerdo,Sí está de acuerdo,Sí está de acuerdo,Sí está de acuerdo
673,42,Hombre,Sonora,Preparatoria o bachillerato,Rural,35-44,No,No,61467.06,Preparatoria completa,Trabajó con pago,,Es usted (la persona entrevistada es jefa o jefe del hogar),,,,,,,4,2 o más,Uno,Sí,Ninguno,3,No,Rural,,Sí está de acuerdo,Sí está de acuerdo,Sí está de acuerdo,Sí está de acuerdo,No está de acuerdo,Sí está de acuerdo,Sí está de acuerdo,Sí está de acuerdo,Sí está de acuerdo,No está de acuerdo,No está de acuerdo,Sí está de acuerdo
675,34,Hombre,Michoacán,Doctorado,Urbana,25-34,No,No,16118.72,Doctorado,Trabajó con pago,,Es usted (la persona entrevistada es jefa o jefe del hogar),,,,,,,4,2 o más,2 o más,Sí,2,2,No,Urbana,,No está de acuerdo,No está de acuerdo,No está de acuerdo,No está de acuerdo,No está de acuerdo,Sí está de acuerdo,Sí está de acuerdo,No está de acuerdo,Sí está de acuerdo,Sí está de acuerdo,Sí está de acuerdo,No está de acuerdo
676,68,Hombre,Sinaloa,No estudió/ Otro,Rural,60+,No,No,36295.79,Primaria incompleta,Realizaba alguna otra actividad para generar ingresos,,Es usted (la persona entrevistada es jefa o jefe del hogar),,,,,,,6,Uno,Uno,No por falta de recursos,5 o más,2,No,Rural,,Ni de acuerdo ni en desacuerdo,Sí está de acuerdo,Sí está de acuerdo,No está de acuerdo,Sí está de acuerdo,Sí está de acuerdo,Sí está de acuerdo,Sí está de acuerdo,Sí está de acuerdo,No sabe/No responde,Sí está de acuerdo,Sí está de acuerdo
681,74,Hombre,Sinaloa,Primaria,Rural,60+,No,No,100452.37,Primaria completa,Trabajó con pago,,Es usted (la persona entrevistada es jefa o jefe del hogar),,,,,,,6,Uno,Uno,Sí,1,4,No,Rural,,Sí está de acuerdo,Ni de acuerdo ni en desacuerdo,Sí está de acuerdo,Sí está de acuerdo,No está de acuerdo,Sí está de acuerdo,Sí está de acuerdo,No está de acuerdo,Sí está de acuerdo,Sí está de acuerdo,No está de acuerdo,Sí está de acuerdo
681,22,Mujer,Veracruz,Secundaria,Rural,18-24,No,No,92610.29,Secundaria completa,Trabajó con pago,,Es usted (la persona entrevistada es jefa o jefe del hogar),,,,,,,1,Uno,Ninguno,Sí,1,1,No,Rural,,Sí está de acuerdo,Sí está de acuerdo,Sí está de acuerdo,Sí está de acuerdo,No está de acuerdo,Sí está de acuerdo,Sí está de acuerdo,Ni de acuerdo ni en desacuerdo,Sí está de acuerdo,No está de acuerdo,Sí está de acuerdo,Sí está de acuerdo
684,21,Mujer,Michoacán,Preparatoria o bachillerato,Urbana,18-24,No,No,66518.99,Licenciatura completa,Estudiaba,,Hijo o hija,,60.0,Hombre,,Preparatoria completa,,4,Uno,2 o más,Sí,3,4,No,Urbana,,No está de acuerdo,No está de acuerdo,Sí está de acuerdo,Sí está de acuerdo,No está de acuerdo,No está de acuerdo,Sí está de acuerdo,Sí está de acuerdo,Sí está de acuerdo,Sí está de acuerdo,Sí está de acuerdo,Sí está de acuerdo
687,40,Mujer,Veracruz,Licenciatura o Ingeniería,Rural,35-44,Sí,No,45794.77,Licenciatura completa,Se dedicaba al hogar,,Es usted (la persona entrevistada es jefa o jefe del hogar),,,,,,,8,Ninguno,Uno,No por falta de recursos,3,2,No,Rural,,Ni de acuerdo ni en desacuerdo,Ni de acuerdo ni en desacuerdo,No está de acuerdo,Sí está de acuerdo,Sí está de acuerdo,No está de acuerdo,Sí está de acuerdo,No está de acuerdo,No está de acuerdo,Ni de acuerdo ni en desacuerdo,No está de acuerdo,Ni de acuerdo ni en desacuerdo
691,70,Hombre,Sinaloa,Preparatoria o bachillerato,Urbana,60+,No,No,58421.13,No estudió,Trabajó con pago,,Cónyuge o pareja,,67.0,Mujer,,Preparatoria completa,,2,Uno,Ninguno,"No, no lo quieren",Ninguno,3,No,Urbana,,No está de acuerdo,No está de acuerdo,No está de acuerdo,Sí está de acuerdo,Sí está de acuerdo,No está de acuerdo,Sí está de acuerdo,Sí está de acuerdo,No está de acuerdo,No sabe/No responde,Sí está de acuerdo,Ni de acuerdo ni en desacuerdo
691,32,Hombre,Sonora,Primaria,Urbana,25-34,No,No,107419.31,Secundaria incompleta,Trabajó con pago,,Es usted (la persona entrevistada es jefa o jefe del hogar),,,,,,,4,Uno,Uno,Sí,1,1,No,Urbana,,No está de acuerdo,No está de acuerdo,Sí está de acuerdo,Sí está de acuerdo,Sí está de acuerdo,No está de acuerdo,No está de acuerdo,No está de acuerdo,No está de acuerdo,No está de acuerdo,Sí está de acuerdo,No está de acuerdo
691,22,Hombre,Chiapas,Secundaria,Rural,18-24,No,No,92674.98,Licenciatura completa,[Esp.] Desempleado,,Padre o madre,,54.0,Mujer,,Secundaria completa,,3,Uno,Ninguno,Sí,3,3,No,Rural,,No está de acuerdo,Sí está de acuerdo,Sí está de acuerdo,Sí está de acuerdo,No está de acuerdo,No está de acuerdo,Sí está de acuerdo,No está de acuerdo,Sí está de acuerdo,Sí está de acuerdo,Sí está de acuerdo,Sí está de acuerdo
695,69,Mujer,Chiapas,Primaria,Rural,60+,No,Sí,150929.03,Secundaria completa,Se dedicaba al hogar,,Cónyuge o pareja,,74.0,Hombre,,Primaria completa,,2,Uno,Uno,"No, otra razón",Ninguno,1,Sí,Rural,,No está de acuerdo,Sí está de acuerdo,No sabe/No responde,Sí está de acuerdo,No está de acuerdo,Sí está de acuerdo,Sí está de acuerdo,Sí está de acuerdo,Sí está de acuerdo,Sí está de acuerdo,Sí está de acuerdo,Sí está de acuerdo
697,48,Hombre,Sinaloa,No estudió/ Otro,Urbana,45-59,No,No,39871.98,No estudió,Trabajó con pago,,Padre o madre,,98.0,Hombre,,Primaria incompleta,,4,Uno,Ninguno,Sí,Ninguno,1,No,Urbana,,Sí está de acuerdo,No está de acuerdo,No está de acuerdo,No está de acuerdo,Sí está de acuerdo,Sí está de acuerdo,No está de acuerdo,No está de acuerdo,No está de acuerdo,No está de acuerdo,Sí está de acuerdo,No está de acuerdo
708,43,Hombre,Ciudad de México,Licenciatura o Ingeniería,Urbana,35-44,No,No,57617.94,Licenciatura completa,Trabajó con pago,,Padre o madre,,76.0,Mujer,,Licenciatura completa,,5,2 o más,2 o más,Sí,3,3,No,Urbana,,No está de acuerdo,No está de acuerdo,No está de acuerdo,Sí está de acuerdo,No está de acuerdo,No está de acuerdo,Ni de acuerdo ni en desacuerdo,Sí está de acuerdo,Sí está de acuerdo,Ni de acuerdo ni en desacuerdo,Sí está de acuerdo,Sí está de acuerdo
713,34,Hombre,Baja California,Licenciatura o Ingeniería,Urbana,25-34,No,No,58451.59,Licenciatura completa,Trabajó con pago,,Es usted (la persona entrevistada es jefa o jefe del hogar),,,,,,,3,2 o más,Uno,Sí,2,2,No,Urbana,,Ni de acuerdo ni en desacuerdo,No está de acuerdo,Sí está de acuerdo,Sí está de acuerdo,No está de acuerdo,No está de acuerdo,Sí está de acuerdo,Ni de acuerdo ni en desacuerdo,Sí está de acuerdo,No está de acuerdo,Sí está de acuerdo,Sí está de acuerdo
713,37,Mujer,Chiapas,Primaria,Rural,35-44,Sí,No,116247.43,Primaria completa,Se dedicaba al hogar,,Es usted (la persona entrevistada es jefa o jefe del hogar),,,,,,,1,Ninguno,Ninguno,No por falta de recursos,1,1,No,Rural,,No sabe/No responde,No sabe/No responde,No sabe/No responde,Sí está de acuerdo,No está de acuerdo,Sí está de acuerdo,Sí está de acuerdo,No sabe/No responde,Sí está de acuerdo,No sabe/No responde,No sabe/No responde,No está de acuerdo
714,38,Mujer,Hidalgo,Preparatoria o bachillerato,Urbana,35-44,No,No,53732.59,Preparatoria completa,Se dedicaba al hogar,,Es usted (la persona entrevistada es jefa o jefe del hogar),,,,,,,5,2 o más,Uno,Sí,1,3,No,Urbana,,Sí está de acuerdo,No está de acuerdo,Ni de acuerdo ni en desacuerdo,Sí está de acuerdo,No está de acuerdo,Sí está de acuerdo,Sí está de acuerdo,No sabe/No responde,Sí está de acuerdo,No está de acuerdo,Sí está de acuerdo,Sí está de acuerdo
715,36,Mujer,Michoacán,Preparatoria o bachillerato,No sabe/No responde,35-44,No,No,58164.71,Licenciatura incompleta,Trabajó con pago,,Es usted (la persona entrevistada es jefa o jefe del hogar),,,,,,,1,Uno,Uno,Sí,Ninguno,2,No,No sabe/No responde,,Sí está de acuerdo,No está de acuerdo,Ni de acuerdo ni en desacuerdo,Sí está de acuerdo,Sí está de acuerdo,Ni de acuerdo ni en desacuerdo,Sí está de acuerdo,No está de acuerdo,Ni de acuerdo ni en desacuerdo,Sí está de acuerdo,Sí está de acuerdo,Sí está de acuerdo
715,65,Hombre,Sonora,Secundaria,Urbana,60+,No,No,59759.28,Secundaria completa,Era jubilado o pensionado(a) (Programa Adultos Mayores),,Es usted (la persona entrevistada es jefa o jefe del hogar),,,,,,,1,Uno,Ninguno,No por falta de recursos,Ninguno,1,No,Urbana,,Sí está de acuerdo,Sí está de acuerdo,Sí está de acuerdo,Sí está de acuerdo,Sí está de acuerdo,Sí está de acuerdo,Sí está de acuerdo,Sí está de acuerdo,Sí está de acuerdo,No está de acuerdo,Sí está de acuerdo,Sí está de acuerdo
716,58,Mujer,Sonora,Secundaria,Urbana,45-59,No,Sí,83228.12,Secundaria completa,Realizaba alguna otra actividad para generar ingresos,,Es usted (la persona entrevistada es jefa o jefe del hogar),,,,,,,3,Ninguno,Ninguno,No por falta de recursos,1,1,Sí,Urbana,,No está de acuerdo,No sabe/No responde,Sí está de acuerdo,No está de acuerdo,No está de acuerdo,Sí está de acuerdo,Sí está de acuerdo,Sí está de acuerdo,Sí está de acuerdo,Sí está de acuerdo,No sabe/No responde,No está de acuerdo
718,45,Hombre,Ciudad de México,Preparatoria o bachillerato,Urbana,45-59,No,No,69164.96,Licenciatura incompleta,Trabajó con pago,,Es usted (la persona entrevistada es jefa o jefe del hogar),,,,,,,5,2 o más,2 o más,Sí,1,4,No,Urbana,,No sabe/No responde,Sí está de acuerdo,No está de acuerdo,No está de acuerdo,Sí está de acuerdo,No está de acuerdo,Sí está de acuerdo,Sí está de acuerdo,Sí está de acuerdo,No está de acuerdo,Sí está de acuerdo,No está de acuerdo
719,37,Hombre,México,Maestría o especialidad,Urbana,35-44,No,No,24834.13,Diplomado o maestría,Trabajó con pago,,Es usted (la persona entrevistada es jefa o jefe del hogar),,,,,,,4,2 o más,2 o más,Sí,2,2,No,Urbana,,Sí está de acuerdo,Sí está de acuerdo,Sí está de acuerdo,Sí está de acuerdo,Ni de acuerdo ni en desacuerdo,No está de acuerdo,Sí está de acuerdo,Sí está de acuerdo,Sí está de acuerdo,Sí está de acuerdo,Sí está de acuerdo,Sí está de acuerdo
720,49,Hombre,Sonora,Secundaria,Rural,45-59,No,No,65647.3,Preparatoria incompleta,Trabajó con pago,,Cónyuge o pareja,,41.0,Mujer,,Preparatoria incompleta,,4,Uno,Ninguno,Sí,1,3,No,Rural,,Sí está de acuerdo,No está de acuerdo,No está de acuerdo,Sí está de acuerdo,No está de acuerdo,No está de acuerdo,Sí está de acuerdo,No está de acuerdo,No está de acuerdo,Sí está de acuerdo,Sí está de acuerdo,Sí está de acuerdo
721,58,Mujer,Michoacán,Licenciatura o Ingeniería,Urbana,45-59,No,No,47158.43,Licenciatura completa,Trabajó con pago,,Es usted (la persona entrevistada es jefa o jefe del hogar),,,,,,,3,2 o más,2 o más,Sí,3,3,No,Urbana,,Sí está de acuerdo,Ni de acuerdo ni en desacuerdo,Ni de acuerdo ni en desacuerdo,Sí está de acuerdo,Sí está de acuerdo,Sí está de acuerdo,Sí está de acuerdo,Ni de acuerdo ni en desacuerdo,Ni de acuerdo ni en desacuerdo,No está de acuerdo,Ni de acuerdo ni en desacuerdo,Sí está de acuerdo
726,41,Hombre,Ciudad de México,Licenciatura o Ingeniería,Urbana,35-44,No,No,57617.94,Licenciatura completa,Trabajó con pago,,Es usted (la persona entrevistada es jefa o jefe del hogar),,,,,,,4,Uno,Ninguno,Sí,3,2,No,Urbana,,Ni de acuerdo ni en desacuerdo,No está de acuerdo,Sí está de acuerdo,Ni de acuerdo ni en desacuerdo,Ni de acuerdo ni en desacuerdo,Ni de acuerdo ni en desacuerdo,No está de acuerdo,Sí está de acuerdo,No está de acuerdo,No está de acuerdo,No está de acuerdo,Sí está de acuerdo
733,49,Mujer,Michoacán,Carrera técnica o comercial,Urbana,45-59,No,No,66760.65,Carrera técnica,Trabajó con pago,,Es usted (la persona entrevistada es jefa o jefe del hogar),,,,,,,3,Uno,Uno,Sí,1,2,No,Urbana,,Sí está de acuerdo,No está de acuerdo,No está de acuerdo,Sí está de acuerdo,No está de acuerdo,Sí está de acuerdo,Sí está de acuerdo,Sí está de acuerdo,Sí está de acuerdo,No está de acuerdo,Sí está de acuerdo,No está de acuerdo
736,33,Mujer,Ciudad de México,Maestría o especialidad,Urbana,25-34,No,No,36841.18,Diplomado o maestría,Trabajó con pago,,Cónyuge o pareja,,34.0,Hombre,,Diplomado o maestría,,2,Uno,2 o más,Sí,2,1,No,Urbana,,Sí está de acuerdo,No está de acuerdo,No está de acuerdo,Ni de acuerdo ni en desacuerdo,No está de acuerdo,No está de acuerdo,Ni de acuerdo ni en desacuerdo,Ni de acuerdo ni en desacuerdo,Ni de acuerdo ni en desacuerdo,Sí está de acuerdo,Sí está de acuerdo,Sí está de acuerdo
736,27,Mujer,México,Licenciatura o Ingeniería,Urbana,25-34,No,No,67857.0,Licenciatura completa,Trabajó con pago,,Hijo o hija,,57.0,Mujer,,Licenciatura completa,,4,Uno,Uno,Sí,4,3,No,Urbana,,No está de acuerdo,Ni de acuerdo ni en desacuerdo,Ni de acuerdo ni en desacuerdo,Ni de acuerdo ni en desacuerdo,Ni de acuerdo ni en desacuerdo,No está de acuerdo,Ni de acuerdo ni en desacuerdo,No está de acuerdo,Ni de acuerdo ni en desacuerdo,No está de acuerdo,Sí está de acuerdo,Sí está de acuerdo
738,21,Hombre,Oaxaca,Preparatoria o bachillerato,Urbana,18-24,No,Sí,61670.77,Licenciatura incompleta,[Esp.] Desempleado,,Es usted (la persona entrevistada es jefa o jefe del hogar),,,,,,,1,2 o más,Ninguno,Sí,Ninguno,1,Sí,Urbana,,Sí está de acuerdo,Sí está de acuerdo,No está de acuerdo,Sí está de acuerdo,No está de acuerdo,No está de acuerdo,Sí está de acuerdo,No está de acuerdo,Sí está de acuerdo,No está de acuerdo,Sí está de acuerdo,Sí está de acuerdo
740,32,Mujer,Ciudad de México,Preparatoria o bachillerato,Urbana,45-59,No,No,66354.2,Licenciatura completa,Trabajó con pago,,Cónyuge o pareja,,37.0,Hombre,,Licenciatura completa,,2,2 o más,2 o más,Sí,2,1,No,Urbana,,Ni de acuerdo ni en desacuerdo,Sí está de acuerdo,Sí está de acuerdo,Sí está de acuerdo,No está de acuerdo,Sí está de acuerdo,Sí está de acuerdo,Sí está de acuerdo,Sí está de acuerdo,No está de acuerdo,Ni de acuerdo ni en desacuerdo,Sí está de acuerdo
740,50,Mujer,Sonora,Licenciatura o Ingeniería,Urbana,25-34,No,No,76158.52,Preparatoria completa,Trabajó con pago,,Padre o madre,,50.0,Hombre,,Preparatoria completa,,5,Uno,Uno,Sí,Ninguno,2,No,Urbana,,Sí está de acuerdo,Sí está de acuerdo,Sí está de acuerdo,Sí está de acuerdo,No está de acuerdo,No está de acuerdo,Sí está de acuerdo,Ni de acuerdo ni en desacuerdo,Ni de acuerdo ni en desacuerdo,Ni de acuerdo ni en desacuerdo,Sí está de acuerdo,Ni de acuerdo ni en desacuerdo
748,69,Hombre,México,Secundaria,Rural,60+,No,No,70364.31,Secundaria completa,Trabajó con pago,,Es usted (la persona entrevistada es jefa o jefe del hogar),,,,,,,5,2 o más,Uno,Sí,3,4,No,Rural,,Ni de acuerdo ni en desacuerdo,Ni de acuerdo ni en desacuerdo,Sí está de acuerdo,Sí está de acuerdo,Sí está de acuerdo,Sí está de acuerdo,Sí está de acuerdo,Ni de acuerdo ni en desacuerdo,Sí está de acuerdo,Sí está de acuerdo,Sí está de acuerdo,Ni de acuerdo ni en desacuerdo
750,50,Mujer,Veracruz,Secundaria,Rural,45-59,No,Sí,92561.12,Secundaria completa,Se dedicaba al hogar,,Es usted (la persona entrevistada es jefa o jefe del hogar),,,,,,,2,Uno,2 o más,Sí,1,2,Sí,Rural,,Sí está de acuerdo,No está de acuerdo,No está de acuerdo,Ni de acuerdo ni en desacuerdo,No está de acuerdo,Sí está de acuerdo,Ni de acuerdo ni en desacuerdo,No está de acuerdo,No está de acuerdo,No está de acuerdo,Sí está de acuerdo,Sí está de acuerdo
753,20,Mujer,México,Secundaria,Urbana,18-24,No,No,98050.06,Licenciatura incompleta,Estudiaba,,Hijo o hija,,50.0,Mujer,,Secundaria completa,,3,Uno,Ninguno,Sí,2,2,No,Urbana,,Sí está de acuerdo,Sí está de acuerdo,No está de acuerdo,Sí está de acuerdo,Sí está de acuerdo,No está de acuerdo,Sí está de acuerdo,Sí está de acuerdo,Sí está de acuerdo,No está de acuerdo,No está de acuerdo,Sí está de acuerdo
755,71,Mujer,Sonora,Primaria,Urbana,60+,No,Sí,129596.34,Primaria completa,Se dedicaba al hogar,,Es usted (la persona entrevistada es jefa o jefe del hogar),,,,,,,2,Uno,Uno,Sí,Ninguno,2,Sí,Urbana,,No está de acuerdo,Sí está de acuerdo,Sí está de acuerdo,No está de acuerdo,Sí está de acuerdo,Sí está de acuerdo,Ni de acuerdo ni en desacuerdo,No está de acuerdo,No está de acuerdo,No sabe/No responde,Sí está de acuerdo,Sí está de acuerdo
756,30,Mujer,Veracruz,Licenciatura o Ingeniería,Urbana,25-34,No,No,64092.33,Licenciatura completa,Trabajó con pago,,Cónyuge o pareja,,36.0,Hombre,,Licenciatura completa,,2,Uno,2 o más,Sí,2,2,No,Urbana,,Sí está de acuerdo,Sí está de acuerdo,Ni de acuerdo ni en desacuerdo,Sí está de acuerdo,No está de acuerdo,Sí está de acuerdo,Ni de acuerdo ni en desacuerdo,No está de acuerdo,Sí está de acuerdo,Sí está de acuerdo,Sí está de acuerdo,No está de acuerdo
761,40,Hombre,Sonora,No estudió/ Otro,Rural,35-44,No,No,38188.17,No estudió,Trabajó con pago,,Es usted (la persona entrevistada es jefa o jefe del hogar),,,,,,,4,No sabe/No responde,Ninguno,No sabe/No responde,1,No sabe/No responde,No,Rural,,Sí está de acuerdo,Sí está de acuerdo,Sí está de acuerdo,Sí está de acuerdo,No está de acuerdo,Ni de acuerdo ni en desacuerdo,Sí está de acuerdo,No está de acuerdo,Sí está de acuerdo,No está de acuerdo,No está de acuerdo,Sí está de acuerdo
764,66,Hombre,Ciudad de México,Secundaria,Urbana,60+,No,No,78972.57,Secundaria completa,Trabajó con pago,,Es usted (la persona entrevistada es jefa o jefe del hogar),,,,,,,1,Uno,Ninguno,"No, no lo quieren",1,1,No,Urbana,,No está de acuerdo,Sí está de acuerdo,Sí está de acuerdo,Sí está de acuerdo,No está de acuerdo,Sí está de acuerdo,Sí está de acuerdo,Sí está de acuerdo,No está de acuerdo,No está de acuerdo,Sí está de acuerdo,Sí está de acuerdo
766,65,Hombre,Morelos,Preparatoria o bachillerato,Urbana,60+,No,No,51323.68,Licenciatura incompleta,Trabajó con pago,,Es usted (la persona entrevistada es jefa o jefe del hogar),,,,,,,1,Uno,Uno,"No, otra razón",1,3,No,Urbana,,No está de acuerdo,No está de acuerdo,Sí está de acuerdo,Sí está de acuerdo,Sí está de acuerdo,No está de acuerdo,Sí está de acuerdo,Sí está de acuerdo,No está de acuerdo,Sí está de acuerdo,No está de acuerdo,Sí está de acuerdo
766,43,Mujer,Veracruz,Primaria,Rural,35-44,No,No,111009.92,Primaria completa,Trabajó con pago,,Es usted (la persona entrevistada es jefa o jefe del hogar),,,,,,,2,Uno,Ninguno,Sí,1,1,No,Rural,,Sí está de acuerdo,No sabe/No responde,Sí está de acuerdo,Sí está de acuerdo,Sí está de acuerdo,Sí está de acuerdo,No está de acuerdo,Sí está de acuerdo,Sí está de acuerdo,Sí está de acuerdo,Sí está de acuerdo,Sí está de acuerdo
771,30,Mujer,México,Maestría o especialidad,Urbana,25-34,No,No,27878.07,Secundaria completa,Se dedicaba al hogar,,Es usted (la persona entrevistada es jefa o jefe del hogar),,,,,,,5,Uno,Ninguno,Sí,1,2,No,Urbana,,No está de acuerdo,Sí está de acuerdo,Ni de acuerdo ni en desacuerdo,Sí está de acuerdo,Ni de acuerdo ni en desacuerdo,Sí está de acuerdo,Sí está de acuerdo,Sí está de acuerdo,Sí está de acuerdo,Sí está de acuerdo,Sí está de acuerdo,Sí está de acuerdo
771,28,Mujer,Sonora,Secundaria,Rural,25-34,No,No,119991.89,Diplomado o maestría,Trabajó con pago,,Es usted (la persona entrevistada es jefa o jefe del hogar),,,,,,,3,Uno,Uno,Sí,Ninguno,2,No,Rural,,No está de acuerdo,Sí está de acuerdo,Sí está de acuerdo,No está de acuerdo,No está de acuerdo,No está de acuerdo,Sí está de acuerdo,No está de acuerdo,Sí está de acuerdo,No está de acuerdo,Sí está de acuerdo,No está de acuerdo
771,58,Mujer,Chiapas,No estudió/ Otro,Rural,45-59,No,Sí,48010.35,Primaria incompleta,Vendía o hacía algún producto para vender,,Padre o madre,,77.0,Mujer,,No estudió,,4,Ninguno,Ninguno,"No, otra razón",3,2,Sí,Rural,,No está de acuerdo,Sí está de acuerdo,Sí está de acuerdo,Sí está de acuerdo,Ni de acuerdo ni en desacuerdo,Sí está de acuerdo,Sí está de acuerdo,Sí está de acuerdo,Ni de acuerdo ni en desacuerdo,Sí está de acuerdo,No está de acuerdo,Ni de acuerdo ni en desacuerdo
776,60,Hombre,Oaxaca,Secundaria,Urbana,60+,No,No,58090.34,Secundaria completa,Trabajó sin pago,,Es usted (la persona entrevistada es jefa o jefe del hogar),,,,,,,7,2 o más,Ninguno,"No, otra razón",4,3,No,Urbana,,No está de acuerdo,No está de acuerdo,No está de acuerdo,Sí está de acuerdo,Ni de acuerdo ni en desacuerdo,No está de acuerdo,Ni de acuerdo ni en desacuerdo,No sabe/No responde,Ni de acuerdo ni en desacuerdo,No sabe/No responde,No está de acuerdo,No está de acuerdo
777,31,Hombre,Puebla,Licenciatura o Ingeniería,Urbana,25-34,No,No,45552.28,Licenciatura completa,Trabajó con pago,,Es usted (la persona entrevistada es jefa o jefe del hogar),,,,,,,2,2 o más,2 o más,Sí,2,1,No,Urbana,,No está de acuerdo,Sí está de acuerdo,No está de acuerdo,No está de acuerdo,No está de acuerdo,No está de acuerdo,No está de acuerdo,Sí está de acuerdo,Sí está de acuerdo,No está de acuerdo,No está de acuerdo,Sí está de acuerdo
784,18,Hombre,Campeche,Secundaria,Rural,18-24,Sí,No,76742.78,Preparatoria incompleta,Estudiaba,,Hijo o hija,,46.0,Hombre,,Preparatoria incompleta,,5,Ninguno,Ninguno,Sí,3,2,No,Rural,,Sí está de acuerdo,Ni de acuerdo ni en desacuerdo,No está de acuerdo,Ni de acuerdo ni en desacuerdo,Ni de acuerdo ni en desacuerdo,No está de acuerdo,Sí está de acuerdo,Ni de acuerdo ni en desacuerdo,Ni de acuerdo ni en desacuerdo,No está de acuerdo,Ni de acuerdo ni en desacuerdo,Sí está de acuerdo
785,35,Hombre,Nuevo León,Licenciatura o Ingeniería,Urbana,35-44,Sí,No,52316.79,Licenciatura completa,Trabajó con pago,,Es usted (la persona entrevistada es jefa o jefe del hogar),,,,,,,1,2 o más,Ninguno,"No, otra razón",1,3,No,Urbana,,Sí está de acuerdo,Sí está de acuerdo,Ni de acuerdo ni en desacuerdo,No está de acuerdo,Ni de acuerdo ni en desacuerdo,No está de acuerdo,Sí está de acuerdo,Sí está de acuerdo,Ni de acuerdo ni en desacuerdo,No está de acuerdo,Sí está de acuerdo,No está de acuerdo
790,25,Hombre,Baja California,Preparatoria o bachillerato,Urbana,25-34,No,No,82404.69,Licenciatura incompleta,Trabajó con pago,,Es usted (la persona entrevistada es jefa o jefe del hogar),,,,,,,3,Uno,Uno,Sí,Ninguno,2,No,Urbana,,No está de acuerdo,No está de acuerdo,No está de acuerdo,Sí está de acuerdo,No sabe/No responde,No está de acuerdo,Sí está de acuerdo,Ni de acuerdo ni en desacuerdo,Sí está de acuerdo,Ni de acuerdo ni en desacuerdo,Sí está de acuerdo,Sí está de acuerdo
792,18,Hombre,Chiapas,No estudió/ Otro,Rural,18-24,Sí,No,45903.65,Secundaria completa,Trabajó con pago,,Hijo o hija,,55.0,Hombre,,No estudió,,7,Uno,Ninguno,"No, no lo quieren",3,5 o más,No,Rural,,No está de acuerdo,No está de acuerdo,Sí está de acuerdo,Sí está de acuerdo,No está de acuerdo,Sí está de acuerdo,Sí está de acuerdo,Ni de acuerdo ni en desacuerdo,Sí está de acuerdo,No está de acuerdo,Sí está de acuerdo,No está de acuerdo
793,19,Mujer,Veracruz,Primaria,Rural,18-24,Sí,No,126954.44,Preparatoria incompleta,Estudiaba,,Hijo o hija,,43.0,Hombre,,Primaria completa,,6,Ninguno,Ninguno,No por falta de recursos,Ninguno,1,No,Rural,,Sí está de acuerdo,Sí está de acuerdo,No está de acuerdo,Sí está de acuerdo,Sí está de acuerdo,Sí está de acuerdo,Ni de acuerdo ni en desacuerdo,Sí está de acuerdo,Ni de acuerdo ni en desacuerdo,No está de acuerdo,Sí está de acuerdo,Sí está de acuerdo
796,52,Mujer,Nuevo León,Secundaria,Urbana,45-59,No,No,99867.54,Preparatoria incompleta,Se dedicaba al hogar,,Es usted (la persona entrevistada es jefa o jefe del hogar),,,,,,,2,Uno,Ninguno,Sí,1,2,No,Urbana,,No está de acuerdo,Ni de acuerdo ni en desacuerdo,Sí está de acuerdo,No está de acuerdo,No está de acuerdo,Sí está de acuerdo,Ni de acuerdo ni en desacuerdo,No está de acuerdo,Ni de acuerdo ni en desacuerdo,Ni de acuerdo ni en desacuerdo,No está de acuerdo,No está de acuerdo
797,74,Hombre,Nuevo León,Licenciatura o Ingeniería,Urbana,60+,No,No,40551.08,Licenciatura completa,Era jubilado o pensionado(a) (Programa Adultos Mayores),,Es usted (la persona entrevistada es jefa o jefe del hogar),,,,,,,2,Uno,Ninguno,Sí,Ninguno,1,No,Urbana,,No está de acuerdo,Sí está de acuerdo,Sí está de acuerdo,Sí está de acuerdo,No está de acuerdo,No está de acuerdo,Sí está de acuerdo,No está de acuerdo,Sí está de acuerdo,No está de acuerdo,Sí está de acuerdo,No está de acuerdo
799,33,Mujer,Veracruz,Licenciatura o Ingeniería,Urbana,25-34,No,No,64092.33,Licenciatura completa,Trabajó con pago,,Es usted (la persona entrevistada es jefa o jefe del hogar),,,,,,,1,Uno,Ninguno,Sí,Ninguno,2,No,Urbana,,Sí está de acuerdo,Ni de acuerdo ni en desacuerdo,Ni de acuerdo ni en desacuerdo,Sí está de acuerdo,Sí está de acuerdo,Sí está de acuerdo,No está de acuerdo,Sí está de acuerdo,Sí está de acuerdo,Sí está de acuerdo,Sí está de acuerdo,Sí está de acuerdo
800,19,Mujer,Veracruz,Secundaria,Rural,18-24,No,No,92610.29,Preparatoria completa,Se dedicaba al hogar,,Hijo o hija,,49.0,Hombre,,Secundaria completa,,5,Ninguno,Uno,No por falta de recursos,1,2,No,Rural,,No está de acuerdo,Sí está de acuerdo,No está de acuerdo,Sí está de acuerdo,No está de acuerdo,No está de acuerdo,No está de acuerdo,Sí está de acuerdo,Sí está de acuerdo,No está de acuerdo,Sí está de acuerdo,Sí está de acuerdo
801,39,Hombre,San Luis Potosí,Maestría o especialidad,Urbana,35-44,No,No,22184.52,Diplomado o maestría,Trabajó sin pago,,Es usted (la persona entrevistada es jefa o jefe del hogar),,,,,,,5,2 o más,2 o más,Sí,2,4,No,Urbana,,No está de acuerdo,No está de acuerdo,Sí está de acuerdo,Sí está de acuerdo,Sí está de acuerdo,No está de acuerdo,Sí está de acuerdo,No está de acuerdo,Sí está de acuerdo,Sí está de acuerdo,Sí está de acuerdo,Sí está de acuerdo
804,31,Mujer,Ciudad de México,Secundaria,Rural,25-34,No,No,122281.03,Licenciatura completa,Trabajó con pago,,Es usted (la persona entrevistada es jefa o jefe del hogar),,,,,,,3,Uno,Ninguno,"No, otra razón",2,2,No,Rural,,No está de acuerdo,No está de acuerdo,Ni de acuerdo ni en desacuerdo,Ni de acuerdo ni en desacuerdo,No está de acuerdo,Sí está de acuerdo,Sí está de acuerdo,No está de acuerdo,Sí está de acuerdo,Sí está de acuerdo,Sí está de acuerdo,No está de acuerdo
804,25,Hombre,Nuevo León,Licenciatura o Ingeniería,Urbana,25-34,No,No,58560.85,Licenciatura incompleta,Trabajó con pago,,Hijo o hija,,53.0,Mujer,,Secundaria completa,,3,2 o más,2 o más,Sí,2,2,No,Urbana,,Ni de acuerdo ni en desacuerdo,No está de acuerdo,Ni de acuerdo ni en desacuerdo,No está de acuerdo,No está de acuerdo,No está de acuerdo,Sí está de acuerdo,Sí está de acuerdo,Sí está de acuerdo,Sí está de acuerdo,Sí está de acuerdo,Sí está de acuerdo
807,47,Hombre,Baja California,Preparatoria o bachillerato,Urbana,45-59,No,No,69035.92,Preparatoria completa,Trabajó con pago,,Es usted (la persona entrevistada es jefa o jefe del hogar),,,,,,,1,Uno,Ninguno,"No, otra razón",1,1,No,Urbana,,No está de acuerdo,Ni de acuerdo ni en desacuerdo,Sí está de acuerdo,Sí está de acuerdo,Ni de acuerdo ni en desacuerdo,Ni de acuerdo ni en desacuerdo,No está de acuerdo,Sí está de acuerdo,Sí está de acuerdo,No está de acuerdo,Ni de acuerdo ni en desacuerdo,Ni de acuerdo ni en desacuerdo
809,31,Mujer,Ciudad de México,Secundaria,Urbana,18-24,No,No,99920.6,Licenciatura completa,Trabajó con pago,,Es usted (la persona entrevistada es jefa o jefe del hogar),,,,,,,3,2 o más,2 o más,Sí,2,2,No,Urbana,,Sí está de acuerdo,No está de acuerdo,No está de acuerdo,Ni de acuerdo ni en desacuerdo,Ni de acuerdo ni en desacuerdo,No está de acuerdo,Ni de acuerdo ni en desacuerdo,Ni de acuerdo ni en desacuerdo,Ni de acuerdo ni en desacuerdo,No está de acuerdo,Sí está de acuerdo,No está de acuerdo
809,23,Hombre,Nuevo León,Licenciatura o Ingeniería,Rural,25-34,No,No,58560.85,Licenciatura completa,[Esp.] Desempleado,,Hijo o hija,,49.0,Hombre,,Secundaria completa,,4,Uno,Uno,Sí,2,2,No,Rural,,No está de acuerdo,Sí está de acuerdo,Sí está de acuerdo,No está de acuerdo,No está de acuerdo,No está de acuerdo,No está de acuerdo,No está de acuerdo,No está de acuerdo,No está de acuerdo,Sí está de acuerdo,No está de acuerdo
812,18,Hombre,Guanajuato,Licenciatura o Ingeniería,Urbana,18-24,No,No,52617.82,Preparatoria completa,Estudiaba,,Padre o madre,,39.0,Hombre,,Licenciatura completa,,6,Uno,2 o más,Sí,5 o más,3,No,Urbana,,No está de acuerdo,No está de acuerdo,No está de acuerdo,No está de acuerdo,No está de acuerdo,Sí está de acuerdo,Sí está de acuerdo,No está de acuerdo,No está de acuerdo,No está de acuerdo,No está de acuerdo,No está de acuerdo
816,60,Hombre,Baja California,Secundaria,Urbana,60+,No,Sí,78825.23,Preparatoria incompleta,Era jubilado o pensionado(a) (Programa Adultos Mayores),,Es usted (la persona entrevistada es jefa o jefe del hogar),,,,,,,2,Uno,Uno,Sí,Ninguno,2,Sí,Urbana,,No está de acuerdo,No está de acuerdo,Sí está de acuerdo,Sí está de acuerdo,No está de acuerdo,No está de acuerdo,Sí está de acuerdo,No está de acuerdo,Ni de acuerdo ni en desacuerdo,Sí está de acuerdo,Sí está de acuerdo,Sí está de acuerdo
817,67,Mujer,Guanajuato,Primaria,Rural,60+,No,No,151530.62,No estudió,Se dedicaba al hogar,,Cónyuge o pareja,,64.0,Hombre,,Primaria completa,,2,Uno,Uno,"No, no lo quieren",1,5 o más,No,Rural,,No está de acuerdo,Sí está de acuerdo,Ni de acuerdo ni en desacuerdo,No sabe/No responde,No está de acuerdo,No está de acuerdo,No está de acuerdo,No está de acuerdo,No está de acuerdo,No está de acuerdo,No está de acuerdo,Sí está de acuerdo
818,70,Hombre,Nuevo León,Maestría o especialidad,Urbana,60+,No,Sí,19616.32,Diplomado o maestría,Trabajó con pago,,Es usted (la persona entrevistada es jefa o jefe del hogar),,,,,,,2,2 o más,Uno,Sí,2,2,Sí,Urbana,,Sí está de acuerdo,No está de acuerdo,Sí está de acuerdo,Sí está de acuerdo,Sí está de acuerdo,Sí está de acuerdo,Sí está de acuerdo,No está de acuerdo,No está de acuerdo,No está de acuerdo,No está de acuerdo,No está de acuerdo
822,34,Hombre,Nuevo León,Preparatoria o bachillerato,Urbana,25-34,No,No,74962.9,Preparatoria completa,Trabajó con pago,,Es usted (la persona entrevistada es jefa o jefe del hogar),,,,,,,2,2 o más,Uno,Sí,1,2,No,Urbana,,Ni de acuerdo ni en desacuerdo,Ni de acuerdo ni en desacuerdo,Ni de acuerdo ni en desacuerdo,Ni de acuerdo ni en desacuerdo,No está de acuerdo,No está de acuerdo,Ni de acuerdo ni en desacuerdo,Ni de acuerdo ni en desacuerdo,Sí está de acuerdo,No está de acuerdo,Sí está de acuerdo,Sí está de acuerdo
823,80,Hombre,Guanajuato,Secundaria,Urbana,60+,No,No,69873.58,Secundaria completa,Era jubilado o pensionado(a) (Programa Adultos Mayores),,Es usted (la persona entrevistada es jefa o jefe del hogar),,,,,,,1,Uno,Uno,Sí,Ninguno,1,No,Urbana,,No está de acuerdo,Ni de acuerdo ni en desacuerdo,No sabe/No responde,No sabe/No responde,No está de acuerdo,No está de acuerdo,No sabe/No responde,No está de acuerdo,No está de acuerdo,No sabe/No responde,No está de acuerdo,No sabe/No responde
823,60,Hombre,Chiapas,Preparatoria o bachillerato,Urbana,60+,No,Sí,55486.04,Licenciatura incompleta,Vendía o hacía algún producto para vender,,Es usted (la persona entrevistada es jefa o jefe del hogar),,,,,,,5,2 o más,Ninguno,Sí,1,2,Sí,Urbana,,Sí está de acuerdo,Sí está de acuerdo,Sí está de acuerdo,Ni de acuerdo ni en desacuerdo,No está de acuerdo,Sí está de acuerdo,Sí está de acuerdo,Sí está de acuerdo,Sí está de acuerdo,Sí está de acuerdo,Sí está de acuerdo,Sí está de acuerdo
824,21,Mujer,Baja California,Preparatoria o bachillerato,Urbana,18-24,No,No,87570.74,Secundaria incompleta,Se dedicaba al hogar,,Cónyuge o pareja,,30.0,Hombre,,Preparatoria completa,,3,Uno,Uno,Sí,1,1,No,Urbana,,Sí está de acuerdo,Ni de acuerdo ni en desacuerdo,Sí está de acuerdo,Sí está de acuerdo,No está de acuerdo,Sí está de acuerdo,Ni de acuerdo ni en desacuerdo,Ni de acuerdo ni en desacuerdo,Sí está de acuerdo,Sí está de acuerdo,Sí está de acuerdo,No está de acuerdo
825,48,Hombre,Nuevo León,Licenciatura o Ingeniería,Urbana,45-59,No,No,44546.53,Licenciatura completa,Trabajó con pago,,Es usted (la persona entrevistada es jefa o jefe del hogar),,,,,,,4,2 o más,Uno,Sí,2,3,No,Urbana,,No está de acuerdo,Sí está de acuerdo,No está de acuerdo,No está de acuerdo,No está de acuerdo,No está de acuerdo,No está de acuerdo,Sí está de acuerdo,Sí está de acuerdo,No está de acuerdo,Sí está de acuerdo,No está de acuerdo
830,66,Mujer,Guanajuato,Secundaria,Rural,60+,No,Sí,110538.05,Secundaria completa,Se dedicaba al hogar,,Es usted (la persona entrevistada es jefa o jefe del hogar),,,,,,,5,2 o más,Ninguno,Sí,Ninguno,4,Sí,Rural,,Sí está de acuerdo,No está de acuerdo,Sí está de acuerdo,Sí está de acuerdo,Sí está de acuerdo,No está de acuerdo,Sí está de acuerdo,No está de acuerdo,No sabe/No responde,No está de acuerdo,Sí está de acuerdo,No está de acuerdo
833,37,Hombre,Baja California,Licenciatura o Ingeniería,Rural,35-44,No,No,57510.44,Licenciatura completa,Trabajó con pago,,Es usted (la persona entrevistada es jefa o jefe del hogar),,,,,,,3,Uno,2 o más,Sí,1,1,No,Rural,,Ni de acuerdo ni en desacuerdo,Ni de acuerdo ni en desacuerdo,Ni de acuerdo ni en desacuerdo,Ni de acuerdo ni en desacuerdo,Ni de acuerdo ni en desacuerdo,Sí está de acuerdo,Ni de acuerdo ni en desacuerdo,No está de acuerdo,Ni de acuerdo ni en desacuerdo,No está de acuerdo,Ni de acuerdo ni en desacuerdo,Ni de acuerdo ni en desacuerdo
840,22,Hombre,Nuevo León,Licenciatura o Ingeniería,Urbana,18-24,No,No,53998.22,Licenciatura incompleta,Trabajó con pago,,Hijo o hija,,56.0,Mujer,,Licenciatura completa,,5,2 o más,2 o más,Sí,3,3,No,Urbana,,No sabe/No responde,Sí está de acuerdo,No está de acuerdo,No está de acuerdo,No está de acuerdo,Sí está de acuerdo,Sí está de acuerdo,No está de acuerdo,Sí está de acuerdo,Sí está de acuerdo,No está de acuerdo,Sí está de acuerdo
841,40,Mujer,Ciudad de México,Licenciatura o Ingeniería,Urbana,35-44,No,No,54416.22,Licenciatura completa,Trabajó con pago,,Es usted (la persona entrevistada es jefa o jefe del hogar),,,,,,,6,2 o más,2 o más,Sí,4,3,No,Urbana,,Ni de acuerdo ni en desacuerdo,Sí está de acuerdo,Sí está de acuerdo,Ni de acuerdo ni en desacuerdo,No está de acuerdo,No está de acuerdo,No está de acuerdo,No está de acuerdo,Sí está de acuerdo,No está de acuerdo,Sí está de acuerdo,Ni de acuerdo ni en desacuerdo
842,22,Hombre,Chiapas,Licenciatura o Ingeniería,Rural,18-24,No,No,52408.92,Licenciatura completa,Trabajó con pago,,Padre o madre,,45.0,Mujer,,Licenciatura completa,,4,2 o más,Ninguno,Sí,1,3,No,Rural,,No está de acuerdo,Ni de acuerdo ni en desacuerdo,Sí está de acuerdo,Sí está de acuerdo,No está de acuerdo,Ni de acuerdo ni en desacuerdo,Ni de acuerdo ni en desacuerdo,Ni de acuerdo ni en desacuerdo,Sí está de acuerdo,No está de acuerdo,Ni de acuerdo ni en desacuerdo,Sí está de acuerdo
844,49,Hombre,Nuevo León,Secundaria,Urbana,45-59,No,No,78771.87,Preparatoria incompleta,Trabajó con pago,,Es usted (la persona entrevistada es jefa o jefe del hogar),,,,,,,1,Uno,Ninguno,Sí,1,2,No,Urbana,,No está de acuerdo,Sí está de acuerdo,Sí está de acuerdo,Sí está de acuerdo,No está de acuerdo,Sí está de acuerdo,No está de acuerdo,No está de acuerdo,Sí está de acuerdo,No está de acuerdo,Sí está de acuerdo,Sí está de acuerdo
846,52,Mujer,Nuevo León,Secundaria,Urbana,45-59,No,No,99867.54,Secundaria completa,Se dedicaba al hogar,,Es usted (la persona entrevistada es jefa o jefe del hogar),,,,,,,5,Uno,Ninguno,Sí,3,3,No,Urbana,,No está de acuerdo,Sí está de acuerdo,Sí está de acuerdo,Sí está de acuerdo,No está de acuerdo,No está de acuerdo,Sí está de acuerdo,No está de acuerdo,Sí está de acuerdo,Sí está de acuerdo,No está de acuerdo,Sí está de acuerdo
847,47,Mujer,Nuevo León,Carrera técnica o comercial,Urbana,45-59,No,No,79951.81,Carrera técnica,Se dedicaba al hogar,,Es usted (la persona entrevistada es jefa o jefe del hogar),,,,,,,4,2 o más,Uno,Sí,2,4,No,Urbana,,No está de acuerdo,Sí está de acuerdo,Sí está de acuerdo,Sí está de acuerdo,Sí está de acuerdo,Sí está de acuerdo,Ni de acuerdo ni en desacuerdo,No está de acuerdo,No está de acuerdo,No está de acuerdo,Sí está de acuerdo,No está de acuerdo
847,55,Hombre,Nuevo León,Secundaria,Rural,45-59,No,No,78771.87,Preparatoria incompleta,Trabajó con pago,,Es usted (la persona entrevistada es jefa o jefe del hogar),,,,,,,14,Uno,Uno,Sí,5 o más,3,No,Rural,,Sí está de acuerdo,Sí está de acuerdo,Sí está de acuerdo,Sí está de acuerdo,Sí está de acuerdo,Sí está de acuerdo,Sí está de acuerdo,Sí está de acuerdo,Sí está de acuerdo,Sí está de acuerdo,Sí está de acuerdo,Ni de acuerdo ni en desacuerdo
848,79,Mujer,Baja California,Preparatoria o bachillerato,Urbana,18-24,Sí,No,79662.4,Carrera técnica,Trabajó con pago,,Es usted (la persona entrevistada es jefa o jefe del hogar),,,,,,,1,Uno,2 o más,Sí,1,1,No,Urbana,,Sí está de acuerdo,No está de acuerdo,Sí está de acuerdo,Sí está de acuerdo,No está de acuerdo,No está de acuerdo,No está de acuerdo,Sí está de acuerdo,No está de acuerdo,No está de acuerdo,Sí está de acuerdo,Sí está de acuerdo
848,18,Hombre,Nuevo León,Carrera técnica o comercial,Urbana,60+,No,No,63105.79,Licenciatura incompleta,Estudiaba,,Hijo o hija,,41.0,Mujer,,Preparatoria completa,,5,2 o más,2 o más,Sí,1,3,No,Urbana,,Ni de acuerdo ni en desacuerdo,Ni de acuerdo ni en desacuerdo,Ni de acuerdo ni en desacuerdo,Ni de acuerdo ni en desacuerdo,No está de acuerdo,No está de acuerdo,Sí está de acuerdo,Ni de acuerdo ni en desacuerdo,Sí está de acuerdo,Ni de acuerdo ni en desacuerdo,No está de acuerdo,Sí está de acuerdo
849,60,Mujer,Nuevo León,Licenciatura o Ingeniería,No sabe/No responde,60+,No sabe/No responde,No sabe/No responde,64150.66,Licenciatura completa,Trabajó con pago,,Es usted (la persona entrevistada es jefa o jefe del hogar),,,,,,,3,Uno,2 o más,No sabe/No responde,1,2,No sabe/No responde,No sabe/No responde,,No está de acuerdo,No está de acuerdo,No está de acuerdo,No está de acuerdo,No está de acuerdo,No está de acuerdo,Sí está de acuerdo,No está de acuerdo,Sí está de acuerdo,No está de acuerdo,Sí está de acuerdo,No está de acuerdo
856,25,Mujer,Nuevo León,Secundaria,Urbana,25-34,No,No,122281.03,Primaria completa,Se dedicaba al hogar,,"[Esp.] Otro, especifique",NIETA,65.0,Mujer,,Secundaria completa,,10,2 o más,Ninguno,Sí,5 o más,4,No,Urbana,,No está de acuerdo,Sí está de acuerdo,Sí está de acuerdo,Sí está de acuerdo,Ni de acuerdo ni en desacuerdo,No está de acuerdo,Sí está de acuerdo,No está de acuerdo,Sí está de acuerdo,No está de acuerdo,Sí está de acuerdo,Sí está de acuerdo
860,64,Mujer,Ciudad de México,Maestría o especialidad,Urbana,60+,No,No,34176.91,Diplomado o maestría,Era jubilado o pensionado(a) (Programa Adultos Mayores),,Cónyuge o pareja,,64.0,Hombre,,Diplomado o maestría,,5,2 o más,2 o más,Sí,3,3,No,Urbana,,No está de acuerdo,Sí está de acuerdo,No está de acuerdo,No está de acuerdo,No está de acuerdo,No está de acuerdo,Sí está de acuerdo,Sí está de acuerdo,Sí está de acuerdo,Ni de acuerdo ni en desacuerdo,Sí está de acuerdo,Sí está de acuerdo
866,65,Hombre,Chiapas,Secundaria,Urbana,60+,No,Sí,69596.18,Secundaria completa,Trabajó con pago,,Es usted (la persona entrevistada es jefa o jefe del hogar),,,,,,,3,Ninguno,Ninguno,Sí,2,3,Sí,Urbana,,Sí está de acuerdo,No sabe/No responde,Sí está de acuerdo,Sí está de acuerdo,Sí está de acuerdo,Ni de acuerdo ni en desacuerdo,No está de acuerdo,Sí está de acuerdo,Sí está de acuerdo,No está de acuerdo,Sí está de acuerdo,Sí está de acuerdo
867,29,Hombre,Nuevo León,Preparatoria o bachillerato,No sabe/No responde,25-34,No,No,74962.9,Preparatoria completa,Trabajó con pago,,Es usted (la persona entrevistada es jefa o jefe del hogar),,,,,,,5,2 o más,2 o más,Sí,1,3,No,No sabe/No responde,,No está de acuerdo,No está de acuerdo,Sí está de acuerdo,Sí está de acuerdo,No está de acuerdo,No está de acuerdo,Sí está de acuerdo,Sí está de acuerdo,No está de acuerdo,Ni de acuerdo ni en desacuerdo,Sí está de acuerdo,Sí está de acuerdo
867,43,Hombre,Nuevo León,Licenciatura o Ingeniería,Urbana,35-44,No,No,52316.79,Licenciatura completa,Trabajó con pago,,Es usted (la persona entrevistada es jefa o jefe del hogar),,,,,,,4,2 o más,Uno,Sí,2,3,No,Urbana,,No está de acuerdo,No está de acuerdo,No está de acuerdo,Sí está de acuerdo,Ni de acuerdo ni en desacuerdo,No está de acuerdo,No está de acuerdo,Ni de acuerdo ni en desacuerdo,Ni de acuerdo ni en desacuerdo,Sí está de acuerdo,Sí está de acuerdo,Sí está de acuerdo
871,40,Hombre,Nuevo León,Licenciatura o Ingeniería,Urbana,35-44,No,No,52316.79,Licenciatura completa,Trabajó con pago,,Es usted (la persona entrevistada es jefa o jefe del hogar),,,,,,,3,2 o más,2 o más,Sí,2,2,No,Urbana,,No está de acuerdo,Ni de acuerdo ni en desacuerdo,Ni de acuerdo ni en desacuerdo,No está de acuerdo,Sí está de acuerdo,Sí está de acuerdo,Ni de acuerdo ni en desacuerdo,Sí está de acuerdo,Sí está de acuerdo,Sí está de acuerdo,Sí está de acuerdo,Sí está de acuerdo
871,62,Hombre,Chihuahua,Secundaria,Urbana,60+,No,No,69072.71,Secundaria completa,Trabajó con pago,,Es usted (la persona entrevistada es jefa o jefe del hogar),,,,,,,2,Uno,Ninguno,Sí,1,2,No,Urbana,,Sí está de acuerdo,Sí está de acuerdo,Sí está de acuerdo,Sí está de acuerdo,No está de acuerdo,Sí está de acuerdo,Sí está de acuerdo,No está de acuerdo,No está de acuerdo,Sí está de acuerdo,No está de acuerdo,Sí está de acuerdo
875,46,Mujer,Coahuila,Secundaria,Urbana,45-59,No,Sí,88413.83,Secundaria completa,Trabajó con pago,,Es usted (la persona entrevistada es jefa o jefe del hogar),,,,,,,5,Uno,Ninguno,Sí,2,2,Sí,Urbana,,No está de acuerdo,Sí está de acuerdo,Sí está de acuerdo,Ni de acuerdo ni en desacuerdo,Sí está de acuerdo,Sí está de acuerdo,Sí está de acuerdo,Sí está de acuerdo,Sí está de acuerdo,No está de acuerdo,Sí está de acuerdo,Sí está de acuerdo
875,52,Hombre,Chihuahua,No estudió/ Otro,Rural,45-59,No,No,37583.98,Primaria incompleta,Trabajó con pago,,Es usted (la persona entrevistada es jefa o jefe del hogar),,,,,,,7,Uno,Uno,No por falta de recursos,5 o más,3,No,Rural,,Sí está de acuerdo,No está de acuerdo,No está de acuerdo,No está de acuerdo,No está de acuerdo,No está de acuerdo,Sí está de acuerdo,Sí está de acuerdo,Sí está de acuerdo,No está de acuerdo,No está de acuerdo,Sí está de acuerdo
876,78,Mujer,Coahuila,Primaria,Urbana,60+,No,Sí,137671.13,Primaria completa,Se dedicaba al hogar,,Es usted (la persona entrevistada es jefa o jefe del hogar),,,,,,,1,Uno,Ninguno,"No, otra razón",Ninguno,1,Sí,Urbana,,No está de acuerdo,Sí está de acuerdo,No está de acuerdo,No está de acuerdo,No está de acuerdo,Sí está de acuerdo,No está de acuerdo,No está de acuerdo,No está de acuerdo,No está de acuerdo,No sabe/No responde,No está de acuerdo
877,40,Hombre,Nuevo León,Secundaria,Urbana,35-44,No,No,92512.06,Secundaria completa,Trabajó con pago,,Es usted (la persona entrevistada es jefa o jefe del hogar),,,,,,,7,Uno,Ninguno,No por falta de recursos,3,3,No,Urbana,,Sí está de acuerdo,Sí está de acuerdo,Sí está de acuerdo,Sí está de acuerdo,Sí está de acuerdo,No está de acuerdo,No está de acuerdo,No está de acuerdo,Sí está de acuerdo,No está de acuerdo,Sí está de acuerdo,Sí está de acuerdo
878,28,Mujer,Ciudad de México,Maestría o especialidad,Urbana,25-34,No,No,36841.18,Diplomado o maestría,Trabajó con pago,,Es usted (la persona entrevistada es jefa o jefe del hogar),,,,,,,1,Uno,Ninguno,Sí,1,1,No,Urbana,,No está de acuerdo,Sí está de acuerdo,No está de acuerdo,No está de acuerdo,No está de acuerdo,No está de acuerdo,No está de acuerdo,No está de acuerdo,Sí está de acuerdo,No está de acuerdo,No está de acuerdo,No está de acuerdo
880,53,Hombre,Nuevo León,Secundaria,Urbana,45-59,No,No,78771.87,Secundaria completa,Trabajó con pago,,Es usted (la persona entrevistada es jefa o jefe del hogar),,,,,,,4,Uno,Uno,Sí,1,2,No,Urbana,,No está de acuerdo,Sí está de acuerdo,Sí está de acuerdo,Sí está de acuerdo,No está de acuerdo,No está de acuerdo,Sí está de acuerdo,Sí está de acuerdo,Ni de acuerdo ni en desacuerdo,No está de acuerdo,Sí está de acuerdo,No está de acuerdo
881,23,Mujer,Nuevo León,Secundaria,Urbana,18-24,Sí,No,99920.6,Licenciatura completa,Trabajó sin pago,,Padre o madre,,62.0,Hombre,,Secundaria completa,,6,2 o más,2 o más,Sí,Ninguno,4,No,Urbana,,No está de acuerdo,No está de acuerdo,No está de acuerdo,Sí está de acuerdo,No está de acuerdo,No está de acuerdo,No está de acuerdo,No está de acuerdo,No está de acuerdo,No está de acuerdo,No está de acuerdo,Sí está de acuerdo
882,41,Hombre,Guanajuato,Licenciatura o Ingeniería,Urbana,35-44,No,Sí,50979.37,Licenciatura completa,Trabajó con pago,,Es usted (la persona entrevistada es jefa o jefe del hogar),,,,,,,3,Ninguno,2 o más,Sí,2,3,Sí,Urbana,,No está de acuerdo,Ni de acuerdo ni en desacuerdo,No está de acuerdo,No está de acuerdo,No está de acuerdo,No está de acuerdo,No está de acuerdo,No está de acuerdo,Sí está de acuerdo,No está de acuerdo,Sí está de acuerdo,No está de acuerdo
883,40,Mujer,Nuevo León,Primaria,Rural,35-44,No,No,119772.63,Primaria completa,Se dedicaba al hogar,,Es usted (la persona entrevistada es jefa o jefe del hogar),,,,,,,7,Ninguno,Ninguno,Sí,2,3,No,Rural,,No está de acuerdo,Sí está de acuerdo,Ni de acuerdo ni en desacuerdo,Sí está de acuerdo,No está de acuerdo,Sí está de acuerdo,No está de acuerdo,Ni de acuerdo ni en desacuerdo,Sí está de acuerdo,No está de acuerdo,Sí está de acuerdo,Sí está de acuerdo
886,64,Hombre,Chihuahua,Secundaria,Urbana,60+,No,No,69072.71,Secundaria completa,Trabajó con pago,,Es usted (la persona entrevistada es jefa o jefe del hogar),,,,,,,3,Uno,2 o más,"No, no lo quieren",1,2,No,Urbana,,Sí está de acuerdo,Sí está de acuerdo,No está de acuerdo,Sí está de acuerdo,Ni de acuerdo ni en desacuerdo,Sí está de acuerdo,Sí está de acuerdo,No está de acuerdo,No está de acuerdo,Ni de acuerdo ni en desacuerdo,No está de acuerdo,Sí está de acuerdo
888,70,Mujer,México,Preparatoria o bachillerato,Rural,18-24,No,Sí,77317.74,Primaria incompleta,Trabajó con pago,,Es usted (la persona entrevistada es jefa o jefe del hogar),,,,,,,4,Uno,Uno,Sí,2,2,Sí,Rural,,No está de acuerdo,No está de acuerdo,Sí está de acuerdo,Sí está de acuerdo,No está de acuerdo,No está de acuerdo,No está de acuerdo,Sí está de acuerdo,Sí está de acuerdo,No está de acuerdo,No sabe/No responde,Sí está de acuerdo
888,20,Hombre,Chiapas,No estudió/ Otro,Rural,60+,No,No,34852.76,Preparatoria completa,Trabajó con pago,,Es usted (la persona entrevistada es jefa o jefe del hogar),,,,,,,5,Uno,Ninguno,Sí,1,2,No,Rural,,Ni de acuerdo ni en desacuerdo,Sí está de acuerdo,Ni de acuerdo ni en desacuerdo,No está de acuerdo,Ni de acuerdo ni en desacuerdo,No está de acuerdo,No está de acuerdo,No está de acuerdo,No está de acuerdo,No está de acuerdo,Sí está de acuerdo,Sí está de acuerdo
894,18,Mujer,Veracruz,Preparatoria o bachillerato,Rural,18-24,Sí,No,73834.21,Preparatoria completa,Se dedicaba al hogar,,Es usted (la persona entrevistada es jefa o jefe del hogar),,,,,,,4,Uno,Uno,Sí,1,3,No,Rural,,No está de acuerdo,Sí está de acuerdo,Ni de acuerdo ni en desacuerdo,Sí está de acuerdo,Sí está de acuerdo,No está de acuerdo,No está de acuerdo,Sí está de acuerdo,Sí está de acuerdo,Sí está de acuerdo,No está de acuerdo,Sí está de acuerdo
895,45,Mujer,Coahuila,Licenciatura o Ingeniería,Urbana,45-59,No,No,56476.41,Preparatoria completa,Se dedicaba al hogar,,Es usted (la persona entrevistada es jefa o jefe del hogar),,,,,,,2,Uno,Ninguno,Sí,1,1,No,Urbana,,No está de acuerdo,Sí está de acuerdo,No está de acuerdo,Sí está de acuerdo,Sí está de acuerdo,Sí está de acuerdo,Sí está de acuerdo,Sí está de acuerdo,Sí está de acuerdo,Sí está de acuerdo,Sí está de acuerdo,Sí está de acuerdo
895,55,Mujer,Jalisco,Preparatoria o bachillerato,Urbana,45-59,No,No,70488.55,Secundaria incompleta,Vendía o hacía algún producto para vender,,Es usted (la persona entrevistada es jefa o jefe del hogar),,,,,,,3,2 o más,2 o más,Sí,3,5 o más,No,Urbana,,Sí está de acuerdo,Sí está de acuerdo,No está de acuerdo,Sí está de acuerdo,No está de acuerdo,Sí está de acuerdo,No está de acuerdo,Sí está de acuerdo,Sí está de acuerdo,No está de acuerdo,Sí está de acuerdo,Sí está de acuerdo
895,56,Hombre,Nuevo León,Primaria,Urbana,45-59,No,No,109806.69,Licenciatura completa,Era jubilado o pensionado(a) (Programa Adultos Mayores),,Cónyuge o pareja,,60.0,Hombre,,Licenciatura completa,,5,2 o más,No sabe/No responde,Sí,4,4,No,Urbana,,Sí está de acuerdo,No está de acuerdo,No está de acuerdo,Sí está de acuerdo,Sí está de acuerdo,No está de acuerdo,No está de acuerdo,Sí está de acuerdo,No está de acuerdo,No está de acuerdo,Sí está de acuerdo,Sí está de acuerdo
896,21,Mujer,Coahuila,Primaria,Urbana,45-59,No,No,136903.01,Licenciatura completa,Trabajó con pago,,Padre o madre,,38.0,Hombre,,Secundaria completa,,8,2 o más,2 o más,Sí,2,1,No,Urbana,,No está de acuerdo,No está de acuerdo,No está de acuerdo,Sí está de acuerdo,No está de acuerdo,No está de acuerdo,Sí está de acuerdo,No está de acuerdo,Sí está de acuerdo,No está de acuerdo,Sí está de acuerdo,Sí está de acuerdo
896,59,Hombre,Nuevo León,Secundaria,Urbana,18-24,No,No,84534.23,Secundaria completa,Trabajó con pago,,Cónyuge o pareja,,62.0,Hombre,,Primaria completa,,1,Uno,Uno,Sí,No sabe/No responde,1,No,Urbana,,No está de acuerdo,Ni de acuerdo ni en desacuerdo,Sí está de acuerdo,Sí está de acuerdo,Sí está de acuerdo,No está de acuerdo,No está de acuerdo,No está de acuerdo,Sí está de acuerdo,Sí está de acuerdo,Sí está de acuerdo,No está de acuerdo
899,49,Hombre,Tamaulipas,Preparatoria o bachillerato,Urbana,45-59,No,Sí,57344.95,Licenciatura incompleta,[Esp.] Buscaba trabajo,,Es usted (la persona entrevistada es jefa o jefe del hogar),,,,,,,1,Uno,Ninguno,No por falta de recursos,1,1,Sí,Urbana,,No está de acuerdo,Ni de acuerdo ni en desacuerdo,Sí está de acuerdo,Sí está de acuerdo,Sí está de acuerdo,Sí está de acuerdo,Sí está de acuerdo,Sí está de acuerdo,Sí está de acuerdo,Sí está de acuerdo,Ni de acuerdo ni en desacuerdo,Sí está de acuerdo
902,40,Mujer,Coahuila,Primaria,Rural,35-44,No,No,106036.03,Preparatoria completa,Se dedicaba al hogar,,Cónyuge o pareja,,70.0,Hombre,,Primaria completa,,4,2 o más,2 o más,Sí,2,2,No,Rural,,No está de acuerdo,Ni de acuerdo ni en desacuerdo,No está de acuerdo,Sí está de acuerdo,No está de acuerdo,Sí está de acuerdo,Ni de acuerdo ni en desacuerdo,Sí está de acuerdo,Sí está de acuerdo,Sí está de acuerdo,Sí está de acuerdo,No está de acuerdo
904,42,Mujer,Puebla,Secundaria,Rural,35-44,No,No,74849.4,Secundaria completa,Se dedicaba al hogar,,Es usted (la persona entrevistada es jefa o jefe del hogar),,,,,,,3,Ninguno,Ninguno,No por falta de recursos,Ninguno,1,No,Rural,,No está de acuerdo,Sí está de acuerdo,No está de acuerdo,Sí está de acuerdo,Sí está de acuerdo,No está de acuerdo,No está de acuerdo,Sí está de acuerdo,No está de acuerdo,No está de acuerdo,No está de acuerdo,No está de acuerdo
908,50,Mujer,Puebla,Primaria,Rural,45-59,No,No,117282.27,Primaria completa,Trabajó con pago,,Es usted (la persona entrevistada es jefa o jefe del hogar),,,,,,,6,Ninguno,Ninguno,No por falta de recursos,3,2,No,Rural,,Ni de acuerdo ni en desacuerdo,No está de acuerdo,Sí está de acuerdo,Sí está de acuerdo,Ni de acuerdo ni en desacuerdo,Ni de acuerdo ni en desacuerdo,Ni de acuerdo ni en desacuerdo,No está de acuerdo,No está de acuerdo,Ni de acuerdo ni en desacuerdo,Sí está de acuerdo,Ni de acuerdo ni en desacuerdo
911,67,Hombre,Chihuahua,Preparatoria o bachillerato,Urbana,60+,No,Sí,55068.7,Preparatoria completa,Era jubilado o pensionado(a) (Programa Adultos Mayores),,Es usted (la persona entrevistada es jefa o jefe del hogar),,,,,,,2,Uno,Uno,Sí,Ninguno,1,Sí,Urbana,,Sí está de acuerdo,No está de acuerdo,No está de acuerdo,Sí está de acuerdo,Sí está de acuerdo,No está de acuerdo,No está de acuerdo,No está de acuerdo,Sí está de acuerdo,Sí está de acuerdo,Sí está de acuerdo,Sí está de acuerdo
912,27,Mujer,Jalisco,Licenciatura o Ingeniería,Urbana,25-34,No,No,70318.7,Secundaria completa,Trabajó con pago,,Cónyuge o pareja,,45.0,Hombre,,Licenciatura completa,,3,Uno,Uno,Sí,1,3,No,Urbana,,Ni de acuerdo ni en desacuerdo,Sí está de acuerdo,Sí está de acuerdo,Sí está de acuerdo,Ni de acuerdo ni en desacuerdo,Ni de acuerdo ni en desacuerdo,Sí está de acuerdo,Sí está de acuerdo,No sabe/No responde,No está de acuerdo,Sí está de acuerdo,Ni de acuerdo ni en desacuerdo
914,20,Mujer,Durango,Preparatoria o bachillerato,Rural,18-24,No,No,73090.91,Licenciatura completa,Se dedicaba al hogar,,Cónyuge o pareja,,25.0,Hombre,,Preparatoria completa,,2,2 o más,Uno,Sí,1,1,No,Rural,,Ni de acuerdo ni en desacuerdo,Ni de acuerdo ni en desacuerdo,No sabe/No responde,No está de acuerdo,No está de acuerdo,Sí está de acuerdo,No está de acuerdo,No está de acuerdo,No está de acuerdo,Sí está de acuerdo,No está de acuerdo,No está de acuerdo
915,35,Hombre,México,Primaria,Rural,60+,No,No,84210.77,Licenciatura completa,Se dedicaba al hogar,,Hijo o hija,,58.0,Mujer,,Primaria completa,,3,Uno,Ninguno,"No, no lo quieren",1,1,No,Rural,,No está de acuerdo,Sí está de acuerdo,Ni de acuerdo ni en desacuerdo,Sí está de acuerdo,Ni de acuerdo ni en desacuerdo,No está de acuerdo,Ni de acuerdo ni en desacuerdo,Ni de acuerdo ni en desacuerdo,Ni de acuerdo ni en desacuerdo,No está de acuerdo,No está de acuerdo,Sí está de acuerdo
915,75,Mujer,Puebla,Primaria,Urbana,35-44,No,No,117530.46,Primaria completa,Trabajó sin pago,,Es usted (la persona entrevistada es jefa o jefe del hogar),,,,,,,3,2 o más,Ninguno,No por falta de recursos,2,2,No,Urbana,,No está de acuerdo,Sí está de acuerdo,Sí está de acuerdo,Sí está de acuerdo,No está de acuerdo,Sí está de acuerdo,Sí está de acuerdo,Sí está de acuerdo,Sí está de acuerdo,No está de acuerdo,Sí está de acuerdo,Sí está de acuerdo
917,50,Mujer,Coahuila,Carrera técnica o comercial,Rural,45-59,No,Sí,70782.22,Carrera técnica,"[Esp.] Otra, especifique",ama de casa,Es usted (la persona entrevistada es jefa o jefe del hogar),,,,,,,3,Uno,2 o más,Sí,1,4,Sí,Rural,,Sí está de acuerdo,Sí está de acuerdo,Sí está de acuerdo,Sí está de acuerdo,Sí está de acuerdo,No está de acuerdo,Sí está de acuerdo,Sí está de acuerdo,Sí está de acuerdo,Ni de acuerdo ni en desacuerdo,Sí está de acuerdo,No está de acuerdo
923,40,Hombre,Hidalgo,Licenciatura o Ingeniería,Urbana,35-44,No,Sí,40356.32,Licenciatura completa,Trabajó con pago,,Es usted (la persona entrevistada es jefa o jefe del hogar),,,,,,,5,2 o más,2 o más,Sí,1,3,Sí,Urbana,,No está de acuerdo,Sí está de acuerdo,No está de acuerdo,No está de acuerdo,No está de acuerdo,Sí está de acuerdo,Sí está de acuerdo,Sí está de acuerdo,No está de acuerdo,No está de acuerdo,Sí está de acuerdo,Sí está de acuerdo
924,29,Hombre,Puebla,Doctorado,Urbana,25-34,No,Sí,16537.04,Licenciatura completa,Vendía o hacía algún producto para vender,,Padre o madre,,59.0,Mujer,,Doctorado,,1,Uno,Uno,Sí,Ninguno,1,Sí,Urbana,,Sí está de acuerdo,Sí está de acuerdo,Sí está de acuerdo,Sí está de acuerdo,No está de acuerdo,No está de acuerdo,Sí está de acuerdo,Sí está de acuerdo,Sí está de acuerdo,Sí está de acuerdo,Sí está de acuerdo,No está de acuerdo
925,22,Hombre,México,Primaria,Urbana,60+,No,No,84210.77,Licenciatura incompleta,Estudiaba,,Cónyuge o pareja,,55.0,Hombre,,Diplomado o maestría,,6,2 o más,2 o más,Sí,3,5 o más,No,Urbana,,Sí está de acuerdo,Ni de acuerdo ni en desacuerdo,No está de acuerdo,Sí está de acuerdo,No está de acuerdo,Sí está de acuerdo,Sí está de acuerdo,Sí está de acuerdo,Sí está de acuerdo,Ni de acuerdo ni en desacuerdo,No está de acuerdo,Sí está de acuerdo
925,27,Mujer,Jalisco,Maestría o especialidad,Urbana,18-24,No,No,26822.9,Licenciatura completa,Trabajó con pago,,Hijo o hija,,62.0,Mujer,,Preparatoria completa,,3,2 o más,Uno,Sí,1,3,No,Urbana,,No está de acuerdo,Sí está de acuerdo,Sí está de acuerdo,No está de acuerdo,No está de acuerdo,No está de acuerdo,Sí está de acuerdo,No está de acuerdo,Sí está de acuerdo,Sí está de acuerdo,Sí está de acuerdo,Sí está de acuerdo
925,68,Hombre,Puebla,Preparatoria o bachillerato,Urbana,25-34,No,No,76228.15,Primaria completa,Era jubilado o pensionado(a) (Programa Adultos Mayores),,Es usted (la persona entrevistada es jefa o jefe del hogar),,,,,,,1,Ninguno,Uno,"No, no lo quieren",Ninguno,1,No,Urbana,,No está de acuerdo,No sabe/No responde,Ni de acuerdo ni en desacuerdo,No sabe/No responde,No está de acuerdo,No está de acuerdo,Ni de acuerdo ni en desacuerdo,Sí está de acuerdo,Sí está de acuerdo,No está de acuerdo,Sí está de acuerdo,Sí está de acuerdo
928,66,Hombre,México,No estudió/ Otro,Rural,60+,No,No,34852.76,No estudió,Se dedicaba al hogar,,Es usted (la persona entrevistada es jefa o jefe del hogar),,,,,,,2,Uno,Ninguno,"No, no lo quieren",No sabe/No responde,1,No,Rural,,No sabe/No responde,Sí está de acuerdo,No está de acuerdo,Ni de acuerdo ni en desacuerdo,Ni de acuerdo ni en desacuerdo,No sabe/No responde,Sí está de acuerdo,Sí está de acuerdo,No está de acuerdo,No sabe/No responde,Sí está de acuerdo,No está de acuerdo
929,26,Hombre,Jalisco,Licenciatura o Ingeniería,Urbana,25-34,No,No,54070.42,Licenciatura completa,Trabajó con pago,,Es usted (la persona entrevistada es jefa o jefe del hogar),,,,,,,3,Uno,2 o más,Sí,2,3,No,Urbana,,Sí está de acuerdo,No está de acuerdo,No está de acuerdo,No está de acuerdo,No está de acuerdo,No está de acuerdo,No está de acuerdo,No está de acuerdo,No está de acuerdo,No está de acuerdo,Sí está de acuerdo,Sí está de acuerdo
932,65,Hombre,Chihuahua,Preparatoria o bachillerato,Urbana,60+,No,No,55068.7,Licenciatura incompleta,Era jubilado o pensionado(a) (Programa Adultos Mayores),,Es usted (la persona entrevistada es jefa o jefe del hogar),,,,,,,2,Uno,2 o más,"No, otra razón",1,3,No,Urbana,,Sí está de acuerdo,No está de acuerdo,Sí está de acuerdo,Sí está de acuerdo,Sí está de acuerdo,Sí está de acuerdo,Sí está de acuerdo,No está de acuerdo,Sí está de acuerdo,Sí está de acuerdo,Sí está de acuerdo,Sí está de acuerdo
936,42,Mujer,México,No sabe o no responde,No sabe/No responde,35-44,No sabe/No responde,No sabe/No responde,41244.69,Diplomado o maestría,No sabe/No responde,,No sabe/No responde,,1.0,No sabe/No responde,,No sabe/No responde,,1,Uno,No sabe/No responde,No sabe/No responde,No sabe/No responde,No sabe/No responde,No sabe/No responde,No sabe/No responde,,Sí está de acuerdo,Sí está de acuerdo,Sí está de acuerdo,Sí está de acuerdo,Ni de acuerdo ni en desacuerdo,No está de acuerdo,No está de acuerdo,No está de acuerdo,Sí está de acuerdo,Ni de acuerdo ni en desacuerdo,Sí está de acuerdo,Sí está de acuerdo
937,41,Mujer,Ciudad de México,Preparatoria o bachillerato,Urbana,45-59,No,No,68209.06,Licenciatura incompleta,Realizaba alguna otra actividad para generar ingresos,,Es usted (la persona entrevistada es jefa o jefe del hogar),,,,,,,2,Uno,Ninguno,Sí,2,2,No,Urbana,,Sí está de acuerdo,Sí está de acuerdo,Sí está de acuerdo,Sí está de acuerdo,No está de acuerdo,No está de acuerdo,No está de acuerdo,No está de acuerdo,Sí está de acuerdo,Sí está de acuerdo,Sí está de acuerdo,Sí está de acuerdo
937,45,Hombre,Puebla,Preparatoria o bachillerato,Rural,35-44,No,No,81229.42,Secundaria completa,Se dedicaba al hogar,,Cónyuge o pareja,,48.0,Hombre,,Preparatoria completa,,4,Uno,Ninguno,No por falta de recursos,1,2,No,Rural,,No está de acuerdo,Sí está de acuerdo,Sí está de acuerdo,Sí está de acuerdo,Sí está de acuerdo,No está de acuerdo,Sí está de acuerdo,No está de acuerdo,No está de acuerdo,No está de acuerdo,Sí está de acuerdo,No está de acuerdo
937,42,Mujer,Chihuahua,Maestría o especialidad,Urbana,35-44,No,No,23023.62,Diplomado o maestría,Trabajó con pago,,Es usted (la persona entrevistada es jefa o jefe del hogar),,,,,,,4,2 o más,2 o más,Sí,1,2,No,Urbana,,No sabe/No responde,No está de acuerdo,Sí está de acuerdo,Sí está de acuerdo,Sí está de acuerdo,Sí está de acuerdo,Sí está de acuerdo,Sí está de acuerdo,Sí está de acuerdo,Ni de acuerdo ni en desacuerdo,Sí está de acuerdo,No está de acuerdo
939,39,Mujer,México,Preparatoria o bachillerato,Rural,35-44,No,No,68353.4,Diplomado o maestría,Se dedicaba al hogar,,Cónyuge o pareja,,36.0,Hombre,,Preparatoria completa,,2,Uno,Uno,Sí,1,1,No,Rural,,No está de acuerdo,Ni de acuerdo ni en desacuerdo,Sí está de acuerdo,Sí está de acuerdo,No está de acuerdo,No está de acuerdo,Sí está de acuerdo,Sí está de acuerdo,Sí está de acuerdo,No está de acuerdo,Sí está de acuerdo,Sí está de acuerdo
940,24,Hombre,Puebla,Licenciatura o Ingeniería,Urbana,18-24,No,No,46259.28,Licenciatura completa,Trabajó con pago,,Hijo o hija,,60.0,Hombre,,Licenciatura completa,,5,2 o más,2 o más,Sí,5 o más,5 o más,No,Urbana,,No está de acuerdo,Ni de acuerdo ni en desacuerdo,Ni de acuerdo ni en desacuerdo,Sí está de acuerdo,No está de acuerdo,No está de acuerdo,Ni de acuerdo ni en desacuerdo,Sí está de acuerdo,Sí está de acuerdo,Sí está de acuerdo,Ni de acuerdo ni en desacuerdo,Sí está de acuerdo
941,60,Mujer,Puebla,No estudió/ Otro,Rural,60+,Sí,No,48135.17,No estudió,Se dedicaba al hogar,,Es usted (la persona entrevistada es jefa o jefe del hogar),,,,,,,1,Ninguno,Ninguno,"No, no lo quieren",Ninguno,1,No,Rural,,Sí está de acuerdo,No está de acuerdo,No está de acuerdo,No está de acuerdo,No está de acuerdo,No está de acuerdo,No está de acuerdo,No está de acuerdo,No está de acuerdo,No está de acuerdo,Sí está de acuerdo,No está de acuerdo
942,75,Mujer,México,No estudió/ Otro,Urbana,60+,No,Sí,55136.09,Primaria incompleta,Se dedicaba al hogar,,Es usted (la persona entrevistada es jefa o jefe del hogar),,,,,,,1,Ninguno,Ninguno,No por falta de recursos,Ninguno,1,Sí,Urbana,,Ni de acuerdo ni en desacuerdo,No está de acuerdo,Ni de acuerdo ni en desacuerdo,Sí está de acuerdo,No está de acuerdo,No está de acuerdo,No está de acuerdo,No está de acuerdo,No está de acuerdo,No está de acuerdo,Ni de acuerdo ni en desacuerdo,Ni de acuerdo ni en desacuerdo
942,60,Mujer,Chihuahua,Carrera técnica o comercial,Rural,60+,No,Sí,87480.09,Carrera comercial,Se dedicaba al hogar,,Es usted (la persona entrevistada es jefa o jefe del hogar),,,,,,,1,Uno,Ninguno,Sí,Ninguno,2,Sí,Rural,,No está de acuerdo,Sí está de acuerdo,No está de acuerdo,Sí está de acuerdo,No está de acuerdo,Sí está de acuerdo,Ni de acuerdo ni en desacuerdo,No está de acuerdo,No está de acuerdo,No está de acuerdo,No está de acuerdo,No está de acuerdo
943,41,Mujer,Nayarit,No estudió/ Otro,Urbana,35-44,No,Sí,46650.33,Primaria incompleta,Se dedicaba al hogar,,Hijo o hija,,63.0,Mujer,,Primaria incompleta,,5,Uno,Ninguno,Sí,3,2,Sí,Urbana,,Sí está de acuerdo,Sí está de acuerdo,Sí está de acuerdo,Sí está de acuerdo,No está de acuerdo,No está de acuerdo,Sí está de acuerdo,Sí está de acuerdo,Sí está de acuerdo,No está de acuerdo,No está de acuerdo,Sí está de acuerdo
945,21,Hombre,Chihuahua,Primaria,Rural,18-24,No,No,126087.56,Licenciatura incompleta,Estudiaba,,Hijo o hija,,46.0,Hombre,,Primaria completa,,4,Uno,2 o más,Sí,4,3,No,Rural,,Ni de acuerdo ni en desacuerdo,Sí está de acuerdo,Sí está de acuerdo,Sí está de acuerdo,No está de acuerdo,Sí está de acuerdo,Sí está de acuerdo,No está de acuerdo,Sí está de acuerdo,Sí está de acuerdo,No está de acuerdo,Sí está de acuerdo
947,18,Mujer,México,No sabe o no responde,Rural,18-24,No,No,47168.73,Preparatoria incompleta,Estudiaba,,Padre o madre,,60.0,Hombre,,No sabe/No responde,,6,Ninguno,Ninguno,"No, otra razón",Ninguno,3,No,Rural,,Sí está de acuerdo,Sí está de acuerdo,No está de acuerdo,No está de acuerdo,No está de acuerdo,No está de acuerdo,Sí está de acuerdo,Sí está de acuerdo,Sí está de acuerdo,No está de acuerdo,No está de acuerdo,Sí está de acuerdo
948,57,Hombre,Jalisco,Licenciatura o Ingeniería,Urbana,45-59,No,No,45298.41,Licenciatura completa,Trabajó con pago,,Es usted (la persona entrevistada es jefa o jefe del hogar),,,,,,,2,Uno,Ninguno,Sí,1,2,No,Urbana,,No está de acuerdo,Sí está de acuerdo,No está de acuerdo,No está de acuerdo,Sí está de acuerdo,No está de acuerdo,Sí está de acuerdo,Sí está de acuerdo,Sí está de acuerdo,No está de acuerdo,Sí está de acuerdo,No está de acuerdo
948,38,Mujer,Chihuahua,Licenciatura o Ingeniería,Urbana,60+,No,No,61794.24,Carrera comercial,Se dedicaba al hogar,,Hijo o hija,,63.0,Mujer,,Licenciatura completa,,9,2 o más,2 o más,Sí,1,5 o más,No,Urbana,,Ni de acuerdo ni en desacuerdo,Ni de acuerdo ni en desacuerdo,Ni de acuerdo ni en desacuerdo,Ni de acuerdo ni en desacuerdo,Ni de acuerdo ni en desacuerdo,Ni de acuerdo ni en desacuerdo,Ni de acuerdo ni en desacuerdo,Ni de acuerdo ni en desacuerdo,Ni de acuerdo ni en desacuerdo,Ni de acuerdo ni en desacuerdo,Ni de acuerdo ni en desacuerdo,No está de acuerdo
951,43,Mujer,México,Primaria,Rural,35-44,Sí,No,117530.46,Primaria incompleta,Se dedicaba al hogar,,Cónyuge o pareja,,56.0,Hombre,,Primaria completa,,6,Ninguno,Ninguno,"No, no lo quieren",2,2,No,Rural,,Sí está de acuerdo,No está de acuerdo,No está de acuerdo,No sabe/No responde,Sí está de acuerdo,No está de acuerdo,No está de acuerdo,No está de acuerdo,No está de acuerdo,No sabe/No responde,Sí está de acuerdo,No está de acuerdo
953,58,Mujer,Ciudad de México,Secundaria,Urbana,45-59,No,No,109986.91,Secundaria completa,Se dedicaba al hogar,,Cónyuge o pareja,,59.0,Hombre,,Secundaria completa,,5,Uno,Uno,Sí,3,3,No,Urbana,,Sí está de acuerdo,Sí está de acuerdo,Sí está de acuerdo,Sí está de acuerdo,Sí está de acuerdo,Sí está de acuerdo,Sí está de acuerdo,Sí está de acuerdo,Sí está de acuerdo,Sí está de acuerdo,Sí está de acuerdo,Sí está de acuerdo
954,29,Hombre,México,Licenciatura o Ingeniería,Urbana,25-34,No,No,52177.54,Licenciatura completa,Trabajó con pago,,Es usted (la persona entrevistada es jefa o jefe del hogar),,,,,,,3,Uno,Uno,Sí,3,2,No,Urbana,,No está de acuerdo,Ni de acuerdo ni en desacuerdo,No está de acuerdo,Sí está de acuerdo,Ni de acuerdo ni en desacuerdo,No está de acuerdo,Sí está de acuerdo,Ni de acuerdo ni en desacuerdo,Sí está de acuerdo,No está de acuerdo,No está de acuerdo,Sí está de acuerdo
955,43,Mujer,México,Licenciatura o Ingeniería,Rural,35-44,No,No,48484.68,Licenciatura completa,Trabajó con pago,,Es usted (la persona entrevistada es jefa o jefe del hogar),,,,,,,3,2 o más,2 o más,Sí,1,2,No,Rural,,Sí está de acuerdo,Sí está de acuerdo,No está de acuerdo,No está de acuerdo,No está de acuerdo,No está de acuerdo,Ni de acuerdo ni en desacuerdo,No está de acuerdo,No está de acuerdo,No está de acuerdo,Sí está de acuerdo,No está de acuerdo
957,65,Hombre,Chihuahua,No estudió/ Otro,No sabe/No responde,60+,No,Sí,34213.01,Primaria incompleta,Era jubilado o pensionado(a) (Programa Adultos Mayores),,Es usted (la persona entrevistada es jefa o jefe del hogar),,,,,,,1,Uno,Ninguno,No por falta de recursos,Ninguno,1,Sí,No sabe/No responde,,Sí está de acuerdo,Sí está de acuerdo,No sabe/No responde,No sabe/No responde,No está de acuerdo,No está de acuerdo,No está de acuerdo,Sí está de acuerdo,No está de acuerdo,Ni de acuerdo ni en desacuerdo,No está de acuerdo,Sí está de acuerdo
958,21,Mujer,Chihuahua,Preparatoria o bachillerato,No sabe/No responde,18-24,No,No,76736.2,Preparatoria completa,Trabajó con pago,,Es usted (la persona entrevistada es jefa o jefe del hogar),,,,,,,3,Uno,Uno,No sabe/No responde,Ninguno,1,No,No sabe/No responde,,No está de acuerdo,Sí está de acuerdo,No sabe/No responde,Sí está de acuerdo,No está de acuerdo,Ni de acuerdo ni en desacuerdo,Sí está de acuerdo,Sí está de acuerdo,Sí está de acuerdo,No sabe/No responde,Sí está de acuerdo,Ni de acuerdo ni en desacuerdo
959,38,Hombre,Tamaulipas,Primaria,Rural,35-44,No,Sí,115801.08,Secundaria completa,Trabajó con pago,,Cónyuge o pareja,,46.0,Mujer,,Secundaria incompleta,,2,Uno,Uno,Sí,2,1,Sí,Rural,,Sí está de acuerdo,Sí está de acuerdo,Ni de acuerdo ni en desacuerdo,Sí está de acuerdo,No está de acuerdo,No está de acuerdo,Ni de acuerdo ni en desacuerdo,Sí está de acuerdo,Sí está de acuerdo,Ni de acuerdo ni en desacuerdo,Sí está de acuerdo,No está de acuerdo
968,63,Hombre,Tamaulipas,No estudió/ Otro,Urbana,60+,No,No,30427.32,Licenciatura completa,Trabajó con pago,,Es usted (la persona entrevistada es jefa o jefe del hogar),,,,,,,2,Uno,Uno,"No, no lo quieren",1,1,No,Urbana,,No está de acuerdo,Sí está de acuerdo,Sí está de acuerdo,Sí está de acuerdo,No está de acuerdo,Sí está de acuerdo,Sí está de acuerdo,No está de acuerdo,Ni de acuerdo ni en desacuerdo,No está de acuerdo,Ni de acuerdo ni en desacuerdo,Ni de acuerdo ni en desacuerdo
968,75,Hombre,Puebla,Licenciatura o Ingeniería,Rural,60+,No,No,37027.81,No estudió,Era jubilado o pensionado(a) (Programa Adultos Mayores),,Es usted (la persona entrevistada es jefa o jefe del hogar),,,,,,,1,Uno,Ninguno,"No, otra razón",Ninguno,1,No,Rural,,No está de acuerdo,Sí está de acuerdo,No está de acuerdo,Sí está de acuerdo,Sí está de acuerdo,No está de acuerdo,No está de acuerdo,Sí está de acuerdo,No está de acuerdo,No está de acuerdo,Sí está de acuerdo,Sí está de acuerdo
968,68,Hombre,Chihuahua,No estudió/ Otro,Rural,60+,Sí,No,34213.01,Primaria incompleta,Era jubilado o pensionado(a) (Programa Adultos Mayores),,Es usted (la persona entrevistada es jefa o jefe del hogar),,,,,,,3,Uno,Uno,No por falta de recursos,2,1,No,Rural,,No está de acuerdo,Sí está de acuerdo,Sí está de acuerdo,Ni de acuerdo ni en desacuerdo,No está de acuerdo,Sí está de acuerdo,Sí está de acuerdo,Sí está de acuerdo,Sí está de acuerdo,No sabe/No responde,Sí está de acuerdo,Sí está de acuerdo
970,63,Mujer,Tamaulipas,Primaria,Urbana,60+,No,No,141994.87,Primaria completa,Se dedicaba al hogar,,Es usted (la persona entrevistada es jefa o jefe del hogar),,,,,,,4,Uno,Uno,Sí,1,2,No,Urbana,,Sí está de acuerdo,Sí está de acuerdo,Sí está de acuerdo,Sí está de acuerdo,Sí está de acuerdo,Sí está de acuerdo,Sí está de acuerdo,Sí está de acuerdo,Sí está de acuerdo,Sí está de acuerdo,Sí está de acuerdo,Sí está de acuerdo
971,49,Mujer,Puebla,No estudió/ Otro,Rural,45-59,Sí,No,42376.83,Primaria incompleta,Se dedicaba al hogar,,Es usted (la persona entrevistada es jefa o jefe del hogar),,,,,,,3,Ninguno,Ninguno,Sí,1,2,No,Rural,,No está de acuerdo,Sí está de acuerdo,Sí está de acuerdo,Sí está de acuerdo,No sabe/No responde,Sí está de acuerdo,No está de acuerdo,No sabe/No responde,Sí está de acuerdo,No está de acuerdo,Sí está de acuerdo,No está de acuerdo
972,38,Hombre,México,Licenciatura o Ingeniería,Rural,35-44,No,No,44818.82,Preparatoria completa,Trabajó con pago,,Es usted (la persona entrevistada es jefa o jefe del hogar),,,,,,,5,Uno,Uno,Sí,2,2,No,Rural,,No está de acuerdo,Sí está de acuerdo,Sí está de acuerdo,Sí está de acuerdo,No está de acuerdo,No está de acuerdo,Sí está de acuerdo,Sí está de acuerdo,Sí está de acuerdo,Sí está de acuerdo,Sí está de acuerdo,Sí está de acuerdo
972,56,Hombre,Veracruz,Preparatoria o bachillerato,Rural,35-44,No,Sí,72375.16,Carrera comercial,Se dedicaba al hogar,,Hijo o hija,,79.0,Mujer,,Preparatoria completa,,3,Uno,Ninguno,Sí,2,2,Sí,Rural,,Sí está de acuerdo,Sí está de acuerdo,No está de acuerdo,Sí está de acuerdo,No está de acuerdo,Ni de acuerdo ni en desacuerdo,Sí está de acuerdo,No está de acuerdo,No sabe/No responde,No está de acuerdo,Ni de acuerdo ni en desacuerdo,Ni de acuerdo ni en desacuerdo
972,40,Mujer,Puebla,Preparatoria o bachillerato,Rural,60+,Sí,Sí,83822.57,Licenciatura completa,Trabajó con pago,,Es usted (la persona entrevistada es jefa o jefe del hogar),,,,,,,7,2 o más,2 o más,Sí,2,5 o más,Sí,Rural,,No está de acuerdo,Sí está de acuerdo,Sí está de acuerdo,Sí está de acuerdo,Sí está de acuerdo,Sí está de acuerdo,Sí está de acuerdo,Sí está de acuerdo,Sí está de acuerdo,Sí está de acuerdo,Sí está de acuerdo,Sí está de acuerdo
974,32,Mujer,Puebla,Secundaria,Rural,25-34,No,No,104755.89,Primaria completa,Trabajó con pago,,Cónyuge o pareja,,34.0,Hombre,,Secundaria completa,,6,Uno,Uno,No por falta de recursos,2,3,No,Rural,,Sí está de acuerdo,No está de acuerdo,Sí está de acuerdo,Sí está de acuerdo,Sí está de acuerdo,Sí está de acuerdo,Sí está de acuerdo,No está de acuerdo,Sí está de acuerdo,No está de acuerdo,Sí está de acuerdo,Sí está de acuerdo
975,22,Mujer,México,Licenciatura o Ingeniería,Rural,18-24,No,No,55448.6,Preparatoria completa,Se dedicaba al hogar,,Cónyuge o pareja,,25.0,Hombre,,Licenciatura completa,,2,Uno,Ninguno,Sí,1,1,No,Rural,,Sí está de acuerdo,Sí está de acuerdo,No está de acuerdo,No está de acuerdo,No está de acuerdo,No está de acuerdo,No está de acuerdo,No está de acuerdo,Sí está de acuerdo,No está de acuerdo,Sí está de acuerdo,Sí está de acuerdo
975,44,Mujer,Chihuahua,No estudió/ Otro,Urbana,35-44,No,Sí,41686.99,Licenciatura completa,Trabajó con pago,,Padre o madre,,81.0,Mujer,,Primaria incompleta,,3,Uno,Uno,Sí,2,3,Sí,Urbana,,Ni de acuerdo ni en desacuerdo,Sí está de acuerdo,No está de acuerdo,No está de acuerdo,No está de acuerdo,Sí está de acuerdo,Sí está de acuerdo,Sí está de acuerdo,Sí está de acuerdo,No está de acuerdo,Sí está de acuerdo,No está de acuerdo
976,55,Hombre,Ciudad de México,No estudió/ Otro,No sabe/No responde,45-59,Sí,No,42970.71,Primaria incompleta,Trabajó con pago,,Es usted (la persona entrevistada es jefa o jefe del hogar),,,,,,,5,Ninguno,Ninguno,"No, no lo quieren",5 o más,2,No,"[Esp.] Otra, especifique",Desurbana,Ni de acuerdo ni en desacuerdo,Ni de acuerdo ni en desacuerdo,Sí está de acuerdo,Sí está de acuerdo,Ni de acuerdo ni en desacuerdo,Sí está de acuerdo,Sí está de acuerdo,No está de acuerdo,Ni de acuerdo ni en desacuerdo,Ni de acuerdo ni en desacuerdo,Ni de acuerdo ni en desacuerdo,Ni de acuerdo ni en desacuerdo
977,26,Mujer,Puebla,Secundaria,Rural,25-34,Sí,No,104755.89,Primaria incompleta,[Esp.] Ya no trabaja,,Cónyuge o pareja,,25.0,Hombre,,Secundaria completa,,4,2 o más,Ninguno,"No, otra razón",1,1,No,Rural,,Sí está de acuerdo,Sí está de acuerdo,Sí está de acuerdo,Sí está de acuerdo,No sabe/No responde,Sí está de acuerdo,Sí está de acuerdo,Sí está de acuerdo,Sí está de acuerdo,Sí está de acuerdo,Sí está de acuerdo,Sí está de acuerdo
979,35,Mujer,Tlaxcala,Secundaria,Urbana,35-44,No,No,81634.36,Preparatoria completa,Trabajó con pago,,Cónyuge o pareja,,38.0,Hombre,,Secundaria completa,,4,Ninguno,Ninguno,No por falta de recursos,2,2,No,Urbana,,No está de acuerdo,Sí está de acuerdo,Sí está de acuerdo,Sí está de acuerdo,No está de acuerdo,No está de acuerdo,No está de acuerdo,Sí está de acuerdo,Sí está de acuerdo,Sí está de acuerdo,Sí está de acuerdo,Sí está de acuerdo
980,55,Hombre,Chihuahua,No estudió/ Otro,Urbana,45-59,No,Sí,37583.98,Primaria incompleta,Trabajó con pago,,Es usted (la persona entrevistada es jefa o jefe del hogar),,,,,,,6,Uno,Ninguno,No por falta de recursos,1,2,Sí,Urbana,,Sí está de acuerdo,No sabe/No responde,Sí está de acuerdo,Sí está de acuerdo,Sí está de acuerdo,Ni de acuerdo ni en desacuerdo,No sabe/No responde,Ni de acuerdo ni en desacuerdo,No sabe/No responde,No sabe/No responde,No está de acuerdo,Sí está de acuerdo
981,76,Mujer,Chihuahua,No estudió/ Otro,No sabe/No responde,60+,No,Sí,54124.02,Primaria incompleta,Se dedicaba al hogar,,Es usted (la persona entrevistada es jefa o jefe del hogar),,,,,,,1,Uno,Ninguno,"No, otra razón",Ninguno,1,Sí,No sabe/No responde,,Sí está de acuerdo,Ni de acuerdo ni en desacuerdo,Sí está de acuerdo,Sí está de acuerdo,Ni de acuerdo ni en desacuerdo,Sí está de acuerdo,No está de acuerdo,No está de acuerdo,Sí está de acuerdo,Ni de acuerdo ni en desacuerdo,No sabe/No responde,No está de acuerdo
982,39,Mujer,Tamaulipas,Primaria,Urbana,35-44,No,No,109366.23,Licenciatura completa,Trabajó con pago,,Cónyuge o pareja,,40.0,Hombre,,Primaria completa,,3,Uno,Uno,No por falta de recursos,2,2,No,Urbana,,Sí está de acuerdo,Sí está de acuerdo,No está de acuerdo,Ni de acuerdo ni en desacuerdo,Sí está de acuerdo,No está de acuerdo,No está de acuerdo,No está de acuerdo,No está de acuerdo,No está de acuerdo,Sí está de acuerdo,Ni de acuerdo ni en desacuerdo
982,52,Hombre,Chihuahua,Primaria,Rural,45-59,No,No,104017.56,Secundaria incompleta,Trabajó con pago,,Es usted (la persona entrevistada es jefa o jefe del hogar),,,,,,,1,Uno,2 o más,Sí,1,2,No,Rural,,Sí está de acuerdo,Sí está de acuerdo,Ni de acuerdo ni en desacuerdo,Sí está de acuerdo,Sí está de acuerdo,Ni de acuerdo ni en desacuerdo,Sí está de acuerdo,Sí está de acuerdo,Sí está de acuerdo,Sí está de acuerdo,Sí está de acuerdo,Sí está de acuerdo
985,48,Hombre,Puebla,Secundaria,Urbana,45-59,No,Sí,67482.4,Secundaria completa,Vendía o hacía algún producto para vender,,Es usted (la persona entrevistada es jefa o jefe del hogar),,,,,,,1,Uno,Ninguno,Sí,1,1,Sí,Urbana,,No está de acuerdo,No está de acuerdo,Sí está de acuerdo,Sí está de acuerdo,Sí está de acuerdo,No está de acuerdo,Sí está de acuerdo,No está de acuerdo,No está de acuerdo,No está de acuerdo,No está de acuerdo,No está de acuerdo
989,43,Hombre,Puebla,Licenciatura o Ingeniería,Urbana,35-44,No,No,44818.82,Licenciatura completa,Vendía o hacía algún producto para vender,,Es usted (la persona entrevistada es jefa o jefe del hogar),,,,,,,3,2 o más,Uno,Sí,Ninguno,3,No,Urbana,,No está de acuerdo,Sí está de acuerdo,Sí está de acuerdo,No está de acuerdo,No está de acuerdo,Sí está de acuerdo,Sí está de acuerdo,Sí está de acuerdo,Sí está de acuerdo,No está de acuerdo,Sí está de acuerdo,No está de acuerdo
991,18,Hombre,Tamaulipas,Licenciatura o Ingeniería,Urbana,18-24,No,No,49306.61,Preparatoria completa,No sabe/No responde,,Padre o madre,,45.0,Hombre,,Licenciatura completa,,3,Uno,Uno,Sí,1,2,No,Urbana,,No está de acuerdo,Sí está de acuerdo,Sí está de acuerdo,Sí está de acuerdo,No está de acuerdo,No está de acuerdo,Sí está de acuerdo,No está de acuerdo,Sí está de acuerdo,Sí está de acuerdo,No está de acuerdo,No está de acuerdo
991,20,Hombre,Michoacán,Secundaria,Rural,18-24,No,Sí,79731.32,Secundaria completa,Trabajó con pago,,Es usted (la persona entrevistada es jefa o jefe del hogar),,,,,,,1,Uno,Ninguno,Sí,1,1,Sí,Rural,,Sí está de acuerdo,Sí está de acuerdo,No está de acuerdo,No está de acuerdo,Sí está de acuerdo,Sí está de acuerdo,Sí está de acuerdo,Sí está de acuerdo,No está de acuerdo,Sí está de acuerdo,Sí está de acuerdo,Sí está de acuerdo
992,22,Mujer,México,Secundaria,Rural,18-24,No,No,98050.06,Secundaria completa,Se dedicaba al hogar,,Hijo o hija,,39.0,Hombre,,Secundaria completa,,5,Uno,Ninguno,No por falta de recursos,1,1,No,Rural,,Sí está de acuerdo,Sí está de acuerdo,Sí está de acuerdo,Sí está de acuerdo,No está de acuerdo,Sí está de acuerdo,Sí está de acuerdo,No está de acuerdo,Sí está de acuerdo,No está de acuerdo,Sí está de acuerdo,Sí está de acuerdo
993,51,Hombre,Nuevo León,Preparatoria o bachillerato,Urbana,45-59,No,No,62801.43,Preparatoria completa,Trabajó con pago,,Es usted (la persona entrevistada es jefa o jefe del hogar),,,,,,,1,Uno,Uno,Sí,1,2,No,Urbana,,No está de acuerdo,Sí está de acuerdo,No está de acuerdo,No está de acuerdo,No está de acuerdo,No está de acuerdo,Sí está de acuerdo,No está de acuerdo,No está de acuerdo,No está de acuerdo,Sí está de acuerdo,No está de acuerdo
994,52,Mujer,Tamaulipas,Licenciatura o Ingeniería,Urbana,45-59,No,No,51569.48,Preparatoria completa,Se dedicaba al hogar,,Cónyuge o pareja,,55.0,Hombre,,Licenciatura completa,,4,2 o más,2 o más,Sí,2,3,No,Urbana,,No está de acuerdo,No está de acuerdo,No está de acuerdo,Sí está de acuerdo,No está de acuerdo,Sí está de acuerdo,No está de acuerdo,No está de acuerdo,No está de acuerdo,No está de acuerdo,Sí está de acuerdo,Sí está de acuerdo
995,39,Mujer,México,Licenciatura o Ingeniería,Urbana,35-44,No,No,48484.68,Licenciatura completa,"[Esp.] Otra, especifique",Ama de casa,Cónyuge o pareja,,40.0,Hombre,,"[Esp.] Otro, especifique",Maestría,3,2 o más,2 o más,Sí,1,3,No,Urbana,,Sí está de acuerdo,Sí está de acuerdo,Ni de acuerdo ni en desacuerdo,Ni de acuerdo ni en desacuerdo,No está de acuerdo,Ni de acuerdo ni en desacuerdo,Ni de acuerdo ni en desacuerdo,Ni de acuerdo ni en desacuerdo,Ni de acuerdo ni en desacuerdo,No está de acuerdo,Sí está de acuerdo,Sí está de acuerdo
999,46,Hombre,Tamaulipas,Preparatoria o bachillerato,Urbana,45-59,Sí,No,57344.95,Preparatoria completa,Vendía o hacía algún producto para vender,,Es usted (la persona entrevistada es jefa o jefe del hogar),,,,,,,5,No sabe/No responde,Uno,Sí,2,2,No,Urbana,,Ni de acuerdo ni en desacuerdo,Sí está de acuerdo,Sí está de acuerdo,Sí está de acuerdo,Sí está de acuerdo,Sí está de acuerdo,Sí está de acuerdo,Ni de acuerdo ni en desacuerdo,Ni de acuerdo ni en desacuerdo,No está de acuerdo,Sí está de acuerdo,No está de acuerdo
1000,29,Hombre,Tamaulipas,Preparatoria o bachillerato,Urbana,25-34,No,Sí,70399.6,Licenciatura completa,Trabajó con pago,,Es usted (la persona entrevistada es jefa o jefe del hogar),,,,,,,7,2 o más,Uno,Sí,3,3,Sí,Urbana,,Sí está de acuerdo,Sí está de acuerdo,No está de acuerdo,Sí está de acuerdo,No está de acuerdo,No está de acuerdo,Sí está de acuerdo,Sí está de acuerdo,Sí está de acuerdo,No está de acuerdo,No está de acuerdo,No está de acuerdo
1000,27,Hombre,Yucatán,Licenciatura o Ingeniería,Urbana,25-34,Sí,No,48553.03,Licenciatura incompleta,Trabajó con pago,,Es usted (la persona entrevistada es jefa o jefe del hogar),,,,,,,3,Uno,Uno,Sí,2,3,No,Urbana,,Ni de acuerdo ni en desacuerdo,No está de acuerdo,Sí está de acuerdo,Ni de acuerdo ni en desacuerdo,Ni de acuerdo ni en desacuerdo,No está de acuerdo,No está de acuerdo,Ni de acuerdo ni en desacuerdo,Ni de acuerdo ni en desacuerdo,No está de acuerdo,Sí está de acuerdo,No está de acuerdo
1002,18,Hombre,Tamaulipas,Preparatoria o bachillerato,Urbana,18-24,No,No,71492.24,Preparatoria completa,Trabajó con pago,,Hijo o hija,,38.0,Mujer,,Secundaria completa,,7,2 o más,Ninguno,Sí,3,2,No,Urbana,,No está de acuerdo,Sí está de acuerdo,Sí está de acuerdo,Sí está de acuerdo,No está de acuerdo,Sí está de acuerdo,Ni de acuerdo ni en desacuerdo,Sí está de acuerdo,No está de acuerdo,Sí está de acuerdo,Sí está de acuerdo,Sí está de acuerdo
1002,23,Mujer,Yucatán,Secundaria,Rural,18-24,Sí,No,91239.04,Licenciatura completa,Trabajó con pago,,Hijo o hija,,58.0,Hombre,,Preparatoria completa,,4,Uno,Ninguno,Sí,2,2,No,Rural,,No está de acuerdo,Sí está de acuerdo,Sí está de acuerdo,Sí está de acuerdo,No está de acuerdo,No está de acuerdo,Sí está de acuerdo,No está de acuerdo,Sí está de acuerdo,Sí está de acuerdo,Sí está de acuerdo,Sí está de acuerdo
1004,60,Hombre,Michoacán,Preparatoria o bachillerato,Rural,60+,No,Sí,47736.46,Licenciatura incompleta,Trabajó con pago,,Es usted (la persona entrevistada es jefa o jefe del hogar),,,,,,,5,Uno,Uno,Sí,2,1,Sí,Rural,,No está de acuerdo,Sí está de acuerdo,Sí está de acuerdo,Sí está de acuerdo,Sí está de acuerdo,Sí está de acuerdo,Sí está de acuerdo,Sí está de acuerdo,Sí está de acuerdo,Sí está de acuerdo,Ni de acuerdo ni en desacuerdo,Sí está de acuerdo
1011,22,Mujer,México,Licenciatura o Ingeniería,Rural,35-44,No,No,46401.87,Preparatoria completa,Trabajó con pago,,Padre o madre,,57.0,Hombre,,Preparatoria completa,,8,2 o más,2 o más,Sí,3,5 o más,No,Rural,,Ni de acuerdo ni en desacuerdo,Sí está de acuerdo,Sí está de acuerdo,Sí está de acuerdo,Sí está de acuerdo,Sí está de acuerdo,Sí está de acuerdo,Sí está de acuerdo,Sí está de acuerdo,Ni de acuerdo ni en desacuerdo,Ni de acuerdo ni en desacuerdo,Sí está de acuerdo
1011,44,Mujer,Yucatán,Preparatoria o bachillerato,Urbana,18-24,Sí,No,78171.1,Licenciatura completa,Trabajó con pago,,Padre o madre,,60.0,Mujer,,Licenciatura completa,,4,2 o más,Uno,Sí,1,2,No,Urbana,,No está de acuerdo,No está de acuerdo,Sí está de acuerdo,Sí está de acuerdo,No está de acuerdo,No está de acuerdo,Sí está de acuerdo,Sí está de acuerdo,No está de acuerdo,No está de acuerdo,Sí está de acuerdo,Sí está de acuerdo
1012,23,Mujer,Tabasco,Preparatoria o bachillerato,Urbana,18-24,No,No,79639.73,Preparatoria completa,Se dedicaba al hogar,,Es usted (la persona entrevistada es jefa o jefe del hogar),,,,,,,7,Uno,Ninguno,Sí,2,3,No,Urbana,,No está de acuerdo,No está de acuerdo,No está de acuerdo,Sí está de acuerdo,Sí está de acuerdo,Sí está de acuerdo,Sí está de acuerdo,Sí está de acuerdo,Sí está de acuerdo,No está de acuerdo,Sí está de acuerdo,Sí está de acuerdo
1017,51,Hombre,Tamaulipas,Primaria,Urbana,60+,No,No,92314.96,Licenciatura completa,Trabajó con pago,,Es usted (la persona entrevistada es jefa o jefe del hogar),,,,,,,2,Uno,Ninguno,Sí,1,2,No,Urbana,,Sí está de acuerdo,No está de acuerdo,Sí está de acuerdo,No está de acuerdo,Sí está de acuerdo,No está de acuerdo,No está de acuerdo,Sí está de acuerdo,No está de acuerdo,No está de acuerdo,No está de acuerdo,Sí está de acuerdo
1017,62,Mujer,Yucatán,Licenciatura o Ingeniería,Rural,45-59,Sí,No,51569.48,Secundaria incompleta,Era jubilado o pensionado(a) (Programa Adultos Mayores),,Es usted (la persona entrevistada es jefa o jefe del hogar),,,,,,,4,Ninguno,Ninguno,Sí,1,1,No,Rural,,No está de acuerdo,No está de acuerdo,Sí está de acuerdo,Sí está de acuerdo,Sí está de acuerdo,Sí está de acuerdo,Sí está de acuerdo,No está de acuerdo,Sí está de acuerdo,No está de acuerdo,Sí está de acuerdo,Sí está de acuerdo
1017,45,Hombre,Nuevo León,Licenciatura o Ingeniería,Urbana,45-59,No,No,44546.53,Licenciatura completa,Trabajó con pago,,Es usted (la persona entrevistada es jefa o jefe del hogar),,,,,,,1,Uno,Ninguno,Sí,1,1,No,Urbana,,No está de acuerdo,No está de acuerdo,No está de acuerdo,Sí está de acuerdo,No está de acuerdo,Sí está de acuerdo,Sí está de acuerdo,No está de acuerdo,Sí está de acuerdo,No está de acuerdo,Sí está de acuerdo,Sí está de acuerdo
1020,28,Mujer,Yucatán,Preparatoria o bachillerato,Rural,25-34,No,No,91554.83,Licenciatura incompleta,Trabajó con pago,,Es usted (la persona entrevistada es jefa o jefe del hogar),,,,,,,6,2 o más,Ninguno,Sí,3,3,No,Rural,,No está de acuerdo,No está de acuerdo,No está de acuerdo,No está de acuerdo,No está de acuerdo,No está de acuerdo,No está de acuerdo,No está de acuerdo,No está de acuerdo,No está de acuerdo,Sí está de acuerdo,Sí está de acuerdo
1021,18,Mujer,Tamaulipas,Preparatoria o bachillerato,Urbana,18-24,No,No,72740.96,Preparatoria completa,Trabajó con pago,,Es usted (la persona entrevistada es jefa o jefe del hogar),,,,,,,4,2 o más,2 o más,Sí,Ninguno,3,No,Urbana,,No está de acuerdo,No está de acuerdo,Sí está de acuerdo,Sí está de acuerdo,No está de acuerdo,Sí está de acuerdo,Sí está de acuerdo,Sí está de acuerdo,No está de acuerdo,No está de acuerdo,Sí está de acuerdo,No está de acuerdo
1021,69,Hombre,Nuevo León,Licenciatura o Ingeniería,Urbana,60+,No,No,40551.08,Licenciatura completa,Era jubilado o pensionado(a) (Programa Adultos Mayores),,Es usted (la persona entrevistada es jefa o jefe del hogar),,,,,,,3,2 o más,2 o más,Sí,2,2,No,Urbana,,Sí está de acuerdo,No está de acuerdo,Sí está de acuerdo,Sí está de acuerdo,No está de acuerdo,Sí está de acuerdo,Sí está de acuerdo,No está de acuerdo,Sí está de acuerdo,No está de acuerdo,Sí está de acuerdo,No está de acuerdo
1022,36,Hombre,Yucatán,Secundaria,Urbana,35-44,Sí,Sí,86880.47,Secundaria completa,Trabajó con pago,,Es usted (la persona entrevistada es jefa o jefe del hogar),,,,,,,2,Uno,Uno,Sí,2,1,Sí,Urbana,,No está de acuerdo,Sí está de acuerdo,Sí está de acuerdo,No está de acuerdo,No está de acuerdo,Sí está de acuerdo,Sí está de acuerdo,Sí está de acuerdo,Sí está de acuerdo,Sí está de acuerdo,Sí está de acuerdo,Sí está de acuerdo
1023,21,Hombre,Tamaulipas,Doctorado,Urbana,18-24,No,No,17899.99,Licenciatura completa,Trabajó con pago,,Hijo o hija,,50.0,Mujer,,Doctorado,,4,2 o más,2 o más,Sí,2,2,No,Urbana,,No está de acuerdo,No está de acuerdo,No está de acuerdo,Sí está de acuerdo,No está de acuerdo,Sí está de acuerdo,No está de acuerdo,Ni de acuerdo ni en desacuerdo,Sí está de acuerdo,No está de acuerdo,Ni de acuerdo ni en desacuerdo,Sí está de acuerdo
1024,23,Hombre,México,No estudió/ Otro,Rural,18-24,No,No,46410.29,Licenciatura completa,Trabajó sin pago,,Hijo o hija,,55.0,Hombre,,Primaria incompleta,,6,2 o más,2 o más,Sí,4,5 o más,No,Rural,,No está de acuerdo,Sí está de acuerdo,Sí está de acuerdo,Sí está de acuerdo,No está de acuerdo,Sí está de acuerdo,Sí está de acuerdo,Ni de acuerdo ni en desacuerdo,Sí está de acuerdo,Sí está de acuerdo,Sí está de acuerdo,Sí está de acuerdo
1025,23,Mujer,Yucatán,Secundaria,Rural,18-24,Sí,No,93838.03,Preparatoria completa,Se dedicaba al hogar,,Hijo o hija,,42.0,Mujer,,Secundaria completa,,7,Uno,Ninguno,No por falta de recursos,3,2,No,Rural,,No está de acuerdo,Sí está de acuerdo,Ni de acuerdo ni en desacuerdo,Ni de acuerdo ni en desacuerdo,No está de acuerdo,Sí está de acuerdo,Sí está de acuerdo,No está de acuerdo,No está de acuerdo,Sí está de acuerdo,No está de acuerdo,No está de acuerdo
1026,40,Mujer,Michoacán,Secundaria,Rural,35-44,No,No,72956.03,Secundaria completa,Se dedicaba al hogar,,Es usted (la persona entrevistada es jefa o jefe del hogar),,,,,,,3,Ninguno,Ninguno,Sí,Ninguno,3,No,Rural,,Sí está de acuerdo,Sí está de acuerdo,No está de acuerdo,Sí está de acuerdo,Sí está de acuerdo,Sí está de acuerdo,Sí está de acuerdo,No está de acuerdo,Sí está de acuerdo,Sí está de acuerdo,Sí está de acuerdo,No está de acuerdo
1027,44,Mujer,Colima,No estudió/ Otro,Urbana,35-44,No,No,47178.48,Preparatoria completa,Se dedicaba al hogar,,Cónyuge o pareja,,67.0,Hombre,,No estudió,,3,Uno,Ninguno,Sí,2,2,No,Urbana,,No está de acuerdo,No está de acuerdo,Sí está de acuerdo,Sí está de acuerdo,Sí está de acuerdo,No está de acuerdo,Sí está de acuerdo,Sí está de acuerdo,Sí está de acuerdo,No sabe/No responde,No sabe/No responde,Sí está de acuerdo
1028,61,Mujer,Tamaulipas,Secundaria,Urbana,60+,No,No,103581.94,Secundaria completa,Trabajó con pago,,Es usted (la persona entrevistada es jefa o jefe del hogar),,,,,,,2,Uno,Ninguno,No por falta de recursos,2,1,No,Urbana,,Sí está de acuerdo,Sí está de acuerdo,No sabe/No responde,No está de acuerdo,No está de acuerdo,Sí está de acuerdo,No sabe/No responde,Sí está de acuerdo,Sí está de acuerdo,No sabe/No responde,Sí está de acuerdo,Sí está de acuerdo
1029,23,Hombre,Tamaulipas,Preparatoria o bachillerato,Urbana,18-24,No,No,69512.15,Licenciatura completa,Estudiaba,,Hijo o hija,,54.0,Mujer,,Preparatoria completa,,4,2 o más,2 o más,Sí,2,3,No,Urbana,,Ni de acuerdo ni en desacuerdo,No está de acuerdo,No está de acuerdo,Sí está de acuerdo,No está de acuerdo,No está de acuerdo,Sí está de acuerdo,Sí está de acuerdo,Sí está de acuerdo,Sí está de acuerdo,No está de acuerdo,Sí está de acuerdo
1029,34,Hombre,Michoacán,Licenciatura o Ingeniería,Urbana,25-34,No,No,44400.0,Licenciatura completa,Trabajó con pago,,Cónyuge o pareja,,34.0,Mujer,,Licenciatura completa,,6,Uno,Uno,Sí,1,3,No,Urbana,,Sí está de acuerdo,Ni de acuerdo ni en desacuerdo,No está de acuerdo,Sí está de acuerdo,Ni de acuerdo ni en desacuerdo,No está de acuerdo,No está de acuerdo,No está de acuerdo,No está de acuerdo,No está de acuerdo,Sí está de acuerdo,Sí está de acuerdo
1031,40,Mujer,Yucatán,No estudió/ Otro,Rural,35-44,Sí,No,40642.23,Secundaria completa,Se dedicaba al hogar,,Cónyuge o pareja,,39.0,Hombre,,No estudió,,6,Ninguno,Ninguno,Sí,1,2,No,Rural,,No está de acuerdo,No está de acuerdo,Sí está de acuerdo,Sí está de acuerdo,No está de acuerdo,Sí está de acuerdo,No está de acuerdo,No está de acuerdo,Sí está de acuerdo,No está de acuerdo,No está de acuerdo,Sí está de acuerdo
1033,57,Mujer,Yucatán,Preparatoria o bachillerato,Urbana,45-59,Sí,No,74773.3,Preparatoria completa,"[Esp.] Otra, especifique",EL CAMPO,Cónyuge o pareja,,56.0,Mujer,,Preparatoria completa,,3,Uno,Ninguno,No por falta de recursos,2,2,No,Urbana,,No está de acuerdo,No está de acuerdo,No está de acuerdo,No está de acuerdo,Ni de acuerdo ni en desacuerdo,No está de acuerdo,No está de acuerdo,No está de acuerdo,No está de acuerdo,Sí está de acuerdo,Sí está de acuerdo,Sí está de acuerdo
1038,28,Hombre,Yucatán,Preparatoria o bachillerato,Rural,25-34,No,No,70399.6,Preparatoria completa,Trabajó con pago,,Es usted (la persona entrevistada es jefa o jefe del hogar),,,,,,,1,Uno,Ninguno,"No, no lo quieren",1,1,No,Rural,,Sí está de acuerdo,No está de acuerdo,Sí está de acuerdo,Sí está de acuerdo,Ni de acuerdo ni en desacuerdo,Sí está de acuerdo,No está de acuerdo,No está de acuerdo,Sí está de acuerdo,No está de acuerdo,No está de acuerdo,Sí está de acuerdo
1040,58,Mujer,Tamaulipas,Primaria,Urbana,45-59,No,No,125008.24,Primaria completa,Se dedicaba al hogar,,Es usted (la persona entrevistada es jefa o jefe del hogar),,,,,,,5,Uno,Uno,Sí,1,2,No,Urbana,,Sí está de acuerdo,No está de acuerdo,Sí está de acuerdo,Sí está de acuerdo,No está de acuerdo,Sí está de acuerdo,Sí está de acuerdo,Sí está de acuerdo,Sí está de acuerdo,No está de acuerdo,Sí está de acuerdo,Sí está de acuerdo
1045,48,Mujer,Yucatán,Secundaria,Rural,45-59,Sí,No,93788.2,Secundaria completa,Se dedicaba al hogar,,Es usted (la persona entrevistada es jefa o jefe del hogar),,,,,,,6,2 o más,Ninguno,No por falta de recursos,2,2,No,Rural,,No está de acuerdo,Sí está de acuerdo,No está de acuerdo,No está de acuerdo,Sí está de acuerdo,Sí está de acuerdo,Sí está de acuerdo,Sí está de acuerdo,Sí está de acuerdo,Sí está de acuerdo,Sí está de acuerdo,Sí está de acuerdo
1046,39,Hombre,México,No estudió/ Otro,Rural,35-44,No,No,44965.14,Primaria incompleta,Trabajó con pago,,Es usted (la persona entrevistada es jefa o jefe del hogar),,,,,,,5,Ninguno,Ninguno,Sí,1,2,No,Rural,,No está de acuerdo,Sí está de acuerdo,No está de acuerdo,Ni de acuerdo ni en desacuerdo,No está de acuerdo,Sí está de acuerdo,Sí está de acuerdo,No sabe/No responde,No sabe/No responde,Sí está de acuerdo,Sí está de acuerdo,No está de acuerdo
1048,43,Hombre,Oaxaca,Maestría o especialidad,Rural,35-44,No,No,20502.2,Diplomado o maestría,Trabajó con pago,,Es usted (la persona entrevistada es jefa o jefe del hogar),,,,,,,3,Uno,Uno,Sí,3,4,No,Rural,,Sí está de acuerdo,No está de acuerdo,Sí está de acuerdo,Sí está de acuerdo,No está de acuerdo,Sí está de acuerdo,Sí está de acuerdo,No está de acuerdo,No está de acuerdo,Sí está de acuerdo,No está de acuerdo,Sí está de acuerdo
1049,67,Mujer,Quintana Roo,Carrera técnica o comercial,Rural,60+,Sí,No,82889.83,Primaria completa,Vendía o hacía algún producto para vender,,"[Esp.] Otro, especifique",TIA,40.0,Mujer,,Carrera técnica,,4,Ninguno,Ninguno,Sí,1,2,No,Rural,,Ni de acuerdo ni en desacuerdo,Ni de acuerdo ni en desacuerdo,Sí está de acuerdo,Sí está de acuerdo,Ni de acuerdo ni en desacuerdo,Sí está de acuerdo,Sí está de acuerdo,Sí está de acuerdo,Sí está de acuerdo,No está de acuerdo,Sí está de acuerdo,Sí está de acuerdo
1050,51,Mujer,Nuevo León,Secundaria,Rural,45-59,No,No,99867.54,Secundaria completa,Estaba de incapacidad o en vacaciones,,Es usted (la persona entrevistada es jefa o jefe del hogar),,,,,,,6,Uno,Ninguno,Sí,1,2,No,Rural,,No está de acuerdo,Ni de acuerdo ni en desacuerdo,Sí está de acuerdo,Sí está de acuerdo,No está de acuerdo,Sí está de acuerdo,Sí está de acuerdo,Sí está de acuerdo,No está de acuerdo,No está de acuerdo,Sí está de acuerdo,Sí está de acuerdo
1055,42,Mujer,México,Licenciatura o Ingeniería,Urbana,35-44,No,No,48484.68,Diplomado o maestría,Trabajó con pago,,Cónyuge o pareja,,48.0,Hombre,,Licenciatura completa,,4,2 o más,2 o más,Sí,2,2,No,Urbana,,Sí está de acuerdo,No está de acuerdo,Sí está de acuerdo,No está de acuerdo,No está de acuerdo,No está de acuerdo,Sí está de acuerdo,No está de acuerdo,No está de acuerdo,No está de acuerdo,Sí está de acuerdo,Sí está de acuerdo
1055,48,Hombre,Quintana Roo,Secundaria,Urbana,45-59,No,No,71896.88,Secundaria completa,Trabajó con pago,,Es usted (la persona entrevistada es jefa o jefe del hogar),,,,,,,2,Uno,Ninguno,"No, no lo quieren",2,1,No,Urbana,,Sí está de acuerdo,Sí está de acuerdo,Sí está de acuerdo,Ni de acuerdo ni en desacuerdo,No está de acuerdo,Sí está de acuerdo,Ni de acuerdo ni en desacuerdo,Sí está de acuerdo,No está de acuerdo,Sí está de acuerdo,No está de acuerdo,Sí está de acuerdo
1062,64,Mujer,Chiapas,Primaria,Urbana,60+,No,No,150929.03,Primaria completa,Se dedicaba al hogar,,Cónyuge o pareja,,64.0,Hombre,,Primaria completa,,2,Uno,Ninguno,No por falta de recursos,Ninguno,1,No,Urbana,,No está de acuerdo,No está de acuerdo,No está de acuerdo,No está de acuerdo,Ni de acuerdo ni en desacuerdo,Sí está de acuerdo,No está de acuerdo,No está de acuerdo,Sí está de acuerdo,No está de acuerdo,Sí está de acuerdo,Sí está de acuerdo
1066,27,Hombre,Quintana Roo,Preparatoria o bachillerato,Urbana,25-34,No,No,68420.34,Preparatoria completa,[Esp.] Desempleado,,Es usted (la persona entrevistada es jefa o jefe del hogar),,,,,,,4,Uno,Ninguno,Sí,1,2,No,Urbana,,Sí está de acuerdo,Sí está de acuerdo,Sí está de acuerdo,Sí está de acuerdo,No está de acuerdo,Sí está de acuerdo,Sí está de acuerdo,No está de acuerdo,No está de acuerdo,No está de acuerdo,No está de acuerdo,No está de acuerdo
1072,73,Mujer,Michoacán,No estudió/ Otro,Urbana,60+,No,No,46917.55,No estudió,Trabajó con pago,,Es usted (la persona entrevistada es jefa o jefe del hogar),,,,,,,1,Ninguno,Ninguno,No por falta de recursos,1,1,No,Urbana,,Sí está de acuerdo,Sí está de acuerdo,No sabe/No responde,No sabe/No responde,No está de acuerdo,Sí está de acuerdo,Sí está de acuerdo,No sabe/No responde,No sabe/No responde,No sabe/No responde,Sí está de acuerdo,No está de acuerdo
1073,36,Mujer,Quintana Roo,Preparatoria o bachillerato,Urbana,35-44,No,No,63577.9,Preparatoria completa,Se dedicaba al hogar,,Es usted (la persona entrevistada es jefa o jefe del hogar),,,,,,,4,Uno,Ninguno,Sí,1,2,No,Urbana,,Sí está de acuerdo,Sí está de acuerdo,Sí está de acuerdo,Sí está de acuerdo,No está de acuerdo,Sí está de acuerdo,Sí está de acuerdo,No está de acuerdo,No está de acuerdo,No está de acuerdo,No está de acuerdo,Sí está de acuerdo
1077,25,Hombre,Guerrero,No estudió/ Otro,Rural,25-34,No,No,37918.15,Primaria incompleta,Trabajó con pago,,Hijo o hija,,82.0,Hombre,,No estudió,,6,Ninguno,Ninguno,No por falta de recursos,5 o más,2,No,Rural,,Sí está de acuerdo,Sí está de acuerdo,Sí está de acuerdo,No está de acuerdo,No está de acuerdo,Sí está de acuerdo,Sí está de acuerdo,Sí está de acuerdo,Sí está de acuerdo,Sí está de acuerdo,Sí está de acuerdo,Sí está de acuerdo
1077,19,Mujer,Michoacán,Licenciatura o Ingeniería,Rural,18-24,No,No,47183.49,Preparatoria completa,Estudiaba,,Padre o madre,,46.0,Hombre,,Licenciatura completa,,6,Uno,Uno,Sí,3,4,No,Rural,,Ni de acuerdo ni en desacuerdo,Ni de acuerdo ni en desacuerdo,Ni de acuerdo ni en desacuerdo,Ni de acuerdo ni en desacuerdo,Sí está de acuerdo,Ni de acuerdo ni en desacuerdo,Ni de acuerdo ni en desacuerdo,Ni de acuerdo ni en desacuerdo,Ni de acuerdo ni en desacuerdo,Ni de acuerdo ni en desacuerdo,Sí está de acuerdo,Ni de acuerdo ni en desacuerdo
1078,35,Mujer,Michoacán,Doctorado,Urbana,18-24,No,No,22112.94,Licenciatura completa,Trabajó con pago,,Es usted (la persona entrevistada es jefa o jefe del hogar),,,,,,,1,Uno,Uno,Sí,1,2,No,Urbana,,Sí está de acuerdo,No está de acuerdo,No está de acuerdo,No está de acuerdo,No está de acuerdo,No está de acuerdo,Sí está de acuerdo,Sí está de acuerdo,Sí está de acuerdo,No está de acuerdo,Sí está de acuerdo,Sí está de acuerdo
1078,18,Mujer,Nayarit,Licenciatura o Ingeniería,No sabe/No responde,35-44,No sabe/No responde,No sabe/No responde,41257.6,Doctorado,No sabe/No responde,,Es usted (la persona entrevistada es jefa o jefe del hogar),,,,,,,1,No sabe/No responde,No sabe/No responde,No sabe/No responde,No sabe/No responde,No sabe/No responde,No sabe/No responde,No sabe/No responde,,No sabe/No responde,No sabe/No responde,No sabe/No responde,No sabe/No responde,No sabe/No responde,No sabe/No responde,No sabe/No responde,No sabe/No responde,No sabe/No responde,No sabe/No responde,No sabe/No responde,No sabe/No responde
1080,32,Hombre,Yucatán,Primaria,Rural,25-34,No,No,121048.79,Primaria completa,Trabajó con pago,,Es usted (la persona entrevistada es jefa o jefe del hogar),,,,,,,4,Uno,2 o más,Sí,1,3,No,Rural,,Sí está de acuerdo,Sí está de acuerdo,Sí está de acuerdo,Sí está de acuerdo,No está de acuerdo,Sí está de acuerdo,Sí está de acuerdo,Sí está de acuerdo,No está de acuerdo,No está de acuerdo,Sí está de acuerdo,Sí está de acuerdo
1081,72,Mujer,Michoacán,No estudió/ Otro,Urbana,60+,No,No,46917.55,Primaria incompleta,Se dedicaba al hogar,,Es usted (la persona entrevistada es jefa o jefe del hogar),,,,,,,3,2 o más,2 o más,Sí,Ninguno,2,No,Urbana,,Sí está de acuerdo,No está de acuerdo,Ni de acuerdo ni en desacuerdo,Ni de acuerdo ni en desacuerdo,Ni de acuerdo ni en desacuerdo,No está de acuerdo,Ni de acuerdo ni en desacuerdo,No sabe/No responde,Ni de acuerdo ni en desacuerdo,Ni de acuerdo ni en desacuerdo,Ni de acuerdo ni en desacuerdo,Ni de acuerdo ni en desacuerdo
1082,35,Mujer,Michoacán,No estudió/ Otro,Rural,35-44,No,No,36136.49,Primaria completa,Se dedicaba al hogar,,Cónyuge o pareja,,45.0,Hombre,,Primaria incompleta,,5,Ninguno,Ninguno,No por falta de recursos,1,1,No,Rural,,Sí está de acuerdo,No está de acuerdo,No está de acuerdo,Sí está de acuerdo,No está de acuerdo,No está de acuerdo,Sí está de acuerdo,Sí está de acuerdo,Sí está de acuerdo,No está de acuerdo,No está de acuerdo,No está de acuerdo
1083,22,Hombre,Colima,Primaria,Rural,18-24,No,Sí,142697.24,Preparatoria completa,Trabajó con pago,,Hijo o hija,,55.0,Hombre,,Primaria completa,,3,Uno,Uno,Sí,1,2,Sí,Rural,,Sí está de acuerdo,No está de acuerdo,Ni de acuerdo ni en desacuerdo,Sí está de acuerdo,No está de acuerdo,No está de acuerdo,Sí está de acuerdo,Sí está de acuerdo,No está de acuerdo,No está de acuerdo,Sí está de acuerdo,Sí está de acuerdo
1084,44,Mujer,Chiapas,Secundaria,Rural,35-44,No,No,84799.78,Secundaria completa,No sabe/No responde,,Es usted (la persona entrevistada es jefa o jefe del hogar),,,,,,,5,2 o más,Ninguno,"No, no lo quieren",1,2,No,Rural,,Ni de acuerdo ni en desacuerdo,No está de acuerdo,Ni de acuerdo ni en desacuerdo,Sí está de acuerdo,Ni de acuerdo ni en desacuerdo,Ni de acuerdo ni en desacuerdo,Sí está de acuerdo,Ni de acuerdo ni en desacuerdo,No sabe/No responde,No está de acuerdo,Sí está de acuerdo,Sí está de acuerdo
1084,43,Hombre,Michoacán,Primaria,Rural,35-44,No,Sí,105895.91,Primaria completa,Trabajó con pago,,Es usted (la persona entrevistada es jefa o jefe del hogar),,,,,,,1,Ninguno,Ninguno,Sí,1,1,Sí,Rural,,No está de acuerdo,Sí está de acuerdo,No está de acuerdo,Sí está de acuerdo,No está de acuerdo,Sí está de acuerdo,Ni de acuerdo ni en desacuerdo,No sabe/No responde,Ni de acuerdo ni en desacuerdo,No está de acuerdo,Sí está de acuerdo,No está de acuerdo
1085,18,Hombre,México,Primaria,Urbana,18-24,No,No,128445.29,Preparatoria completa,Realizaba alguna otra actividad para generar ingresos,,Padre o madre,,44.0,Hombre,,Primaria completa,,4,Uno,Ninguno,Sí,3,2,No,Urbana,,No está de acuerdo,Sí está de acuerdo,No está de acuerdo,Sí está de acuerdo,No está de acuerdo,No está de acuerdo,Sí está de acuerdo,Sí está de acuerdo,Sí está de acuerdo,No está de acuerdo,Sí está de acuerdo,Sí está de acuerdo
1086,26,Hombre,México,Licenciatura o Ingeniería,Urbana,25-34,No,No,52177.54,Licenciatura completa,Trabajó con pago,,Es usted (la persona entrevistada es jefa o jefe del hogar),,,,,,,2,Uno,Uno,Sí,2,1,No,Urbana,,Ni de acuerdo ni en desacuerdo,Ni de acuerdo ni en desacuerdo,Ni de acuerdo ni en desacuerdo,Sí está de acuerdo,No está de acuerdo,Ni de acuerdo ni en desacuerdo,Sí está de acuerdo,No está de acuerdo,Ni de acuerdo ni en desacuerdo,Ni de acuerdo ni en desacuerdo,Ni de acuerdo ni en desacuerdo,Ni de acuerdo ni en desacuerdo
1086,65,Hombre,Puebla,Preparatoria o bachillerato,No sabe/No responde,60+,No,Sí,48975.33,Licenciatura incompleta,Era jubilado o pensionado(a) (Programa Adultos Mayores),,Es usted (la persona entrevistada es jefa o jefe del hogar),,,,,,,3,Uno,2 o más,Sí,2,5 o más,Sí,No sabe/No responde,,No está de acuerdo,No está de acuerdo,Sí está de acuerdo,Sí está de acuerdo,Sí está de acuerdo,Sí está de acuerdo,No está de acuerdo,No está de acuerdo,Sí está de acuerdo,Sí está de acuerdo,Sí está de acuerdo,Sí está de acuerdo
1088,23,Hombre,Michoacán,Preparatoria o bachillerato,Rural,18-24,No,No,63566.35,Preparatoria completa,Trabajó con pago,,Es usted (la persona entrevistada es jefa o jefe del hogar),,,,,,,3,Uno,Ninguno,"No, otra razón",1,1,No,Rural,,Sí está de acuerdo,Sí está de acuerdo,Ni de acuerdo ni en desacuerdo,Sí está de acuerdo,No está de acuerdo,No está de acuerdo,Sí está de acuerdo,Sí está de acuerdo,Sí está de acuerdo,No está de acuerdo,Ni de acuerdo ni en desacuerdo,Sí está de acuerdo
1090,56,Hombre,México,Primaria,Rural,45-59,No,No,105962.6,Secundaria completa,Se dedicaba al hogar,,Cónyuge o pareja,,37.0,Hombre,,Primaria completa,,8,Ninguno,Ninguno,No por falta de recursos,1,4,No,Rural,,Sí está de acuerdo,No está de acuerdo,Sí está de acuerdo,Sí está de acuerdo,Sí está de acuerdo,Sí está de acuerdo,Sí está de acuerdo,Sí está de acuerdo,No está de acuerdo,No está de acuerdo,Sí está de acuerdo,Sí está de acuerdo
1090,32,Hombre,Michoacán,No estudió/ Otro,Urbana,25-34,Sí,No,38888.84,Preparatoria completa,Trabajó con pago,,Cónyuge o pareja,,22.0,Mujer,,No estudió,,8,2 o más,Uno,No por falta de recursos,3,5 o más,No,Urbana,,Sí está de acuerdo,Sí está de acuerdo,No está de acuerdo,Sí está de acuerdo,Sí está de acuerdo,Sí está de acuerdo,Sí está de acuerdo,Sí está de acuerdo,Sí está de acuerdo,Sí está de acuerdo,No está de acuerdo,Sí está de acuerdo
1096,42,Mujer,Ciudad de México,Maestría o especialidad,Urbana,35-44,No,Sí,26323.49,Diplomado o maestría,Trabajó con pago,,Es usted (la persona entrevistada es jefa o jefe del hogar),,,,,,,4,Uno,Uno,Sí,2,2,Sí,Urbana,,Sí está de acuerdo,No está de acuerdo,No está de acuerdo,Ni de acuerdo ni en desacuerdo,Ni de acuerdo ni en desacuerdo,Sí está de acuerdo,Ni de acuerdo ni en desacuerdo,No está de acuerdo,Ni de acuerdo ni en desacuerdo,No está de acuerdo,No está de acuerdo,Sí está de acuerdo
1097,70,Mujer,Michoacán,Primaria,Urbana,60+,Sí,No,129849.19,Primaria completa,Vendía o hacía algún producto para vender,,Cónyuge o pareja,,73.0,Hombre,,Primaria completa,,2,Uno,Uno,Sí,1,2,No,Urbana,,No está de acuerdo,No está de acuerdo,Sí está de acuerdo,Sí está de acuerdo,Ni de acuerdo ni en desacuerdo,Sí está de acuerdo,Sí está de acuerdo,No está de acuerdo,No está de acuerdo,No está de acuerdo,No está de acuerdo,No está de acuerdo
1097,40,Mujer,Durango,Licenciatura o Ingeniería,Rural,35-44,No,No,45333.75,Licenciatura completa,Trabajó con pago,,Es usted (la persona entrevistada es jefa o jefe del hogar),,,,,,,3,2 o más,Ninguno,Sí,1,2,No,Rural,,Sí está de acuerdo,Sí está de acuerdo,No está de acuerdo,No está de acuerdo,Sí está de acuerdo,No está de acuerdo,No está de acuerdo,No está de acuerdo,No está de acuerdo,No está de acuerdo,No está de acuerdo,Sí está de acuerdo
1100,84,Mujer,Michoacán,Licenciatura o Ingeniería,Urbana,25-34,No,No,58044.87,No estudió,Se dedicaba al hogar,,Hijo o hija,,28.0,Mujer,,Secundaria incompleta,,5,Uno,Uno,Sí,1,4,No,Urbana,,No está de acuerdo,Ni de acuerdo ni en desacuerdo,Ni de acuerdo ni en desacuerdo,Sí está de acuerdo,Sí está de acuerdo,Sí está de acuerdo,Sí está de acuerdo,No está de acuerdo,No está de acuerdo,No está de acuerdo,Sí está de acuerdo,Sí está de acuerdo
1100,27,Hombre,Querétaro,Primaria,Urbana,60+,No,No,82080.59,Licenciatura completa,Trabajó con pago,,Es usted (la persona entrevistada es jefa o jefe del hogar),,,,,,,2,Uno,2 o más,Sí,2,2,No,Urbana,,Sí está de acuerdo,No está de acuerdo,No está de acuerdo,Sí está de acuerdo,Sí está de acuerdo,Sí está de acuerdo,Ni de acuerdo ni en desacuerdo,Sí está de acuerdo,No está de acuerdo,No está de acuerdo,Sí está de acuerdo,Sí está de acuerdo
1103,34,Mujer,Chiapas,Secundaria,Rural,25-34,No,No,118682.0,Secundaria completa,Se dedicaba al hogar,,Es usted (la persona entrevistada es jefa o jefe del hogar),,,,,,,6,Ninguno,Uno,Sí,1,3,No,Rural,,No está de acuerdo,Sí está de acuerdo,No está de acuerdo,Sí está de acuerdo,No está de acuerdo,Sí está de acuerdo,Sí está de acuerdo,No está de acuerdo,Sí está de acuerdo,No está de acuerdo,No está de acuerdo,Sí está de acuerdo
1109,28,Mujer,Durango,Licenciatura o Ingeniería,Urbana,25-34,No,No,63447.1,Licenciatura completa,Trabajó con pago,,Es usted (la persona entrevistada es jefa o jefe del hogar),,,,,,,2,Uno,Uno,Sí,1,2,No,Urbana,,No está de acuerdo,Ni de acuerdo ni en desacuerdo,Sí está de acuerdo,No está de acuerdo,No está de acuerdo,No está de acuerdo,No está de acuerdo,No está de acuerdo,Sí está de acuerdo,No está de acuerdo,No está de acuerdo,No está de acuerdo
1111,29,Hombre,Baja California Sur,Carrera técnica o comercial,Urbana,25-34,No,No,82187.81,Preparatoria completa,Trabajó con pago,,Padre o madre,,68.0,Hombre,,Carrera técnica,,3,2 o más,Uno,"No, otra razón",1,2,No,Urbana,,Ni de acuerdo ni en desacuerdo,No está de acuerdo,Ni de acuerdo ni en desacuerdo,No está de acuerdo,Ni de acuerdo ni en desacuerdo,Ni de acuerdo ni en desacuerdo,No está de acuerdo,Ni de acuerdo ni en desacuerdo,No está de acuerdo,Ni de acuerdo ni en desacuerdo,Sí está de acuerdo,Ni de acuerdo ni en desacuerdo
1115,34,Mujer,México,Secundaria,Rural,25-34,Sí,No,119991.89,Primaria completa,Se dedicaba al hogar,,Cónyuge o pareja,,34.0,Hombre,,Secundaria completa,,4,Uno,Uno,Sí,1,1,No,Rural,,Sí está de acuerdo,Ni de acuerdo ni en desacuerdo,Ni de acuerdo ni en desacuerdo,Sí está de acuerdo,No está de acuerdo,Sí está de acuerdo,Sí está de acuerdo,No sabe/No responde,Sí está de acuerdo,No está de acuerdo,Sí está de acuerdo,Sí está de acuerdo
1116,38,Hombre,México,Primaria,Rural,35-44,Sí,No,123087.16,Secundaria completa,Se dedicaba al hogar,,Es usted (la persona entrevistada es jefa o jefe del hogar),,,,,,,3,Uno,Ninguno,"No, no lo quieren",Ninguno,2,No,Rural,,Sí está de acuerdo,Sí está de acuerdo,No está de acuerdo,Sí está de acuerdo,No está de acuerdo,No está de acuerdo,No está de acuerdo,No está de acuerdo,No está de acuerdo,No está de acuerdo,Sí está de acuerdo,Sí está de acuerdo
1116,42,Mujer,Chiapas,Secundaria,Rural,35-44,No,No,85735.72,Primaria completa,Era jubilado o pensionado(a) (Programa Adultos Mayores),,Es usted (la persona entrevistada es jefa o jefe del hogar),,,,,,,2,Uno,Ninguno,"No, no lo quieren",Ninguno,1,No,Rural,,Sí está de acuerdo,Sí está de acuerdo,No sabe/No responde,Sí está de acuerdo,Sí está de acuerdo,Sí está de acuerdo,Sí está de acuerdo,Ni de acuerdo ni en desacuerdo,Sí está de acuerdo,Sí está de acuerdo,Sí está de acuerdo,No sabe/No responde
1117,30,Mujer,Sinaloa,Licenciatura o Ingeniería,Urbana,25-34,No,No,70666.53,Licenciatura completa,Trabajó con pago,,Es usted (la persona entrevistada es jefa o jefe del hogar),,,,,,,2,2 o más,2 o más,Sí,1,3,No,Urbana,,Sí está de acuerdo,Sí está de acuerdo,Sí está de acuerdo,No está de acuerdo,Ni de acuerdo ni en desacuerdo,Sí está de acuerdo,Sí está de acuerdo,Sí está de acuerdo,Sí está de acuerdo,Sí está de acuerdo,Sí está de acuerdo,Sí está de acuerdo
1123,35,Hombre,México,Licenciatura o Ingeniería,Rural,35-44,No,No,51337.41,Licenciatura completa,Trabajó con pago,,Es usted (la persona entrevistada es jefa o jefe del hogar),,,,,,,4,Uno,Ninguno,Sí,1,2,No,Rural,,Sí está de acuerdo,No está de acuerdo,No está de acuerdo,Sí está de acuerdo,No está de acuerdo,No está de acuerdo,Sí está de acuerdo,Sí está de acuerdo,Sí está de acuerdo,No está de acuerdo,Sí está de acuerdo,No está de acuerdo
1125,43,Mujer,Chiapas,Preparatoria o bachillerato,Rural,35-44,No,No,67607.22,Preparatoria completa,Trabajó con pago,,Es usted (la persona entrevistada es jefa o jefe del hogar),,,,,,,4,Uno,Ninguno,Sí,3,2,No,Rural,,Sí está de acuerdo,Sí está de acuerdo,Sí está de acuerdo,No está de acuerdo,No está de acuerdo,No está de acuerdo,No está de acuerdo,Sí está de acuerdo,Sí está de acuerdo,No está de acuerdo,Sí está de acuerdo,No está de acuerdo
1126,39,Mujer,Chiapas,Maestría o especialidad,Urbana,35-44,No,No,23198.11,Diplomado o maestría,Trabajó con pago,,Es usted (la persona entrevistada es jefa o jefe del hogar),,,,,,,1,Uno,Ninguno,"No, otra razón",1,2,No,Urbana,,No está de acuerdo,No está de acuerdo,No sabe/No responde,Sí está de acuerdo,Sí está de acuerdo,Sí está de acuerdo,No está de acuerdo,No está de acuerdo,No está de acuerdo,No está de acuerdo,Sí está de acuerdo,No está de acuerdo
1127,65,Hombre,México,No estudió/ Otro,Rural,60+,No,No,34852.76,No estudió,Trabajó con pago,,Es usted (la persona entrevistada es jefa o jefe del hogar),,,,,,,1,Ninguno,Ninguno,No por falta de recursos,1,1,No,Rural,,Sí está de acuerdo,No está de acuerdo,Sí está de acuerdo,Sí está de acuerdo,No está de acuerdo,Sí está de acuerdo,Sí está de acuerdo,No está de acuerdo,No está de acuerdo,No está de acuerdo,No está de acuerdo,Sí está de acuerdo
1128,53,Mujer,Michoacán,Carrera técnica o comercial,Urbana,45-59,No,No,66760.65,Carrera técnica,Vendía o hacía algún producto para vender,,Es usted (la persona entrevistada es jefa o jefe del hogar),,,,,,,1,Uno,Uno,Sí,1,1,No,Urbana,,Sí está de acuerdo,Ni de acuerdo ni en desacuerdo,Sí está de acuerdo,Sí está de acuerdo,Sí está de acuerdo,Sí está de acuerdo,Sí está de acuerdo,Sí está de acuerdo,Sí está de acuerdo,No está de acuerdo,Sí está de acuerdo,Sí está de acuerdo
1132,54,Mujer,México,Secundaria,Rural,45-59,Sí,No,97998.0,Secundaria completa,Se dedicaba al hogar,,Es usted (la persona entrevistada es jefa o jefe del hogar),,,,,,,1,Uno,Uno,Sí,Ninguno,1,No,Rural,,No está de acuerdo,Ni de acuerdo ni en desacuerdo,Ni de acuerdo ni en desacuerdo,Sí está de acuerdo,No está de acuerdo,No está de acuerdo,Sí está de acuerdo,No está de acuerdo,No sabe/No responde,No está de acuerdo,Sí está de acuerdo,No está de acuerdo
1133,34,Mujer,México,Secundaria,Rural,35-44,No,No,84799.78,Secundaria completa,Trabajó con pago,,Es usted (la persona entrevistada es jefa o jefe del hogar),,,,,,,8,Uno,Uno,Sí,1,4,No,Rural,,No está de acuerdo,No está de acuerdo,No está de acuerdo,Sí está de acuerdo,No está de acuerdo,Sí está de acuerdo,Sí está de acuerdo,No está de acuerdo,No está de acuerdo,No está de acuerdo,Sí está de acuerdo,Ni de acuerdo ni en desacuerdo
1133,60,Hombre,México,Secundaria,Rural,25-34,No,Sí,92265.81,Secundaria completa,Se dedicaba al hogar,,Hijo o hija,,32.0,Hombre,,Licenciatura incompleta,,5,Uno,Ninguno,Sí,1,2,Sí,Rural,,Sí está de acuerdo,Ni de acuerdo ni en desacuerdo,Ni de acuerdo ni en desacuerdo,Ni de acuerdo ni en desacuerdo,Sí está de acuerdo,Sí está de acuerdo,Sí está de acuerdo,Ni de acuerdo ni en desacuerdo,No está de acuerdo,Ni de acuerdo ni en desacuerdo,Ni de acuerdo ni en desacuerdo,No está de acuerdo
1133,36,Mujer,Chiapas,Preparatoria o bachillerato,Urbana,60+,No,No,88746.16,Secundaria completa,Se dedicaba al hogar,,Es usted (la persona entrevistada es jefa o jefe del hogar),,,,,,,4,Uno,Ninguno,"No, otra razón",1,1,No,Urbana,,Ni de acuerdo ni en desacuerdo,Sí está de acuerdo,Sí está de acuerdo,Sí está de acuerdo,No está de acuerdo,Sí está de acuerdo,No está de acuerdo,Sí está de acuerdo,Sí está de acuerdo,No está de acuerdo,Sí está de acuerdo,No está de acuerdo
1135,39,Mujer,Durango,Licenciatura o Ingeniería,Urbana,35-44,No,No,45333.75,Licenciatura incompleta,Se dedicaba al hogar,,Cónyuge o pareja,,40.0,Hombre,,Licenciatura completa,,4,Uno,Uno,"No, otra razón",2,3,No,Urbana,,Sí está de acuerdo,Ni de acuerdo ni en desacuerdo,Ni de acuerdo ni en desacuerdo,No está de acuerdo,Ni de acuerdo ni en desacuerdo,Ni de acuerdo ni en desacuerdo,Ni de acuerdo ni en desacuerdo,No está de acuerdo,No está de acuerdo,No está de acuerdo,No está de acuerdo,Ni de acuerdo ni en desacuerdo
1136,48,Mujer,México,Licenciatura o Ingeniería,Rural,45-59,Sí,Sí,54814.17,Preparatoria incompleta,Estudiaba,,Cónyuge o pareja,,65.0,Hombre,,Licenciatura completa,,2,Uno,Ninguno,No por falta de recursos,1,1,Sí,Rural,,Ni de acuerdo ni en desacuerdo,Ni de acuerdo ni en desacuerdo,Ni de acuerdo ni en desacuerdo,Ni de acuerdo ni en desacuerdo,Sí está de acuerdo,Sí está de acuerdo,Ni de acuerdo ni en desacuerdo,Sí está de acuerdo,Ni de acuerdo ni en desacuerdo,Ni de acuerdo ni en desacuerdo,Sí está de acuerdo,No está de acuerdo
1136,56,Mujer,Chiapas,Licenciatura o Ingeniería,Urbana,45-59,No,No,55419.16,Licenciatura completa,Se dedicaba al hogar,,Es usted (la persona entrevistada es jefa o jefe del hogar),,,,,,,5,2 o más,2 o más,Sí,2,4,No,Urbana,,Sí está de acuerdo,Sí está de acuerdo,Sí está de acuerdo,Sí está de acuerdo,Sí está de acuerdo,Sí está de acuerdo,Sí está de acuerdo,Sí está de acuerdo,Sí está de acuerdo,Sí está de acuerdo,Sí está de acuerdo,Sí está de acuerdo
1138,56,Mujer,México,Primaria,Rural,45-59,No,Sí,134340.15,Secundaria incompleta,Trabajó con pago,,Es usted (la persona entrevistada es jefa o jefe del hogar),,,,,,,5,Ninguno,Ninguno,No por falta de recursos,1,2,Sí,Rural,,No está de acuerdo,Sí está de acuerdo,No está de acuerdo,No está de acuerdo,Sí está de acuerdo,No está de acuerdo,Sí está de acuerdo,Sí está de acuerdo,No sabe/No responde,No sabe/No responde,Sí está de acuerdo,Sí está de acuerdo
1139,55,Mujer,Chiapas,No estudió/ Otro,Rural,45-59,No,No,48010.35,No estudió,Se dedicaba al hogar,,Es usted (la persona entrevistada es jefa o jefe del hogar),,,,,,,2,No sabe/No responde,Ninguno,Sí,1,1,No,Rural,,Ni de acuerdo ni en desacuerdo,No está de acuerdo,No está de acuerdo,Sí está de acuerdo,Sí está de acuerdo,No sabe/No responde,No está de acuerdo,Ni de acuerdo ni en desacuerdo,Ni de acuerdo ni en desacuerdo,No está de acuerdo,No está de acuerdo,Ni de acuerdo ni en desacuerdo
1141,26,Mujer,México,Secundaria,Urbana,25-34,No,No,119991.89,Secundaria completa,Trabajó con pago,,Cónyuge o pareja,,30.0,Hombre,,Secundaria completa,,5,Uno,Ninguno,Sí,2,2,No,Urbana,,Sí está de acuerdo,Sí está de acuerdo,Sí está de acuerdo,Sí está de acuerdo,Sí está de acuerdo,Sí está de acuerdo,Sí está de acuerdo,Sí está de acuerdo,Sí está de acuerdo,No está de acuerdo,Sí está de acuerdo,Sí está de acuerdo
1141,28,Mujer,Durango,Secundaria,Rural,25-34,No,No,112193.84,Secundaria completa,Trabajó con pago,,Es usted (la persona entrevistada es jefa o jefe del hogar),,,,,,,3,Ninguno,Ninguno,No por falta de recursos,1,1,No,Rural,,Sí está de acuerdo,Ni de acuerdo ni en desacuerdo,Sí está de acuerdo,No está de acuerdo,Sí está de acuerdo,No está de acuerdo,No está de acuerdo,No está de acuerdo,No está de acuerdo,No está de acuerdo,Sí está de acuerdo,No está de acuerdo
1145,46,Hombre,Durango,Preparatoria o bachillerato,Urbana,45-59,No,No,57620.82,Licenciatura incompleta,Trabajó con pago,,Es usted (la persona entrevistada es jefa o jefe del hogar),,,,,,,2,2 o más,Ninguno,Sí,1,1,No,Urbana,,Sí está de acuerdo,No está de acuerdo,Sí está de acuerdo,Sí está de acuerdo,No está de acuerdo,No está de acuerdo,Ni de acuerdo ni en desacuerdo,Ni de acuerdo ni en desacuerdo,Ni de acuerdo ni en desacuerdo,Ni de acuerdo ni en desacuerdo,No está de acuerdo,No está de acuerdo
1146,30,Hombre,Querétaro,Licenciatura o Ingeniería,Urbana,25-34,No,No,44632.66,Licenciatura completa,Trabajó con pago,,Es usted (la persona entrevistada es jefa o jefe del hogar),,,,,,,2,Uno,2 o más,Sí,2,1,No,Urbana,,Sí está de acuerdo,Sí está de acuerdo,No está de acuerdo,Sí está de acuerdo,No está de acuerdo,No está de acuerdo,Sí está de acuerdo,Ni de acuerdo ni en desacuerdo,Sí está de acuerdo,Sí está de acuerdo,Sí está de acuerdo,Sí está de acuerdo
1151,30,Hombre,Veracruz,Preparatoria o bachillerato,Rural,25-34,No,No,69478.52,Preparatoria completa,[Esp.] Buscaba trabajo,,"[Esp.] Otro, especifique",HERMANO,40.0,Hombre,,Preparatoria completa,,13,2 o más,Ninguno,"No, no lo quieren",5 o más,5 o más,No,Rural,,Sí está de acuerdo,Sí está de acuerdo,No está de acuerdo,Ni de acuerdo ni en desacuerdo,Sí está de acuerdo,Ni de acuerdo ni en desacuerdo,No está de acuerdo,Ni de acuerdo ni en desacuerdo,No está de acuerdo,Sí está de acuerdo,Sí está de acuerdo,Ni de acuerdo ni en desacuerdo
1152,38,Mujer,México,No estudió/ Otro,Urbana,45-59,No,Sí,45847.25,Licenciatura completa,Trabajó con pago,,"[Esp.] Otro, especifique",suegro,60.0,Hombre,,Licenciatura completa,,3,2 o más,2 o más,Sí,3,3,Sí,Urbana,,No está de acuerdo,No está de acuerdo,No está de acuerdo,No está de acuerdo,No está de acuerdo,No está de acuerdo,Sí está de acuerdo,No está de acuerdo,No está de acuerdo,No está de acuerdo,No está de acuerdo,No está de acuerdo
1152,50,Hombre,Veracruz,Licenciatura o Ingeniería,Urbana,35-44,No,Sí,51337.41,No estudió,Se dedicaba al hogar,,Es usted (la persona entrevistada es jefa o jefe del hogar),,,,,,,2,Ninguno,Ninguno,Sí,Ninguno,2,Sí,Urbana,,Sí está de acuerdo,Sí está de acuerdo,Ni de acuerdo ni en desacuerdo,Sí está de acuerdo,Sí está de acuerdo,Sí está de acuerdo,No está de acuerdo,No está de acuerdo,No está de acuerdo,No está de acuerdo,Sí está de acuerdo,Sí está de acuerdo
1153,53,Hombre,Veracruz,Licenciatura o Ingeniería,Urbana,45-59,No,No,41287.46,Licenciatura completa,Realizaba alguna otra actividad para generar ingresos,,Es usted (la persona entrevistada es jefa o jefe del hogar),,,,,,,2,2 o más,Uno,Sí,2,3,No,Urbana,,No está de acuerdo,Sí está de acuerdo,Ni de acuerdo ni en desacuerdo,No está de acuerdo,No está de acuerdo,Ni de acuerdo ni en desacuerdo,Sí está de acuerdo,No está de acuerdo,Sí está de acuerdo,Ni de acuerdo ni en desacuerdo,No está de acuerdo,Ni de acuerdo ni en desacuerdo
1154,29,Mujer,Durango,Preparatoria o bachillerato,Rural,25-34,No,No,89447.33,Preparatoria completa,Se dedicaba al hogar,,Es usted (la persona entrevistada es jefa o jefe del hogar),,,,,,,4,Uno,Uno,Sí,2,2,No,Rural,,Sí está de acuerdo,Sí está de acuerdo,Ni de acuerdo ni en desacuerdo,No está de acuerdo,Sí está de acuerdo,Sí está de acuerdo,Sí está de acuerdo,Ni de acuerdo ni en desacuerdo,Sí está de acuerdo,No está de acuerdo,Ni de acuerdo ni en desacuerdo,Sí está de acuerdo
1157,26,Hombre,Zacatecas,Doctorado,Urbana,25-34,No,No,17856.54,Doctorado,Trabajó con pago,,Es usted (la persona entrevistada es jefa o jefe del hogar),,,,,,,2,2 o más,Uno,Sí,2,2,No,Urbana,,Sí está de acuerdo,Sí está de acuerdo,No sabe/No responde,Sí está de acuerdo,Sí está de acuerdo,No está de acuerdo,Sí está de acuerdo,No sabe/No responde,No está de acuerdo,No sabe/No responde,No sabe/No responde,No está de acuerdo
1159,39,Hombre,Yucatán,Preparatoria o bachillerato,Rural,35-44,No,No,69266.07,Licenciatura completa,Trabajó con pago,,Cónyuge o pareja,,37.0,Mujer,,Preparatoria completa,,4,2 o más,Uno,Sí,1,2,No,Rural,,No está de acuerdo,No está de acuerdo,Ni de acuerdo ni en desacuerdo,Sí está de acuerdo,No está de acuerdo,Ni de acuerdo ni en desacuerdo,No está de acuerdo,Sí está de acuerdo,Ni de acuerdo ni en desacuerdo,No está de acuerdo,Sí está de acuerdo,Sí está de acuerdo
1161,60,Hombre,México,Primaria,Rural,35-44,No,No,117541.49,No estudió,Vendía o hacía algún producto para vender,,Es usted (la persona entrevistada es jefa o jefe del hogar),,,,,,,2,Ninguno,Ninguno,No por falta de recursos,Ninguno,2,No,Rural,,Sí está de acuerdo,No está de acuerdo,No está de acuerdo,Sí está de acuerdo,Sí está de acuerdo,No está de acuerdo,Sí está de acuerdo,No sabe/No responde,Sí está de acuerdo,No está de acuerdo,No está de acuerdo,No está de acuerdo
1161,35,Mujer,Veracruz,No estudió/ Otro,Rural,60+,No,No,55136.09,Preparatoria completa,Trabajó con pago,,Hijo o hija,,56.0,Hombre,,Primaria completa,,4,Uno,Ninguno,No por falta de recursos,1,2,No,Rural,,Sí está de acuerdo,Ni de acuerdo ni en desacuerdo,Ni de acuerdo ni en desacuerdo,Sí está de acuerdo,No está de acuerdo,Ni de acuerdo ni en desacuerdo,Ni de acuerdo ni en desacuerdo,Ni de acuerdo ni en desacuerdo,Ni de acuerdo ni en desacuerdo,Ni de acuerdo ni en desacuerdo,Sí está de acuerdo,No está de acuerdo
1162,70,Hombre,México,Carrera técnica o comercial,No sabe/No responde,45-59,No,No,58449.3,Carrera técnica,Trabajó con pago,,Es usted (la persona entrevistada es jefa o jefe del hogar),,,,,,,6,Uno,Uno,Sí,1,2,No,"[Esp.] Otra, especifique",Semi urbana,No está de acuerdo,Sí está de acuerdo,Ni de acuerdo ni en desacuerdo,Sí está de acuerdo,No está de acuerdo,No está de acuerdo,Ni de acuerdo ni en desacuerdo,Sí está de acuerdo,Sí está de acuerdo,Sí está de acuerdo,Sí está de acuerdo,Sí está de acuerdo
1162,51,Hombre,Veracruz,Carrera técnica o comercial,Urbana,60+,No,No,56332.16,Carrera técnica,Trabajó con pago,,Es usted (la persona entrevistada es jefa o jefe del hogar),,,,,,,4,Uno,Ninguno,Sí,2,2,No,Urbana,,Sí está de acuerdo,Sí está de acuerdo,Ni de acuerdo ni en desacuerdo,Sí está de acuerdo,No está de acuerdo,No está de acuerdo,Sí está de acuerdo,Sí está de acuerdo,Sí está de acuerdo,Sí está de acuerdo,No está de acuerdo,Sí está de acuerdo
1166,47,Mujer,Durango,Secundaria,Urbana,45-59,No,No,91629.29,Secundaria completa,Se dedicaba al hogar,,Cónyuge o pareja,,53.0,Hombre,,Secundaria completa,,3,Uno,Ninguno,Sí,1,3,No,Urbana,,Sí está de acuerdo,Sí está de acuerdo,Sí está de acuerdo,No está de acuerdo,Sí está de acuerdo,No está de acuerdo,No está de acuerdo,No está de acuerdo,Sí está de acuerdo,No está de acuerdo,Sí está de acuerdo,Sí está de acuerdo
1170,69,Hombre,México,Licenciatura o Ingeniería,Urbana,60+,No,No,39791.95,Licenciatura completa,Trabajó con pago,,Es usted (la persona entrevistada es jefa o jefe del hogar),,,,,,,4,Uno,Uno,Sí,2,3,No,Urbana,,Sí está de acuerdo,Sí está de acuerdo,Sí está de acuerdo,Sí está de acuerdo,Sí está de acuerdo,Sí está de acuerdo,Sí está de acuerdo,Sí está de acuerdo,Sí está de acuerdo,Sí está de acuerdo,Sí está de acuerdo,Sí está de acuerdo
1173,37,Mujer,México,Primaria,Urbana,35-44,No,No,117530.46,Secundaria incompleta,Trabajó con pago,,Es usted (la persona entrevistada es jefa o jefe del hogar),,,,,,,4,Uno,Ninguno,Sí,1,2,No,Urbana,,Sí está de acuerdo,Ni de acuerdo ni en desacuerdo,No está de acuerdo,Sí está de acuerdo,Ni de acuerdo ni en desacuerdo,Ni de acuerdo ni en desacuerdo,Sí está de acuerdo,Ni de acuerdo ni en desacuerdo,Sí está de acuerdo,Ni de acuerdo ni en desacuerdo,No está de acuerdo,No sabe/No responde
1175,32,Hombre,México,Preparatoria o bachillerato,Urbana,25-34,No,No,73559.57,Preparatoria completa,Trabajó con pago,,Es usted (la persona entrevistada es jefa o jefe del hogar),,,,,,,8,2 o más,Ninguno,Sí,3,4,No,Urbana,,Ni de acuerdo ni en desacuerdo,No está de acuerdo,Ni de acuerdo ni en desacuerdo,Sí está de acuerdo,No está de acuerdo,Ni de acuerdo ni en desacuerdo,Sí está de acuerdo,Sí está de acuerdo,Sí está de acuerdo,No está de acuerdo,Sí está de acuerdo,Sí está de acuerdo
1175,31,Hombre,Durango,Licenciatura o Ingeniería,Urbana,25-34,No,No,48786.61,Licenciatura completa,Trabajó con pago,,Es usted (la persona entrevistada es jefa o jefe del hogar),,,,,,,3,Uno,2 o más,Sí,2,3,No,Urbana,,No está de acuerdo,Sí está de acuerdo,Ni de acuerdo ni en desacuerdo,Sí está de acuerdo,Sí está de acuerdo,No está de acuerdo,Ni de acuerdo ni en desacuerdo,No está de acuerdo,Sí está de acuerdo,No está de acuerdo,No está de acuerdo,Ni de acuerdo ni en desacuerdo
1176,19,Mujer,Durango,Secundaria,Rural,18-24,No,No,91677.97,Preparatoria completa,Trabajó con pago,,Padre o madre,,36.0,Mujer,,Secundaria completa,,4,Ninguno,Ninguno,Sí,2,4,No,Rural,,Sí está de acuerdo,Sí está de acuerdo,No está de acuerdo,No está de acuerdo,No está de acuerdo,No está de acuerdo,Sí está de acuerdo,No está de acuerdo,No está de acuerdo,No está de acuerdo,Sí está de acuerdo,Sí está de acuerdo
1178,65,Hombre,Coahuila,Primaria,Rural,60+,No,No,87025.02,Primaria completa,Era jubilado o pensionado(a) (Programa Adultos Mayores),,Es usted (la persona entrevistada es jefa o jefe del hogar),,,,,,,2,Uno,Ninguno,Sí,Ninguno,2,No,Rural,,Sí está de acuerdo,No sabe/No responde,Ni de acuerdo ni en desacuerdo,Sí está de acuerdo,Sí está de acuerdo,Sí está de acuerdo,Sí está de acuerdo,No está de acuerdo,Sí está de acuerdo,No está de acuerdo,No está de acuerdo,Sí está de acuerdo
1179,39,Hombre,Oaxaca,No estudió/ Otro,Rural,35-44,Sí,No,37121.66,No estudió,Trabajó con pago,,Es usted (la persona entrevistada es jefa o jefe del hogar),,,,,,,3,Ninguno,Ninguno,No por falta de recursos,1,1,No,Rural,,No está de acuerdo,Sí está de acuerdo,Sí está de acuerdo,No está de acuerdo,Sí está de acuerdo,Sí está de acuerdo,Sí está de acuerdo,Sí está de acuerdo,Sí está de acuerdo,No está de acuerdo,Sí está de acuerdo,Sí está de acuerdo
1179,18,Hombre,Tamaulipas,Primaria,Rural,18-24,Sí,No,119522.87,Licenciatura incompleta,Estudiaba,,Hijo o hija,,64.0,No sabe/No responde,,Primaria completa,,4,2 o más,2 o más,Sí,1,4,No,Rural,,Sí está de acuerdo,Sí está de acuerdo,No está de acuerdo,Sí está de acuerdo,No está de acuerdo,No está de acuerdo,No está de acuerdo,Sí está de acuerdo,Sí está de acuerdo,No está de acuerdo,Sí está de acuerdo,Sí está de acuerdo
1180,35,Hombre,México,Primaria,Urbana,35-44,No,Sí,124445.67,Primaria completa,Trabajó con pago,,Cónyuge o pareja,,31.0,Mujer,,Primaria completa,,4,Uno,Ninguno,Sí,2,2,Sí,Urbana,,No está de acuerdo,No está de acuerdo,No está de acuerdo,Sí está de acuerdo,No está de acuerdo,Sí está de acuerdo,No está de acuerdo,No está de acuerdo,No está de acuerdo,Ni de acuerdo ni en desacuerdo,Ni de acuerdo ni en desacuerdo,No está de acuerdo
1183,19,Hombre,México,Licenciatura o Ingeniería,Urbana,18-24,No,No,52987.36,Preparatoria completa,[Esp.] Ya no trabaja,,Hijo o hija,,52.0,Mujer,,Licenciatura completa,,5,2 o más,Uno,Sí,Ninguno,4,No,Urbana,,Sí está de acuerdo,Ni de acuerdo ni en desacuerdo,Sí está de acuerdo,No está de acuerdo,Ni de acuerdo ni en desacuerdo,Sí está de acuerdo,No está de acuerdo,Sí está de acuerdo,Sí está de acuerdo,Sí está de acuerdo,No sabe/No responde,Sí está de acuerdo
1190,40,Mujer,México,Primaria,Rural,35-44,No,No,117530.46,Primaria completa,Se dedicaba al hogar,,Es usted (la persona entrevistada es jefa o jefe del hogar),,,,,,,5,Uno,Ninguno,Sí,1,3,No,Rural,,Sí está de acuerdo,No está de acuerdo,No está de acuerdo,No está de acuerdo,Sí está de acuerdo,No está de acuerdo,Sí está de acuerdo,No está de acuerdo,No está de acuerdo,No está de acuerdo,No está de acuerdo,Sí está de acuerdo
1195,19,Hombre,Tabasco,Licenciatura o Ingeniería,Urbana,18-24,No,No,53982.86,Preparatoria completa,Estudiaba,,Padre o madre,,46.0,Hombre,,Licenciatura completa,,4,2 o más,Uno,Sí,3,3,No,Urbana,,No está de acuerdo,Sí está de acuerdo,Ni de acuerdo ni en desacuerdo,No está de acuerdo,No está de acuerdo,No está de acuerdo,Sí está de acuerdo,Sí está de acuerdo,Sí está de acuerdo,No está de acuerdo,No está de acuerdo,No está de acuerdo
1196,70,Hombre,Tabasco,Preparatoria o bachillerato,Urbana,60+,No,No,57152.39,Preparatoria completa,Trabajó con pago,,Es usted (la persona entrevistada es jefa o jefe del hogar),,,,,,,4,Uno,Ninguno,Sí,4,3,No,Urbana,,No está de acuerdo,Sí está de acuerdo,No está de acuerdo,Sí está de acuerdo,Sí está de acuerdo,Sí está de acuerdo,Sí está de acuerdo,Sí está de acuerdo,No está de acuerdo,No está de acuerdo,Sí está de acuerdo,Sí está de acuerdo
1201,29,Hombre,México,Secundaria,Rural,25-34,No,Sí,92265.81,Secundaria completa,Trabajó con pago,,Es usted (la persona entrevistada es jefa o jefe del hogar),,,,,,,6,2 o más,Ninguno,No por falta de recursos,2,5 o más,Sí,Rural,,Ni de acuerdo ni en desacuerdo,No está de acuerdo,Ni de acuerdo ni en desacuerdo,Ni de acuerdo ni en desacuerdo,Sí está de acuerdo,Ni de acuerdo ni en desacuerdo,Sí está de acuerdo,Sí está de acuerdo,Ni de acuerdo ni en desacuerdo,Ni de acuerdo ni en desacuerdo,Ni de acuerdo ni en desacuerdo,Ni de acuerdo ni en desacuerdo
1203,50,Hombre,Tabasco,Secundaria,Rural,45-59,Sí,No,78749.45,Secundaria completa,[Esp.] Desempleado,,Es usted (la persona entrevistada es jefa o jefe del hogar),,,,,,,3,Uno,Ninguno,No por falta de recursos,Ninguno,2,No,Rural,,Sí está de acuerdo,No sabe/No responde,Sí está de acuerdo,Sí está de acuerdo,Ni de acuerdo ni en desacuerdo,Sí está de acuerdo,Ni de acuerdo ni en desacuerdo,Ni de acuerdo ni en desacuerdo,Sí está de acuerdo,Sí está de acuerdo,Sí está de acuerdo,Sí está de acuerdo
1206,35,Mujer,Tabasco,No estudió/ Otro,Rural,35-44,No,Sí,43264.34,Secundaria completa,Vendía o hacía algún producto para vender,,Cónyuge o pareja,,40.0,Hombre,,Primaria incompleta,,6,Ninguno,Uno,Sí,2,2,Sí,Rural,,No está de acuerdo,No está de acuerdo,Ni de acuerdo ni en desacuerdo,No sabe/No responde,Ni de acuerdo ni en desacuerdo,Sí está de acuerdo,No está de acuerdo,Sí está de acuerdo,Sí está de acuerdo,No está de acuerdo,Sí está de acuerdo,Ni de acuerdo ni en desacuerdo
1207,59,Mujer,Baja California,Primaria,Rural,45-59,No,Sí,150493.8,Secundaria completa,Era jubilado o pensionado(a) (Programa Adultos Mayores),,Cónyuge o pareja,,67.0,Hombre,,Primaria completa,,6,Uno,Ninguno,Sí,1,3,Sí,Rural,,Sí está de acuerdo,No está de acuerdo,Sí está de acuerdo,No está de acuerdo,Sí está de acuerdo,No está de acuerdo,Sí está de acuerdo,Sí está de acuerdo,No está de acuerdo,No está de acuerdo,Sí está de acuerdo,Sí está de acuerdo
1207,60,Hombre,Tabasco,Primaria,No sabe/No responde,60+,No,No,98270.84,Primaria completa,Trabajó con pago,,Es usted (la persona entrevistada es jefa o jefe del hogar),,,,,,,1,Uno,Uno,"No, otra razón",1,2,No,No sabe/No responde,,Sí está de acuerdo,Ni de acuerdo ni en desacuerdo,Ni de acuerdo ni en desacuerdo,Sí está de acuerdo,No está de acuerdo,No está de acuerdo,Sí está de acuerdo,Sí está de acuerdo,Sí está de acuerdo,No está de acuerdo,No está de acuerdo,No está de acuerdo
1213,57,Hombre,México,Licenciatura o Ingeniería,Urbana,45-59,No,No,43712.61,Licenciatura completa,Trabajó con pago,,Es usted (la persona entrevistada es jefa o jefe del hogar),,,,,,,4,2 o más,2 o más,Sí,Ninguno,4,No,Urbana,,No está de acuerdo,No está de acuerdo,Sí está de acuerdo,Sí está de acuerdo,No está de acuerdo,No está de acuerdo,Sí está de acuerdo,Sí está de acuerdo,Sí está de acuerdo,No está de acuerdo,Sí está de acuerdo,Sí está de acuerdo
1214,60,Hombre,México,Secundaria,Urbana,60+,No,No,70364.31,Secundaria completa,Trabajó con pago,,Es usted (la persona entrevistada es jefa o jefe del hogar),,,,,,,3,2 o más,Ninguno,Sí,1,2,No,Urbana,,Sí está de acuerdo,No está de acuerdo,Sí está de acuerdo,Sí está de acuerdo,No está de acuerdo,Ni de acuerdo ni en desacuerdo,Ni de acuerdo ni en desacuerdo,Ni de acuerdo ni en desacuerdo,Ni de acuerdo ni en desacuerdo,No está de acuerdo,Sí está de acuerdo,Ni de acuerdo ni en desacuerdo
1215,51,Hombre,Tabasco,Maestría o especialidad,Rural,45-59,No,No,21542.96,Diplomado o maestría,Trabajó con pago,,Es usted (la persona entrevistada es jefa o jefe del hogar),,,,,,,3,Uno,Ninguno,No por falta de recursos,1,2,No,Rural,,Ni de acuerdo ni en desacuerdo,Ni de acuerdo ni en desacuerdo,No sabe/No responde,No está de acuerdo,No está de acuerdo,Sí está de acuerdo,Sí está de acuerdo,Sí está de acuerdo,Sí está de acuerdo,No sabe/No responde,No sabe/No responde,No está de acuerdo
1217,46,Hombre,Jalisco,Licenciatura o Ingeniería,Urbana,45-59,No,No,45298.41,Licenciatura completa,Trabajó con pago,,Es usted (la persona entrevistada es jefa o jefe del hogar),,,,,,,4,2 o más,2 o más,Sí,2,3,No,Urbana,,Sí está de acuerdo,No está de acuerdo,Sí está de acuerdo,No está de acuerdo,Sí está de acuerdo,No está de acuerdo,No está de acuerdo,No está de acuerdo,No está de acuerdo,No está de acuerdo,No está de acuerdo,No está de acuerdo
1221,62,Mujer,Durango,Primaria,Rural,60+,No,No,142677.98,Primaria completa,Se dedicaba al hogar,,Es usted (la persona entrevistada es jefa o jefe del hogar),,,,,,,2,Uno,Ninguno,No por falta de recursos,1,1,No,Rural,,Sí está de acuerdo,No está de acuerdo,No está de acuerdo,No está de acuerdo,No está de acuerdo,Sí está de acuerdo,No está de acuerdo,No está de acuerdo,No está de acuerdo,No está de acuerdo,No está de acuerdo,No está de acuerdo
1222,25,Hombre,Coahuila,Licenciatura o Ingeniería,Urbana,25-34,No,No,47074.6,Licenciatura completa,Trabajó con pago,,Padre o madre,,55.0,Hombre,,Licenciatura completa,,3,2 o más,2 o más,Sí,3,2,No,Urbana,,No está de acuerdo,No está de acuerdo,No está de acuerdo,Sí está de acuerdo,No está de acuerdo,No está de acuerdo,Sí está de acuerdo,Sí está de acuerdo,Sí está de acuerdo,No está de acuerdo,Sí está de acuerdo,Sí está de acuerdo
1223,50,Hombre,Coahuila,Preparatoria o bachillerato,Urbana,45-59,No,No,55598.79,Licenciatura completa,Trabajó con pago,,Cónyuge o pareja,,47.0,Mujer,,Preparatoria completa,,4,Uno,Uno,Sí,3,3,No,Urbana,,Sí está de acuerdo,No está de acuerdo,Sí está de acuerdo,Sí está de acuerdo,No está de acuerdo,Sí está de acuerdo,Sí está de acuerdo,Sí está de acuerdo,Sí está de acuerdo,Ni de acuerdo ni en desacuerdo,Sí está de acuerdo,No está de acuerdo
1225,30,Hombre,México,Licenciatura o Ingeniería,Urbana,25-34,Sí,No,52177.54,Licenciatura completa,Trabajó con pago,,Es usted (la persona entrevistada es jefa o jefe del hogar),,,,,,,6,Uno,Ninguno,"No, otra razón",1,2,No,Urbana,,Sí está de acuerdo,Sí está de acuerdo,Ni de acuerdo ni en desacuerdo,No está de acuerdo,No está de acuerdo,No está de acuerdo,Sí está de acuerdo,Ni de acuerdo ni en desacuerdo,Ni de acuerdo ni en desacuerdo,No está de acuerdo,No está de acuerdo,No está de acuerdo
1227,45,Mujer,Durango,Secundaria,Rural,45-59,No,No,91629.29,Secundaria completa,Se dedicaba al hogar,,Es usted (la persona entrevistada es jefa o jefe del hogar),,,,,,,8,2 o más,Uno,Sí,2,5 o más,No,Rural,,Sí está de acuerdo,Sí está de acuerdo,No está de acuerdo,Sí está de acuerdo,Sí está de acuerdo,Sí está de acuerdo,Sí está de acuerdo,Sí está de acuerdo,No está de acuerdo,No está de acuerdo,Sí está de acuerdo,No está de acuerdo
1228,18,Hombre,Coahuila,Preparatoria o bachillerato,Urbana,18-24,No,No,67395.51,Secundaria completa,Ayudaba en el negocio familiar,,Hijo o hija,,50.0,Mujer,,Preparatoria completa,,3,Uno,Uno,Sí,4,2,No,Urbana,,Sí está de acuerdo,Sí está de acuerdo,Sí está de acuerdo,Sí está de acuerdo,Sí está de acuerdo,Sí está de acuerdo,Sí está de acuerdo,Sí está de acuerdo,Sí está de acuerdo,Sí está de acuerdo,Sí está de acuerdo,Sí está de acuerdo
1229,30,Mujer,San Luis Potosí,Primaria,Urbana,25-34,No,No,146940.5,Licenciatura completa,Trabajó con pago,,Hijo o hija,,78.0,Mujer,,Primaria completa,,8,2 o más,Ninguno,Sí,2,5 o más,No,Urbana,,No está de acuerdo,No está de acuerdo,Ni de acuerdo ni en desacuerdo,Sí está de acuerdo,Sí está de acuerdo,Ni de acuerdo ni en desacuerdo,Sí está de acuerdo,Sí está de acuerdo,Ni de acuerdo ni en desacuerdo,Ni de acuerdo ni en desacuerdo,Sí está de acuerdo,Ni de acuerdo ni en desacuerdo
1231,23,Hombre,Coahuila,Licenciatura o Ingeniería,Urbana,18-24,No,No,47805.22,Licenciatura completa,Estaba de incapacidad o en vacaciones,,Padre o madre,,70.0,Hombre,,Licenciatura completa,,3,2 o más,2 o más,Sí,3,2,No,Urbana,,No está de acuerdo,Sí está de acuerdo,Sí está de acuerdo,Sí está de acuerdo,No está de acuerdo,No está de acuerdo,Sí está de acuerdo,Sí está de acuerdo,Sí está de acuerdo,No está de acuerdo,No está de acuerdo,Sí está de acuerdo
1233,50,Hombre,Durango,Licenciatura o Ingeniería,Urbana,45-59,No,No,40871.81,Licenciatura completa,Trabajó con pago,,Es usted (la persona entrevistada es jefa o jefe del hogar),,,,,,,6,2 o más,2 o más,Sí,1,3,No,Urbana,,Sí está de acuerdo,No está de acuerdo,Sí está de acuerdo,Sí está de acuerdo,No está de acuerdo,No está de acuerdo,Sí está de acuerdo,Sí está de acuerdo,Sí está de acuerdo,No está de acuerdo,Sí está de acuerdo,Sí está de acuerdo
1235,57,Hombre,Tabasco,Primaria,Urbana,45-59,No,No,107953.36,Secundaria incompleta,Trabajó con pago,,Es usted (la persona entrevistada es jefa o jefe del hogar),,,,,,,2,2 o más,Uno,Sí,2,1,No,Urbana,,Sí está de acuerdo,No está de acuerdo,Sí está de acuerdo,Ni de acuerdo ni en desacuerdo,No está de acuerdo,No está de acuerdo,Sí está de acuerdo,Sí está de acuerdo,Sí está de acuerdo,No está de acuerdo,Sí está de acuerdo,No está de acuerdo
1240,38,Mujer,Nuevo León,Secundaria,Urbana,35-44,No,Sí,87371.33,Secundaria completa,Se dedicaba al hogar,,Es usted (la persona entrevistada es jefa o jefe del hogar),,,,,,,4,Uno,Uno,Sí,No sabe/No responde,2,Sí,Urbana,,Ni de acuerdo ni en desacuerdo,No está de acuerdo,Ni de acuerdo ni en desacuerdo,No está de acuerdo,No está de acuerdo,No está de acuerdo,No está de acuerdo,Ni de acuerdo ni en desacuerdo,No está de acuerdo,No está de acuerdo,No está de acuerdo,Ni de acuerdo ni en desacuerdo
1240,38,Hombre,Hidalgo,Primaria,Rural,35-44,No,No,97826.7,Primaria completa,Trabajó con pago,,Es usted (la persona entrevistada es jefa o jefe del hogar),,,,,,,18,Ninguno,Ninguno,No sabe/No responde,4,Ninguno,No,Rural,,No sabe/No responde,Sí está de acuerdo,Sí está de acuerdo,Ni de acuerdo ni en desacuerdo,Ni de acuerdo ni en desacuerdo,Ni de acuerdo ni en desacuerdo,No está de acuerdo,No sabe/No responde,Ni de acuerdo ni en desacuerdo,No sabe/No responde,Ni de acuerdo ni en desacuerdo,Ni de acuerdo ni en desacuerdo
1241,38,Hombre,Coahuila,Licenciatura o Ingeniería,Urbana,35-44,No,No,46316.63,Licenciatura completa,Trabajó con pago,,Es usted (la persona entrevistada es jefa o jefe del hogar),,,,,,,3,2 o más,2 o más,Sí,2,1,No,Urbana,,No está de acuerdo,Sí está de acuerdo,No está de acuerdo,Sí está de acuerdo,No está de acuerdo,No está de acuerdo,No está de acuerdo,No está de acuerdo,Sí está de acuerdo,Sí está de acuerdo,Sí está de acuerdo,Sí está de acuerdo
1242,35,Mujer,Durango,Maestría o especialidad,Urbana,35-44,No,No,21929.9,Diplomado o maestría,Trabajó con pago,,Es usted (la persona entrevistada es jefa o jefe del hogar),,,,,,,3,2 o más,2 o más,Sí,2,2,No,Urbana,,No está de acuerdo,Sí está de acuerdo,Sí está de acuerdo,Sí está de acuerdo,No está de acuerdo,No está de acuerdo,No está de acuerdo,No está de acuerdo,Ni de acuerdo ni en desacuerdo,No está de acuerdo,No está de acuerdo,No está de acuerdo
1244,40,Hombre,Coahuila,Secundaria,Urbana,35-44,No,No,81901.94,Secundaria completa,Trabajó con pago,,Es usted (la persona entrevistada es jefa o jefe del hogar),,,,,,,1,Ninguno,Ninguno,Sí,1,2,No,Urbana,,Ni de acuerdo ni en desacuerdo,No está de acuerdo,No está de acuerdo,Sí está de acuerdo,No está de acuerdo,No está de acuerdo,Sí está de acuerdo,No está de acuerdo,No está de acuerdo,No está de acuerdo,Sí está de acuerdo,Sí está de acuerdo
1246,60,Hombre,Tamaulipas,Secundaria,Urbana,60+,No,No,65476.47,Secundaria completa,Trabajó con pago,,Es usted (la persona entrevistada es jefa o jefe del hogar),,,,,,,2,Uno,Ninguno,"No, otra razón",1,4,No,Urbana,,Sí está de acuerdo,Ni de acuerdo ni en desacuerdo,Sí está de acuerdo,No sabe/No responde,No está de acuerdo,Sí está de acuerdo,Sí está de acuerdo,Sí está de acuerdo,Sí está de acuerdo,Sí está de acuerdo,Sí está de acuerdo,Sí está de acuerdo
1246,38,Hombre,Coahuila,Licenciatura o Ingeniería,Urbana,35-44,No,No,46316.63,Licenciatura completa,Trabajó con pago,,Es usted (la persona entrevistada es jefa o jefe del hogar),,,,,,,7,2 o más,2 o más,Sí,2,3,No,Urbana,,No está de acuerdo,No está de acuerdo,Sí está de acuerdo,Sí está de acuerdo,No está de acuerdo,No está de acuerdo,No está de acuerdo,No está de acuerdo,No está de acuerdo,No está de acuerdo,No está de acuerdo,Sí está de acuerdo
1247,33,Hombre,Coahuila,No estudió/ Otro,Rural,25-34,No,No,41231.45,Primaria completa,Trabajó con pago,,"[Esp.] Otro, especifique",YERNO,75.0,Hombre,,No estudió,,7,Ninguno,Ninguno,No por falta de recursos,5 o más,2,No,Rural,,No está de acuerdo,Sí está de acuerdo,No sabe/No responde,Sí está de acuerdo,No sabe/No responde,No sabe/No responde,No sabe/No responde,No sabe/No responde,No sabe/No responde,No está de acuerdo,Sí está de acuerdo,No está de acuerdo
1248,49,Mujer,Nuevo León,Doctorado,Urbana,45-59,No,No,20502.88,Doctorado,Trabajó con pago,,Es usted (la persona entrevistada es jefa o jefe del hogar),,,,,,,3,2 o más,2 o más,Sí,3,3,No,Urbana,,Ni de acuerdo ni en desacuerdo,No está de acuerdo,Ni de acuerdo ni en desacuerdo,No está de acuerdo,No está de acuerdo,No está de acuerdo,Sí está de acuerdo,No está de acuerdo,No está de acuerdo,No está de acuerdo,Sí está de acuerdo,Sí está de acuerdo
1250,18,Hombre,Zacatecas,Secundaria,Urbana,18-24,No,No,88327.44,Preparatoria completa,Ayudaba en el negocio familiar,,Padre o madre,,38.0,Hombre,,Secundaria completa,,5,Uno,Uno,Sí,2,4,No,Urbana,,No está de acuerdo,No está de acuerdo,Sí está de acuerdo,Sí está de acuerdo,No está de acuerdo,Sí está de acuerdo,Sí está de acuerdo,No está de acuerdo,No está de acuerdo,No está de acuerdo,Sí está de acuerdo,No está de acuerdo
1251,57,Mujer,Tabasco,Primaria,Urbana,45-59,No,Sí,136864.05,Secundaria incompleta,Estaba de incapacidad o en vacaciones,,Es usted (la persona entrevistada es jefa o jefe del hogar),,,,,,,5,Ninguno,Uno,No por falta de recursos,2,2,Sí,Urbana,,Sí está de acuerdo,Sí está de acuerdo,Sí está de acuerdo,Sí está de acuerdo,No está de acuerdo,Sí está de acuerdo,Sí está de acuerdo,Sí está de acuerdo,Ni de acuerdo ni en desacuerdo,Ni de acuerdo ni en desacuerdo,Sí está de acuerdo,Sí está de acuerdo
1254,23,Mujer,Aguascalientes,Primaria,Rural,18-24,No,No,145945.25,Secundaria completa,Se dedicaba al hogar,,Hijo o hija,,55.0,Mujer,,Primaria completa,,12,Uno,Ninguno,Sí,5 o más,5 o más,No,Rural,,No sabe/No responde,Sí está de acuerdo,Sí está de acuerdo,Sí está de acuerdo,Sí está de acuerdo,Sí está de acuerdo,Sí está de acuerdo,Sí está de acuerdo,Sí está de acuerdo,Sí está de acuerdo,Sí está de acuerdo,Sí está de acuerdo
1256,26,Hombre,Aguascalientes,Secundaria,Rural,25-34,No,No,100183.05,Secundaria completa,Trabajó con pago,,Es usted (la persona entrevistada es jefa o jefe del hogar),,,,,,,1,Ninguno,Ninguno,Sí,1,1,No,Rural,,No está de acuerdo,No está de acuerdo,Ni de acuerdo ni en desacuerdo,Sí está de acuerdo,No está de acuerdo,No está de acuerdo,No está de acuerdo,No está de acuerdo,No está de acuerdo,No está de acuerdo,No está de acuerdo,No está de acuerdo
1258,45,Mujer,Jalisco,Primaria,Urbana,45-59,No,No,139213.71,Primaria completa,[Esp.] Ya no trabaja,,Es usted (la persona entrevistada es jefa o jefe del hogar),,,,,,,3,Uno,Uno,Sí,1,3,No,Urbana,,Sí está de acuerdo,No está de acuerdo,Ni de acuerdo ni en desacuerdo,Sí está de acuerdo,No está de acuerdo,Sí está de acuerdo,Ni de acuerdo ni en desacuerdo,No está de acuerdo,Ni de acuerdo ni en desacuerdo,No está de acuerdo,Sí está de acuerdo,No está de acuerdo
1258,35,Mujer,Hidalgo,Primaria,Rural,35-44,No,No,92390.65,Secundaria completa,Trabajó con pago,,Cónyuge o pareja,,40.0,Hombre,,Primaria completa,,6,Uno,Uno,No por falta de recursos,2,2,No,Rural,,Sí está de acuerdo,Sí está de acuerdo,No está de acuerdo,Ni de acuerdo ni en desacuerdo,Sí está de acuerdo,No está de acuerdo,Sí está de acuerdo,Sí está de acuerdo,Sí está de acuerdo,No está de acuerdo,Sí está de acuerdo,Ni de acuerdo ni en desacuerdo
1259,24,Mujer,Tabasco,Preparatoria o bachillerato,Rural,18-24,No,No,79639.73,Licenciatura completa,Trabajó con pago,,Hijo o hija,,40.0,No sabe/No responde,,Preparatoria completa,,6,Uno,Ninguno,Sí,2,3,No,Rural,,Sí está de acuerdo,No está de acuerdo,No está de acuerdo,Sí está de acuerdo,Ni de acuerdo ni en desacuerdo,Ni de acuerdo ni en desacuerdo,Ni de acuerdo ni en desacuerdo,Sí está de acuerdo,Sí está de acuerdo,Sí está de acuerdo,Sí está de acuerdo,No está de acuerdo
1260,75,Hombre,Hidalgo,Primaria,Rural,60+,No,Sí,75826.1,Primaria completa,Era jubilado o pensionado(a) (Programa Adultos Mayores),,Es usted (la persona entrevistada es jefa o jefe del hogar),,,,,,,2,2 o más,Ninguno,No por falta de recursos,Ninguno,1,Sí,Rural,,No está de acuerdo,No está de acuerdo,No está de acuerdo,No está de acuerdo,No está de acuerdo,No está de acuerdo,Ni de acuerdo ni en desacuerdo,No está de acuerdo,No está de acuerdo,No está de acuerdo,No está de acuerdo,No está de acuerdo
1260,75,Mujer,Tabasco,Secundaria,Urbana,60+,No,No,113405.67,Secundaria completa,Trabajó con pago,,Es usted (la persona entrevistada es jefa o jefe del hogar),,,,,,,3,Uno,No sabe/No responde,Sí,2,2,No,Urbana,,Ni de acuerdo ni en desacuerdo,No sabe/No responde,Ni de acuerdo ni en desacuerdo,No sabe/No responde,Ni de acuerdo ni en desacuerdo,Ni de acuerdo ni en desacuerdo,Ni de acuerdo ni en desacuerdo,Ni de acuerdo ni en desacuerdo,No está de acuerdo,Ni de acuerdo ni en desacuerdo,No está de acuerdo,Sí está de acuerdo
1266,40,Hombre,Quintana Roo,Preparatoria o bachillerato,Urbana,35-44,No,No,67318.68,Preparatoria completa,Trabajó con pago,,Es usted (la persona entrevistada es jefa o jefe del hogar),,,,,,,5,Uno,Ninguno,Sí,2,2,No,Urbana,,Ni de acuerdo ni en desacuerdo,No está de acuerdo,Sí está de acuerdo,Sí está de acuerdo,Ni de acuerdo ni en desacuerdo,No está de acuerdo,No está de acuerdo,Ni de acuerdo ni en desacuerdo,Sí está de acuerdo,Ni de acuerdo ni en desacuerdo,Sí está de acuerdo,Ni de acuerdo ni en desacuerdo
1267,60,Mujer,Morelos,No sabe o no responde,Urbana,60+,No,No,48991.92,No sabe/No responde,Trabajó con pago,,Es usted (la persona entrevistada es jefa o jefe del hogar),,,,,,,3,Uno,Ninguno,Sí,1,2,No,Urbana,,Sí está de acuerdo,No está de acuerdo,Sí está de acuerdo,Sí está de acuerdo,Ni de acuerdo ni en desacuerdo,Sí está de acuerdo,Ni de acuerdo ni en desacuerdo,No está de acuerdo,Ni de acuerdo ni en desacuerdo,No está de acuerdo,Sí está de acuerdo,Sí está de acuerdo
1267,31,Hombre,Quintana Roo,Primaria,Rural,25-34,Sí,No,117645.55,Secundaria incompleta,Trabajó con pago,,Es usted (la persona entrevistada es jefa o jefe del hogar),,,,,,,4,Ninguno,Ninguno,No por falta de recursos,1,1,No,Rural,,No está de acuerdo,No está de acuerdo,Ni de acuerdo ni en desacuerdo,No está de acuerdo,No está de acuerdo,No está de acuerdo,Sí está de acuerdo,Sí está de acuerdo,Sí está de acuerdo,Sí está de acuerdo,Sí está de acuerdo,Sí está de acuerdo
1268,50,Mujer,Hidalgo,Primaria,Rural,45-59,No,No,105604.75,Primaria completa,Se dedicaba al hogar,,Es usted (la persona entrevistada es jefa o jefe del hogar),,,,,,,10,2 o más,Ninguno,No por falta de recursos,5 o más,2,No,Rural,,Ni de acuerdo ni en desacuerdo,Ni de acuerdo ni en desacuerdo,Ni de acuerdo ni en desacuerdo,No sabe/No responde,Ni de acuerdo ni en desacuerdo,No sabe/No responde,No está de acuerdo,Ni de acuerdo ni en desacuerdo,No está de acuerdo,No sabe/No responde,Ni de acuerdo ni en desacuerdo,Ni de acuerdo ni en desacuerdo
1268,88,Hombre,Quintana Roo,No estudió/ Otro,Rural,60+,Sí,Sí,32417.78,No estudió,Era jubilado o pensionado(a) (Programa Adultos Mayores),,Es usted (la persona entrevistada es jefa o jefe del hogar),,,,,,,1,Ninguno,Ninguno,Sí,Ninguno,1,Sí,Rural,,No está de acuerdo,Sí está de acuerdo,No está de acuerdo,Sí está de acuerdo,Sí está de acuerdo,Sí está de acuerdo,Sí está de acuerdo,Sí está de acuerdo,Sí está de acuerdo,No está de acuerdo,No está de acuerdo,Sí está de acuerdo
1269,50,Mujer,Morelos,Licenciatura o Ingeniería,Urbana,45-59,No,No,50702.21,Licenciatura completa,Trabajó con pago,,Es usted (la persona entrevistada es jefa o jefe del hogar),,,,,,,2,Uno,Ninguno,Sí,2,2,No,Urbana,,Sí está de acuerdo,Sí está de acuerdo,Ni de acuerdo ni en desacuerdo,Sí está de acuerdo,No está de acuerdo,Ni de acuerdo ni en desacuerdo,Sí está de acuerdo,No está de acuerdo,Sí está de acuerdo,Sí está de acuerdo,Sí está de acuerdo,Ni de acuerdo ni en desacuerdo
1270,30,Hombre,Nuevo León,Secundaria,Urbana,25-34,No,No,94026.01,Secundaria completa,Trabajó con pago,,Es usted (la persona entrevistada es jefa o jefe del hogar),,,,,,,5,Uno,2 o más,Sí,Ninguno,3,No,Urbana,,Sí está de acuerdo,No está de acuerdo,No está de acuerdo,Sí está de acuerdo,Sí está de acuerdo,No está de acuerdo,Sí está de acuerdo,Sí está de acuerdo,Sí está de acuerdo,Ni de acuerdo ni en desacuerdo,Ni de acuerdo ni en desacuerdo,Ni de acuerdo ni en desacuerdo
1273,39,Hombre,Quintana Roo,Licenciatura o Ingeniería,Urbana,35-44,No,No,47750.73,Licenciatura completa,Trabajó con pago,,Cónyuge o pareja,,40.0,Mujer,,Licenciatura completa,,3,Uno,Ninguno,Sí,2,2,No,Urbana,,No está de acuerdo,Sí está de acuerdo,No está de acuerdo,No está de acuerdo,Ni de acuerdo ni en desacuerdo,No está de acuerdo,No está de acuerdo,Sí está de acuerdo,Sí está de acuerdo,No está de acuerdo,Sí está de acuerdo,Sí está de acuerdo
1277,19,Mujer,Quintana Roo,Primaria,Urbana,18-24,No,No,125020.89,Preparatoria completa,Trabajó con pago,,Padre o madre,,53.0,Hombre,,Primaria completa,,11,Uno,Uno,Sí,5 o más,2,No,Urbana,,No está de acuerdo,Sí está de acuerdo,No está de acuerdo,Sí está de acuerdo,No está de acuerdo,No está de acuerdo,No está de acuerdo,Sí está de acuerdo,Sí está de acuerdo,No está de acuerdo,No está de acuerdo,Sí está de acuerdo
1280,53,Mujer,Nuevo León,Licenciatura o Ingeniería,Urbana,45-59,No,No,56476.41,Licenciatura completa,Trabajó con pago,,Es usted (la persona entrevistada es jefa o jefe del hogar),,,,,,,2,Uno,Uno,Sí,No sabe/No responde,No sabe/No responde,No,Urbana,,Sí está de acuerdo,Sí está de acuerdo,Ni de acuerdo ni en desacuerdo,No está de acuerdo,Ni de acuerdo ni en desacuerdo,No está de acuerdo,Sí está de acuerdo,No sabe/No responde,Sí está de acuerdo,No está de acuerdo,Sí está de acuerdo,No sabe/No responde
1281,56,Mujer,Nuevo León,Primaria,Rural,45-59,No,No,136903.01,Licenciatura completa,Trabajó sin pago,,Cónyuge o pareja,,49.0,Hombre,,Primaria completa,,4,2 o más,2 o más,Sí,3,3,No,Rural,,No está de acuerdo,No está de acuerdo,No está de acuerdo,Ni de acuerdo ni en desacuerdo,No está de acuerdo,No está de acuerdo,Ni de acuerdo ni en desacuerdo,Sí está de acuerdo,Sí está de acuerdo,Sí está de acuerdo,Sí está de acuerdo,Sí está de acuerdo
1281,49,Hombre,Quintana Roo,Secundaria,Urbana,45-59,No,No,71896.88,Secundaria completa,Trabajó con pago,,Es usted (la persona entrevistada es jefa o jefe del hogar),,,,,,,4,Uno,Uno,Sí,3,2,No,Urbana,,Sí está de acuerdo,Sí está de acuerdo,No está de acuerdo,No está de acuerdo,No está de acuerdo,Ni de acuerdo ni en desacuerdo,Ni de acuerdo ni en desacuerdo,No está de acuerdo,Sí está de acuerdo,No está de acuerdo,Sí está de acuerdo,Sí está de acuerdo
1282,63,Mujer,Guerrero,Preparatoria o bachillerato,Urbana,60+,No,No,73632.78,Preparatoria completa,No sabe/No responde,,Es usted (la persona entrevistada es jefa o jefe del hogar),,,,,,,3,No sabe/No responde,No sabe/No responde,No por falta de recursos,1,1,No,Urbana,,No está de acuerdo,No está de acuerdo,Sí está de acuerdo,Sí está de acuerdo,No está de acuerdo,No está de acuerdo,Sí está de acuerdo,Sí está de acuerdo,No está de acuerdo,Sí está de acuerdo,Sí está de acuerdo,Sí está de acuerdo
1284,26,Hombre,Ciudad de México,Secundaria,Urbana,25-34,No,No,103553.46,Licenciatura completa,Trabajó con pago,,Hijo o hija,,49.0,No sabe/No responde,,Secundaria completa,,4,2 o más,2 o más,Sí,3,3,No,Urbana,,Ni de acuerdo ni en desacuerdo,No está de acuerdo,No está de acuerdo,No está de acuerdo,No está de acuerdo,No está de acuerdo,Sí está de acuerdo,Ni de acuerdo ni en desacuerdo,Sí está de acuerdo,No está de acuerdo,No está de acuerdo,Sí está de acuerdo
1290,40,Hombre,Guerrero,Primaria,Urbana,35-44,No,No,103252.7,Secundaria incompleta,Trabajó con pago,,Es usted (la persona entrevistada es jefa o jefe del hogar),,,,,,,4,Ninguno,Ninguno,Sí,1,1,No,Urbana,,No está de acuerdo,Sí está de acuerdo,No está de acuerdo,No está de acuerdo,No está de acuerdo,Sí está de acuerdo,Sí está de acuerdo,Sí está de acuerdo,Sí está de acuerdo,No está de acuerdo,Sí está de acuerdo,Sí está de acuerdo
1291,59,Mujer,Nuevo León,Licenciatura o Ingeniería,Urbana,45-59,No,No,56476.41,Carrera comercial,Vendía o hacía algún producto para vender,,Cónyuge o pareja,,65.0,Hombre,,Licenciatura completa,,5,Uno,2 o más,Sí,5 o más,4,No,Urbana,,No está de acuerdo,Ni de acuerdo ni en desacuerdo,Sí está de acuerdo,Sí está de acuerdo,No está de acuerdo,No está de acuerdo,No está de acuerdo,No está de acuerdo,No está de acuerdo,Sí está de acuerdo,Sí está de acuerdo,Sí está de acuerdo
1292,54,Hombre,Guerrero,Secundaria,Urbana,45-59,Sí,No,64133.6,Secundaria completa,Trabajó con pago,,Es usted (la persona entrevistada es jefa o jefe del hogar),,,,,,,5,Uno,Ninguno,No por falta de recursos,2,No sabe/No responde,No,Urbana,,No está de acuerdo,No está de acuerdo,No está de acuerdo,No está de acuerdo,No está de acuerdo,Sí está de acuerdo,No está de acuerdo,Sí está de acuerdo,Sí está de acuerdo,Sí está de acuerdo,No está de acuerdo,Sí está de acuerdo
1293,40,Mujer,Nuevo León,Preparatoria o bachillerato,Urbana,35-44,No,No,69657.41,Preparatoria completa,Vendía o hacía algún producto para vender,,Cónyuge o pareja,,38.0,Hombre,,Preparatoria completa,,5,Uno,Ninguno,Sí,1,2,No,Urbana,,No está de acuerdo,Sí está de acuerdo,Sí está de acuerdo,Sí está de acuerdo,No está de acuerdo,No está de acuerdo,Sí está de acuerdo,No está de acuerdo,Sí está de acuerdo,No está de acuerdo,Sí está de acuerdo,Sí está de acuerdo
1293,35,Mujer,Hidalgo,Preparatoria o bachillerato,Rural,35-44,Sí,No,53732.59,Preparatoria completa,Realizaba alguna otra actividad para generar ingresos,,Es usted (la persona entrevistada es jefa o jefe del hogar),,,,,,,2,Ninguno,Ninguno,No por falta de recursos,1,1,No,Rural,,Sí está de acuerdo,Ni de acuerdo ni en desacuerdo,No está de acuerdo,No está de acuerdo,No sabe/No responde,Ni de acuerdo ni en desacuerdo,No está de acuerdo,No sabe/No responde,No sabe/No responde,No está de acuerdo,Sí está de acuerdo,No está de acuerdo
1303,64,Mujer,Tamaulipas,Primaria,No sabe/No responde,60+,No,Sí,141994.87,Primaria completa,Se dedicaba al hogar,,Es usted (la persona entrevistada es jefa o jefe del hogar),,,,,,,5,Uno,Ninguno,"No, otra razón",Ninguno,3,Sí,No sabe/No responde,,Sí está de acuerdo,No está de acuerdo,No está de acuerdo,Sí está de acuerdo,No está de acuerdo,No está de acuerdo,Sí está de acuerdo,No está de acuerdo,No está de acuerdo,No está de acuerdo,No está de acuerdo,No está de acuerdo
1304,69,Mujer,Guerrero,Primaria,Rural,60+,Sí,Sí,126608.09,Primaria completa,Se dedicaba al hogar,,Cónyuge o pareja,,76.0,Hombre,,Primaria completa,,9,Ninguno,Ninguno,Sí,3,4,Sí,Rural,,No está de acuerdo,Ni de acuerdo ni en desacuerdo,No está de acuerdo,No está de acuerdo,No está de acuerdo,No está de acuerdo,No está de acuerdo,No está de acuerdo,No está de acuerdo,No está de acuerdo,Sí está de acuerdo,Ni de acuerdo ni en desacuerdo
1308,36,Mujer,México,Carrera técnica o comercial,Rural,35-44,No,No,68638.18,Carrera técnica,Trabajó con pago,,Es usted (la persona entrevistada es jefa o jefe del hogar),,,,,,,4,Uno,Uno,Sí,2,2,No,Rural,,Sí está de acuerdo,Sí está de acuerdo,Ni de acuerdo ni en desacuerdo,Sí está de acuerdo,No está de acuerdo,Sí está de acuerdo,Ni de acuerdo ni en desacuerdo,Sí está de acuerdo,Sí está de acuerdo,No está de acuerdo,Sí está de acuerdo,Sí está de acuerdo
1311,61,Hombre,Nuevo León,Carrera técnica o comercial,Urbana,60+,No,Sí,57406.83,Carrera técnica,Era jubilado o pensionado(a) (Programa Adultos Mayores),,Es usted (la persona entrevistada es jefa o jefe del hogar),,,,,,,7,2 o más,2 o más,Sí,2,3,Sí,Urbana,,No está de acuerdo,Ni de acuerdo ni en desacuerdo,Sí está de acuerdo,Sí está de acuerdo,Ni de acuerdo ni en desacuerdo,Sí está de acuerdo,Sí está de acuerdo,Sí está de acuerdo,No está de acuerdo,No está de acuerdo,Sí está de acuerdo,Sí está de acuerdo
1311,31,Hombre,Hidalgo,Licenciatura o Ingeniería,Urbana,25-34,No,No,41016.74,Licenciatura completa,Trabajó con pago,,Es usted (la persona entrevistada es jefa o jefe del hogar),,,,,,,1,Uno,Uno,Sí,1,1,No,Urbana,,Sí está de acuerdo,Sí está de acuerdo,Ni de acuerdo ni en desacuerdo,Ni de acuerdo ni en desacuerdo,Ni de acuerdo ni en desacuerdo,Ni de acuerdo ni en desacuerdo,Ni de acuerdo ni en desacuerdo,No está de acuerdo,No está de acuerdo,No está de acuerdo,Sí está de acuerdo,Sí está de acuerdo
1313,49,Hombre,Guerrero,Licenciatura o Ingeniería,Urbana,45-59,No,No,36268.39,Licenciatura completa,Trabajó con pago,,Es usted (la persona entrevistada es jefa o jefe del hogar),,,,,,,4,Uno,Uno,Sí,1,4,No,Urbana,,Sí está de acuerdo,No está de acuerdo,Sí está de acuerdo,Sí está de acuerdo,No está de acuerdo,Sí está de acuerdo,No está de acuerdo,No está de acuerdo,No está de acuerdo,Sí está de acuerdo,Sí está de acuerdo,Ni de acuerdo ni en desacuerdo
1314,25,Hombre,Guerrero,Primaria,Rural,25-34,No,No,104942.42,Licenciatura completa,Vendía o hacía algún producto para vender,,Hijo o hija,,55.0,Hombre,,Secundaria incompleta,,4,2 o más,Ninguno,Sí,2,4,No,Rural,,No está de acuerdo,Sí está de acuerdo,Sí está de acuerdo,Ni de acuerdo ni en desacuerdo,No está de acuerdo,No está de acuerdo,Sí está de acuerdo,Ni de acuerdo ni en desacuerdo,Ni de acuerdo ni en desacuerdo,Sí está de acuerdo,Sí está de acuerdo,Sí está de acuerdo
1315,45,Mujer,Nuevo León,Secundaria,Rural,45-59,No,No,99867.54,Secundaria completa,Se dedicaba al hogar,,Cónyuge o pareja,,43.0,Hombre,,Secundaria completa,,5,Uno,Ninguno,Sí,1,2,No,Rural,,Sí está de acuerdo,Sí está de acuerdo,No está de acuerdo,Sí está de acuerdo,No está de acuerdo,No está de acuerdo,No está de acuerdo,Sí está de acuerdo,Sí está de acuerdo,No está de acuerdo,Sí está de acuerdo,Sí está de acuerdo
1316,29,Mujer,Guerrero,Secundaria,Rural,25-34,No,No,99557.39,Preparatoria incompleta,Trabajó con pago,,Es usted (la persona entrevistada es jefa o jefe del hogar),,,,,,,3,Uno,Ninguno,Sí,1,1,No,Rural,,Sí está de acuerdo,Sí está de acuerdo,Sí está de acuerdo,Sí está de acuerdo,Sí está de acuerdo,Sí está de acuerdo,Sí está de acuerdo,Sí está de acuerdo,Sí está de acuerdo,Sí está de acuerdo,Sí está de acuerdo,Sí está de acuerdo
1321,60,Hombre,Nuevo León,Secundaria,Urbana,60+,No,No,71706.68,Secundaria completa,Trabajó con pago,,Es usted (la persona entrevistada es jefa o jefe del hogar),,,,,,,5,2 o más,2 o más,Sí,3,3,No,Urbana,,Sí está de acuerdo,No está de acuerdo,Ni de acuerdo ni en desacuerdo,Sí está de acuerdo,No está de acuerdo,Sí está de acuerdo,Sí está de acuerdo,Sí está de acuerdo,No está de acuerdo,Sí está de acuerdo,No está de acuerdo,Sí está de acuerdo
1323,52,Hombre,Ciudad de México,Carrera técnica o comercial,Urbana,45-59,No,No,69453.12,Carrera técnica,Trabajó con pago,,Es usted (la persona entrevistada es jefa o jefe del hogar),,,,,,,3,Uno,Ninguno,Sí,2,1,No,Urbana,,Sí está de acuerdo,No está de acuerdo,Sí está de acuerdo,No está de acuerdo,Sí está de acuerdo,No está de acuerdo,Sí está de acuerdo,Sí está de acuerdo,Sí está de acuerdo,No está de acuerdo,Ni de acuerdo ni en desacuerdo,Sí está de acuerdo
1327,66,Hombre,México,Primaria,Urbana,60+,No,No,96458.63,Primaria completa,Trabajó con pago,,Es usted (la persona entrevistada es jefa o jefe del hogar),,,,,,,1,Uno,Uno,No por falta de recursos,1,1,No,Urbana,,Sí está de acuerdo,Sí está de acuerdo,Sí está de acuerdo,Sí está de acuerdo,Sí está de acuerdo,No está de acuerdo,Sí está de acuerdo,Sí está de acuerdo,Sí está de acuerdo,No está de acuerdo,Sí está de acuerdo,No está de acuerdo
1330,25,Hombre,Morelos,Secundaria,Rural,25-34,No,No,84412.7,Preparatoria incompleta,Trabajó con pago,,Hijo o hija,,70.0,Hombre,,Secundaria completa,,5,Uno,Ninguno,Sí,1,2,No,Rural,,No está de acuerdo,Sí está de acuerdo,No está de acuerdo,Sí está de acuerdo,No está de acuerdo,Sí está de acuerdo,Sí está de acuerdo,Sí está de acuerdo,Sí está de acuerdo,Sí está de acuerdo,Sí está de acuerdo,Sí está de acuerdo
1332,56,Hombre,Nuevo León,Licenciatura o Ingeniería,Urbana,45-59,No,No,44546.53,Licenciatura completa,Trabajó con pago,,Es usted (la persona entrevistada es jefa o jefe del hogar),,,,,,,5,2 o más,2 o más,Sí,1,3,No,Urbana,,No está de acuerdo,No está de acuerdo,Ni de acuerdo ni en desacuerdo,Ni de acuerdo ni en desacuerdo,Ni de acuerdo ni en desacuerdo,Ni de acuerdo ni en desacuerdo,Ni de acuerdo ni en desacuerdo,Ni de acuerdo ni en desacuerdo,No está de acuerdo,No está de acuerdo,Ni de acuerdo ni en desacuerdo,Ni de acuerdo ni en desacuerdo
1336,29,Mujer,Guerrero,Licenciatura o Ingeniería,Urbana,25-34,No,No,56301.02,Licenciatura completa,Trabajó con pago,,Es usted (la persona entrevistada es jefa o jefe del hogar),,,,,,,2,2 o más,Ninguno,Sí,1,2,No,Urbana,,No está de acuerdo,Ni de acuerdo ni en desacuerdo,Sí está de acuerdo,Sí está de acuerdo,No está de acuerdo,No está de acuerdo,Ni de acuerdo ni en desacuerdo,Sí está de acuerdo,Sí está de acuerdo,No está de acuerdo,Sí está de acuerdo,Sí está de acuerdo
1337,20,Mujer,Guerrero,Primaria,Urbana,18-24,Sí,No,111521.37,Secundaria completa,Trabajó con pago,,Padre o madre,,39.0,Mujer,,Primaria completa,,6,Ninguno,Ninguno,"No, otra razón",1,1,No,Urbana,,No está de acuerdo,Ni de acuerdo ni en desacuerdo,Sí está de acuerdo,Sí está de acuerdo,Sí está de acuerdo,No está de acuerdo,No está de acuerdo,No está de acuerdo,No está de acuerdo,No está de acuerdo,No está de acuerdo,Sí está de acuerdo
1339,65,Hombre,Guerrero,No estudió/ Otro,Rural,60+,No,No,28917.37,No estudió,Trabajó sin pago,,Es usted (la persona entrevistada es jefa o jefe del hogar),,,,,,,4,Ninguno,Ninguno,No por falta de recursos,Ninguno,4,No,Rural,,No está de acuerdo,Sí está de acuerdo,No está de acuerdo,No está de acuerdo,Sí está de acuerdo,No sabe/No responde,No está de acuerdo,No sabe/No responde,No sabe/No responde,No está de acuerdo,Sí está de acuerdo,Sí está de acuerdo
1341,23,Hombre,Guanajuato,Preparatoria o bachillerato,Rural,18-24,No,No,74180.28,Licenciatura completa,Trabajó con pago,,Padre o madre,,48.0,Hombre,,Preparatoria completa,,5,Uno,2 o más,Sí,2,3,No,Rural,,No está de acuerdo,Ni de acuerdo ni en desacuerdo,Ni de acuerdo ni en desacuerdo,Sí está de acuerdo,No está de acuerdo,No está de acuerdo,Ni de acuerdo ni en desacuerdo,No está de acuerdo,Sí está de acuerdo,Sí está de acuerdo,Ni de acuerdo ni en desacuerdo,Sí está de acuerdo
1343,39,Hombre,Sinaloa,Maestría o especialidad,Urbana,35-44,No,No,25862.36,Diplomado o maestría,Trabajó con pago,,Es usted (la persona entrevistada es jefa o jefe del hogar),,,,,,,4,2 o más,2 o más,Sí,2,3,No,Urbana,,Ni de acuerdo ni en desacuerdo,Sí está de acuerdo,Ni de acuerdo ni en desacuerdo,Ni de acuerdo ni en desacuerdo,Ni de acuerdo ni en desacuerdo,Sí está de acuerdo,Sí está de acuerdo,Ni de acuerdo ni en desacuerdo,Sí está de acuerdo,No está de acuerdo,Sí está de acuerdo,No está de acuerdo
1345,18,Mujer,Guerrero,Secundaria,Urbana,18-24,No,No,81352.23,Preparatoria incompleta,Estudiaba,,Hijo o hija,,52.0,Mujer,,Secundaria completa,,2,Uno,Ninguno,Sí,1,1,No,Urbana,,No está de acuerdo,Sí está de acuerdo,No está de acuerdo,Sí está de acuerdo,No está de acuerdo,Sí está de acuerdo,Sí está de acuerdo,No está de acuerdo,No está de acuerdo,No está de acuerdo,Sí está de acuerdo,Sí está de acuerdo
1345,43,Mujer,Guanajuato,Primaria,Urbana,35-44,No,No,116710.78,Primaria completa,Se dedicaba al hogar,,Es usted (la persona entrevistada es jefa o jefe del hogar),,,,,,,5,Uno,Ninguno,Sí,1,2,No,Urbana,,Sí está de acuerdo,Sí está de acuerdo,Sí está de acuerdo,Sí está de acuerdo,No está de acuerdo,No está de acuerdo,No está de acuerdo,Sí está de acuerdo,Sí está de acuerdo,No está de acuerdo,Sí está de acuerdo,No está de acuerdo
1347,28,Hombre,Nuevo León,Licenciatura o Ingeniería,Urbana,25-34,No,No,53172.95,Licenciatura completa,Trabajó con pago,,Es usted (la persona entrevistada es jefa o jefe del hogar),,,,,,,3,Uno,Uno,Sí,2,1,No,Urbana,,Sí está de acuerdo,Ni de acuerdo ni en desacuerdo,Ni de acuerdo ni en desacuerdo,No está de acuerdo,No está de acuerdo,No está de acuerdo,Ni de acuerdo ni en desacuerdo,No está de acuerdo,Sí está de acuerdo,No está de acuerdo,Sí está de acuerdo,No está de acuerdo
1348,21,Mujer,Nuevo León,Primaria,Urbana,45-59,No,No,136903.01,Secundaria completa,Trabajó con pago,,Hijo o hija,,50.0,Mujer,,Secundaria incompleta,,10,2 o más,Ninguno,Sí,1,4,No,Urbana,,No está de acuerdo,No está de acuerdo,No está de acuerdo,No está de acuerdo,Sí está de acuerdo,No está de acuerdo,No está de acuerdo,No está de acuerdo,No está de acuerdo,No está de acuerdo,No está de acuerdo,No está de acuerdo
1349,48,Hombre,Morelos,Secundaria,Urbana,45-59,Sí,No,70718.16,Preparatoria incompleta,Trabajó sin pago,,Es usted (la persona entrevistada es jefa o jefe del hogar),,,,,,,4,2 o más,Ninguno,Sí,2,3,No,Urbana,,Sí está de acuerdo,Sí está de acuerdo,Sí está de acuerdo,No está de acuerdo,Sí está de acuerdo,No está de acuerdo,Sí está de acuerdo,Sí está de acuerdo,Sí está de acuerdo,Sí está de acuerdo,Sí está de acuerdo,Sí está de acuerdo
1349,48,Mujer,Sonora,Licenciatura o Ingeniería,Urbana,45-59,No,No,47066.6,Licenciatura completa,Trabajó con pago,,Es usted (la persona entrevistada es jefa o jefe del hogar),,,,,,,3,2 o más,Uno,Sí,1,2,No,Urbana,,No sabe/No responde,No está de acuerdo,Sí está de acuerdo,No está de acuerdo,No está de acuerdo,Sí está de acuerdo,No está de acuerdo,Sí está de acuerdo,Ni de acuerdo ni en desacuerdo,No está de acuerdo,No está de acuerdo,Sí está de acuerdo
1357,48,Mujer,Coahuila,Preparatoria o bachillerato,Urbana,45-59,No,Sí,70488.55,Carrera técnica,Se dedicaba al hogar,,Cónyuge o pareja,,50.0,Hombre,,Preparatoria completa,,2,Uno,Ninguno,Sí,No sabe/No responde,2,Sí,Urbana,,Sí está de acuerdo,No está de acuerdo,Sí está de acuerdo,Sí está de acuerdo,Ni de acuerdo ni en desacuerdo,Sí está de acuerdo,Ni de acuerdo ni en desacuerdo,No está de acuerdo,No está de acuerdo,Sí está de acuerdo,Sí está de acuerdo,Sí está de acuerdo
1357,23,Mujer,Sonora,Preparatoria o bachillerato,Urbana,18-24,No,No,66389.46,Licenciatura completa,Trabajó con pago,,Hijo o hija,,50.0,Hombre,,Preparatoria completa,,5,2 o más,2 o más,Sí,4,3,No,Urbana,,No está de acuerdo,Sí está de acuerdo,No está de acuerdo,Sí está de acuerdo,No está de acuerdo,Sí está de acuerdo,Sí está de acuerdo,Sí está de acuerdo,Sí está de acuerdo,Sí está de acuerdo,Sí está de acuerdo,Sí está de acuerdo
1358,64,Hombre,Coahuila,No estudió/ Otro,Urbana,60+,No,No,31444.18,No estudió,Trabajó con pago,,Es usted (la persona entrevistada es jefa o jefe del hogar),,,,,,,3,2 o más,Ninguno,Sí,2,3,No,Urbana,,No está de acuerdo,No está de acuerdo,Sí está de acuerdo,Sí está de acuerdo,Sí está de acuerdo,No está de acuerdo,Sí está de acuerdo,No está de acuerdo,Sí está de acuerdo,No está de acuerdo,Sí está de acuerdo,Sí está de acuerdo
1359,73,Hombre,Guerrero,Licenciatura o Ingeniería,Urbana,60+,No,No,33015.42,Licenciatura completa,Era jubilado o pensionado(a) (Programa Adultos Mayores),,Es usted (la persona entrevistada es jefa o jefe del hogar),,,,,,,2,2 o más,Uno,Sí,2,1,No,Urbana,,Ni de acuerdo ni en desacuerdo,No sabe/No responde,No sabe/No responde,Ni de acuerdo ni en desacuerdo,Ni de acuerdo ni en desacuerdo,Sí está de acuerdo,Sí está de acuerdo,Sí está de acuerdo,No está de acuerdo,Ni de acuerdo ni en desacuerdo,Sí está de acuerdo,Sí está de acuerdo
1360,34,Hombre,Nuevo León,Preparatoria o bachillerato,Urbana,25-34,No,No,74962.9,Preparatoria completa,Trabajó con pago,,Es usted (la persona entrevistada es jefa o jefe del hogar),,,,,,,4,Uno,Ninguno,Sí,2,2,No,Urbana,,Sí está de acuerdo,Sí está de acuerdo,No está de acuerdo,No está de acuerdo,No está de acuerdo,Sí está de acuerdo,Sí está de acuerdo,Sí está de acuerdo,Sí está de acuerdo,No está de acuerdo,No está de acuerdo,No está de acuerdo
1361,70,Hombre,Quintana Roo,Preparatoria o bachillerato,Urbana,60+,No,Sí,52179.14,Preparatoria completa,Vendía o hacía algún producto para vender,,Es usted (la persona entrevistada es jefa o jefe del hogar),,,,,,,1,Uno,Uno,Sí,1,1,Sí,Urbana,,Ni de acuerdo ni en desacuerdo,Ni de acuerdo ni en desacuerdo,Sí está de acuerdo,Ni de acuerdo ni en desacuerdo,Sí está de acuerdo,Ni de acuerdo ni en desacuerdo,Ni de acuerdo ni en desacuerdo,Ni de acuerdo ni en desacuerdo,Sí está de acuerdo,No está de acuerdo,Sí está de acuerdo,Ni de acuerdo ni en desacuerdo
1362,60,Mujer,Guanajuato,Maestría o especialidad,Urbana,60+,No,Sí,30239.15,Preparatoria completa,Se dedicaba al hogar,,Cónyuge o pareja,,64.0,Hombre,,Diplomado o maestría,,4,Uno,2 o más,Sí,2,2,Sí,Urbana,,Ni de acuerdo ni en desacuerdo,No está de acuerdo,Ni de acuerdo ni en desacuerdo,Sí está de acuerdo,Sí está de acuerdo,Sí está de acuerdo,No está de acuerdo,Sí está de acuerdo,Sí está de acuerdo,Ni de acuerdo ni en desacuerdo,Sí está de acuerdo,Sí está de acuerdo
1363,31,Mujer,Coahuila,Secundaria,Urbana,60+,No,No,100427.87,Primaria completa,Se dedicaba al hogar,,Hijo o hija,,60.0,Hombre,,Secundaria completa,,3,2 o más,Uno,Sí,1,2,No,Urbana,,Sí está de acuerdo,Sí está de acuerdo,Sí está de acuerdo,Sí está de acuerdo,Sí está de acuerdo,Sí está de acuerdo,Sí está de acuerdo,Sí está de acuerdo,Sí está de acuerdo,Sí está de acuerdo,Sí está de acuerdo,Sí está de acuerdo
1366,53,Hombre,Coahuila,Secundaria,Urbana,45-59,No,Sí,69737.6,Secundaria completa,[Esp.] Buscaba trabajo,,Es usted (la persona entrevistada es jefa o jefe del hogar),,,,,,,3,Uno,Uno,Sí,1,2,Sí,Urbana,,Sí está de acuerdo,No está de acuerdo,Sí está de acuerdo,Sí está de acuerdo,No está de acuerdo,No está de acuerdo,Sí está de acuerdo,No está de acuerdo,No está de acuerdo,No está de acuerdo,Sí está de acuerdo,Sí está de acuerdo
1366,18,Mujer,Sonora,Primaria,Rural,18-24,No,No,114153.55,Preparatoria completa,[Esp.] Buscaba trabajo,,"[Esp.] Otro, especifique",abuelo,76.0,Hombre,,Primaria completa,,3,Uno,Uno,No por falta de recursos,1,2,No,Rural,,Ni de acuerdo ni en desacuerdo,Ni de acuerdo ni en desacuerdo,Ni de acuerdo ni en desacuerdo,Sí está de acuerdo,Ni de acuerdo ni en desacuerdo,No está de acuerdo,Ni de acuerdo ni en desacuerdo,No está de acuerdo,No está de acuerdo,No está de acuerdo,Sí está de acuerdo,Ni de acuerdo ni en desacuerdo
1367,64,Hombre,Coahuila,No estudió/ Otro,Rural,60+,No,Sí,31444.18,Primaria incompleta,Trabajó con pago,,Es usted (la persona entrevistada es jefa o jefe del hogar),,,,,,,2,Ninguno,Ninguno,Sí,1,1,Sí,Rural,,No está de acuerdo,No está de acuerdo,Sí está de acuerdo,Sí está de acuerdo,Sí está de acuerdo,Sí está de acuerdo,Ni de acuerdo ni en desacuerdo,No está de acuerdo,No está de acuerdo,No está de acuerdo,Sí está de acuerdo,No está de acuerdo
1368,62,Hombre,Coahuila,No estudió/ Otro,Rural,60+,No,No,31444.18,No estudió,Realizaba alguna otra actividad para generar ingresos,,Es usted (la persona entrevistada es jefa o jefe del hogar),,,,,,,5,Ninguno,Uno,No por falta de recursos,2,2,No,Rural,,Sí está de acuerdo,No está de acuerdo,No está de acuerdo,No está de acuerdo,No está de acuerdo,Sí está de acuerdo,No está de acuerdo,No está de acuerdo,No está de acuerdo,No está de acuerdo,No está de acuerdo,Sí está de acuerdo
1369,29,Mujer,Michoacán,Licenciatura o Ingeniería,Urbana,25-34,No,No,57742.3,Licenciatura completa,Realizaba alguna otra actividad para generar ingresos,,Es usted (la persona entrevistada es jefa o jefe del hogar),,,,,,,5,Uno,Uno,Sí,5 o más,3,No,Urbana,,No está de acuerdo,Sí está de acuerdo,No está de acuerdo,No está de acuerdo,No está de acuerdo,Sí está de acuerdo,Sí está de acuerdo,Sí está de acuerdo,Sí está de acuerdo,No está de acuerdo,Sí está de acuerdo,Sí está de acuerdo
1371,53,Mujer,Coahuila,Secundaria,Rural,45-59,No,No,88413.83,Secundaria completa,Se dedicaba al hogar,,Es usted (la persona entrevistada es jefa o jefe del hogar),,,,,,,3,Ninguno,Ninguno,No por falta de recursos,1,2,No,Rural,,No está de acuerdo,No sabe/No responde,Sí está de acuerdo,Sí está de acuerdo,No está de acuerdo,Sí está de acuerdo,Sí está de acuerdo,Sí está de acuerdo,Sí está de acuerdo,No está de acuerdo,Sí está de acuerdo,Sí está de acuerdo
1371,50,Mujer,Guerrero,Primaria,Urbana,45-59,No,No,111462.15,Primaria incompleta,Trabajó con pago,,Cónyuge o pareja,,60.0,Hombre,,Primaria completa,,3,Ninguno,Ninguno,No por falta de recursos,2,2,No,Urbana,,No está de acuerdo,Ni de acuerdo ni en desacuerdo,Sí está de acuerdo,Sí está de acuerdo,No está de acuerdo,No está de acuerdo,No está de acuerdo,Sí está de acuerdo,Sí está de acuerdo,No está de acuerdo,Sí está de acuerdo,Sí está de acuerdo
1371,80,Hombre,Sonora,No estudió/ Otro,Urbana,60+,No,No,29599.89,Primaria incompleta,Se dedicaba al hogar,,Es usted (la persona entrevistada es jefa o jefe del hogar),,,,,,,1,Uno,Ninguno,No por falta de recursos,Ninguno,1,No,Urbana,,Sí está de acuerdo,No está de acuerdo,No está de acuerdo,Sí está de acuerdo,No está de acuerdo,Sí está de acuerdo,Sí está de acuerdo,No está de acuerdo,Ni de acuerdo ni en desacuerdo,Sí está de acuerdo,Sí está de acuerdo,Sí está de acuerdo
1374,66,Hombre,Querétaro,Primaria,Urbana,60+,No,No,82510.71,Primaria completa,Era jubilado o pensionado(a) (Programa Adultos Mayores),,Es usted (la persona entrevistada es jefa o jefe del hogar),,,,,,,2,Uno,Ninguno,Sí,1,2,No,Urbana,,No está de acuerdo,Sí está de acuerdo,Sí está de acuerdo,Sí está de acuerdo,Sí está de acuerdo,Sí está de acuerdo,Sí está de acuerdo,No está de acuerdo,No está de acuerdo,Sí está de acuerdo,Sí está de acuerdo,Sí está de acuerdo
1374,33,Mujer,Sonora,Preparatoria o bachillerato,Urbana,60+,No,No,75370.69,Preparatoria completa,Se dedicaba al hogar,,Hijo o hija,,60.0,Mujer,,Preparatoria completa,,4,Uno,Uno,Sí,1,3,No,Urbana,,Ni de acuerdo ni en desacuerdo,Ni de acuerdo ni en desacuerdo,Ni de acuerdo ni en desacuerdo,Sí está de acuerdo,Ni de acuerdo ni en desacuerdo,Ni de acuerdo ni en desacuerdo,Ni de acuerdo ni en desacuerdo,No está de acuerdo,No está de acuerdo,Ni de acuerdo ni en desacuerdo,No está de acuerdo,Sí está de acuerdo
1378,68,Hombre,Sonora,Primaria,Rural,60+,No,No,81920.76,Primaria completa,Era jubilado o pensionado(a) (Programa Adultos Mayores),,Es usted (la persona entrevistada es jefa o jefe del hogar),,,,,,,2,Uno,Uno,Sí,Ninguno,1,No,Rural,,No está de acuerdo,No está de acuerdo,Sí está de acuerdo,Sí está de acuerdo,Sí está de acuerdo,Ni de acuerdo ni en desacuerdo,Sí está de acuerdo,Ni de acuerdo ni en desacuerdo,Ni de acuerdo ni en desacuerdo,No está de acuerdo,Ni de acuerdo ni en desacuerdo,Sí está de acuerdo
1379,63,Mujer,Morelos,Primaria,No sabe/No responde,60+,No,No,139606.88,Secundaria incompleta,Era jubilado o pensionado(a) (Programa Adultos Mayores),,Es usted (la persona entrevistada es jefa o jefe del hogar),,,,,,,2,Ninguno,Ninguno,"No, otra razón",Ninguno,2,No,No sabe/No responde,,Ni de acuerdo ni en desacuerdo,No sabe/No responde,No está de acuerdo,No sabe/No responde,Ni de acuerdo ni en desacuerdo,No sabe/No responde,No sabe/No responde,Ni de acuerdo ni en desacuerdo,Ni de acuerdo ni en desacuerdo,No sabe/No responde,No sabe/No responde,Ni de acuerdo ni en desacuerdo
1384,68,Mujer,Querétaro,No estudió/ Otro,Urbana,60+,No,No,47163.41,Primaria incompleta,Se dedicaba al hogar,,Es usted (la persona entrevistada es jefa o jefe del hogar),,,,,,,4,Uno,Ninguno,Sí,3,2,No,Urbana,,Sí está de acuerdo,No sabe/No responde,No sabe/No responde,No está de acuerdo,Ni de acuerdo ni en desacuerdo,No sabe/No responde,No sabe/No responde,No está de acuerdo,No está de acuerdo,No está de acuerdo,Ni de acuerdo ni en desacuerdo,Ni de acuerdo ni en desacuerdo
1385,52,Hombre,Morelos,Secundaria,Urbana,45-59,No,No,70718.16,Secundaria completa,Trabajó con pago,,Es usted (la persona entrevistada es jefa o jefe del hogar),,,,,,,3,Uno,Uno,Sí,2,2,No,Urbana,,Sí está de acuerdo,Sí está de acuerdo,Sí está de acuerdo,Sí está de acuerdo,Sí está de acuerdo,Sí está de acuerdo,Sí está de acuerdo,No sabe/No responde,Sí está de acuerdo,Sí está de acuerdo,Sí está de acuerdo,Sí está de acuerdo
1386,36,Mujer,Ciudad de México,Preparatoria o bachillerato,Urbana,35-44,No,No,76715.65,Preparatoria completa,Trabajó con pago,,Hijo o hija,,45.0,Hombre,,Preparatoria completa,,3,Uno,Uno,Sí,2,1,No,Urbana,,No está de acuerdo,No está de acuerdo,Sí está de acuerdo,No está de acuerdo,No está de acuerdo,Sí está de acuerdo,Ni de acuerdo ni en desacuerdo,No está de acuerdo,Sí está de acuerdo,Sí está de acuerdo,No está de acuerdo,Sí está de acuerdo
1387,61,Hombre,Querétaro,Primaria,Rural,60+,No,Sí,82510.71,Primaria completa,Trabajó con pago,,Es usted (la persona entrevistada es jefa o jefe del hogar),,,,,,,2,Uno,Ninguno,Sí,1,2,Sí,Rural,,No está de acuerdo,Sí está de acuerdo,No está de acuerdo,No está de acuerdo,Sí está de acuerdo,Sí está de acuerdo,Sí está de acuerdo,No está de acuerdo,No está de acuerdo,No está de acuerdo,No está de acuerdo,No está de acuerdo
1390,69,Hombre,Querétaro,Licenciatura o Ingeniería,Urbana,60+,No,No,34038.03,Licenciatura completa,Era jubilado o pensionado(a) (Programa Adultos Mayores),,Es usted (la persona entrevistada es jefa o jefe del hogar),,,,,,,4,2 o más,2 o más,Sí,2,4,No,Urbana,,No está de acuerdo,No está de acuerdo,No está de acuerdo,Sí está de acuerdo,No está de acuerdo,Sí está de acuerdo,No está de acuerdo,Sí está de acuerdo,No está de acuerdo,No está de acuerdo,No está de acuerdo,Sí está de acuerdo
1390,20,Mujer,Sonora,Primaria,Urbana,18-24,No,No,114153.55,Preparatoria completa,Trabajó con pago,,Padre o madre,,50.0,Hombre,,Primaria completa,,4,Uno,Uno,Sí,3,1,No,Urbana,,No está de acuerdo,Sí está de acuerdo,Sí está de acuerdo,Sí está de acuerdo,No está de acuerdo,No está de acuerdo,Sí está de acuerdo,No está de acuerdo,Sí está de acuerdo,No está de acuerdo,Sí está de acuerdo,Sí está de acuerdo
1395,71,Mujer,Querétaro,Secundaria,Rural,60+,No,No,95218.3,Secundaria completa,Realizaba alguna otra actividad para generar ingresos,,Es usted (la persona entrevistada es jefa o jefe del hogar),,,,,,,2,Uno,Ninguno,No por falta de recursos,Ninguno,1,No,Rural,,Sí está de acuerdo,No está de acuerdo,Sí está de acuerdo,Sí está de acuerdo,Sí está de acuerdo,No está de acuerdo,Sí está de acuerdo,Sí está de acuerdo,Sí está de acuerdo,Sí está de acuerdo,Sí está de acuerdo,Sí está de acuerdo
1396,65,Hombre,Yucatán,Licenciatura o Ingeniería,Rural,60+,No,No,38082.57,Licenciatura completa,Trabajó con pago,,Es usted (la persona entrevistada es jefa o jefe del hogar),,,,,,,3,2 o más,Uno,Sí,2,3,No,Rural,,No está de acuerdo,No está de acuerdo,No está de acuerdo,Sí está de acuerdo,Sí está de acuerdo,No está de acuerdo,No está de acuerdo,No está de acuerdo,No está de acuerdo,No está de acuerdo,Sí está de acuerdo,No está de acuerdo
1396,25,Mujer,Querétaro,Licenciatura o Ingeniería,Urbana,25-34,No,No,58044.87,Licenciatura completa,Trabajó con pago,,Es usted (la persona entrevistada es jefa o jefe del hogar),,,,,,,2,2 o más,Uno,Sí,1,3,No,Urbana,,No está de acuerdo,No está de acuerdo,No está de acuerdo,No está de acuerdo,No está de acuerdo,No está de acuerdo,Sí está de acuerdo,Ni de acuerdo ni en desacuerdo,Ni de acuerdo ni en desacuerdo,Ni de acuerdo ni en desacuerdo,Sí está de acuerdo,Sí está de acuerdo
1398,46,Mujer,San Luis Potosí,Primaria,Rural,45-59,No,No,120007.06,Secundaria completa,Se dedicaba al hogar,,Cónyuge o pareja,,56.0,Hombre,,Primaria completa,,5,Ninguno,Ninguno,No por falta de recursos,3,3,No,Rural,,Sí está de acuerdo,Sí está de acuerdo,Sí está de acuerdo,Sí está de acuerdo,No está de acuerdo,Sí está de acuerdo,Sí está de acuerdo,No está de acuerdo,Sí está de acuerdo,Sí está de acuerdo,Sí está de acuerdo,Sí está de acuerdo
1398,43,Hombre,Querétaro,Carrera técnica o comercial,Rural,35-44,No,No,62167.63,Carrera técnica,Trabajó con pago,,Es usted (la persona entrevistada es jefa o jefe del hogar),,,,,,,4,Uno,Uno,"No, otra razón",1,2,No,Rural,,No está de acuerdo,Sí está de acuerdo,Sí está de acuerdo,Sí está de acuerdo,No está de acuerdo,Sí está de acuerdo,Sí está de acuerdo,Sí está de acuerdo,Sí está de acuerdo,Sí está de acuerdo,Sí está de acuerdo,Sí está de acuerdo
1398,40,Hombre,Sonora,Primaria,Urbana,35-44,Sí,Sí,105689.71,Primaria completa,Trabajó con pago,,Es usted (la persona entrevistada es jefa o jefe del hogar),,,,,,,6,2 o más,Ninguno,Sí,Ninguno,2,Sí,Urbana,,No está de acuerdo,Sí está de acuerdo,No está de acuerdo,Sí está de acuerdo,No está de acuerdo,Ni de acuerdo ni en desacuerdo,Sí está de acuerdo,Sí está de acuerdo,Sí está de acuerdo,Ni de acuerdo ni en desacuerdo,No está de acuerdo,Sí está de acuerdo
1399,73,Mujer,Querétaro,Primaria,Urbana,60+,No,No,130529.62,Primaria completa,Era jubilado o pensionado(a) (Programa Adultos Mayores),,Es usted (la persona entrevistada es jefa o jefe del hogar),,,,,,,2,2 o más,Ninguno,Sí,Ninguno,2,No,Urbana,,Ni de acuerdo ni en desacuerdo,Ni de acuerdo ni en desacuerdo,Ni de acuerdo ni en desacuerdo,Ni de acuerdo ni en desacuerdo,Ni de acuerdo ni en desacuerdo,Ni de acuerdo ni en desacuerdo,Sí está de acuerdo,Ni de acuerdo ni en desacuerdo,Ni de acuerdo ni en desacuerdo,Ni de acuerdo ni en desacuerdo,Ni de acuerdo ni en desacuerdo,Ni de acuerdo ni en desacuerdo
1399,50,Mujer,Guanajuato,Secundaria,Urbana,45-59,No,No,97314.55,Secundaria completa,Trabajó con pago,,Es usted (la persona entrevistada es jefa o jefe del hogar),,,,,,,4,Uno,Ninguno,Sí,2,3,No,Urbana,,No está de acuerdo,No está de acuerdo,No está de acuerdo,No está de acuerdo,No está de acuerdo,Sí está de acuerdo,Sí está de acuerdo,Sí está de acuerdo,Ni de acuerdo ni en desacuerdo,Sí está de acuerdo,Sí está de acuerdo,Sí está de acuerdo
1400,23,Mujer,San Luis Potosí,Licenciatura o Ingeniería,Urbana,18-24,No,No,49532.65,Licenciatura incompleta,Estudiaba,,Cónyuge o pareja,,50.0,Hombre,,Licenciatura completa,,6,Uno,Uno,Sí,3,3,No,Urbana,,No está de acuerdo,No está de acuerdo,Sí está de acuerdo,Sí está de acuerdo,No está de acuerdo,Sí está de acuerdo,Sí está de acuerdo,Sí está de acuerdo,Sí está de acuerdo,Sí está de acuerdo,Sí está de acuerdo,Sí está de acuerdo
1404,31,Mujer,Querétaro,Licenciatura o Ingeniería,Urbana,25-34,No,No,58044.87,Licenciatura completa,Trabajó con pago,,Es usted (la persona entrevistada es jefa o jefe del hogar),,,,,,,2,2 o más,Uno,"No, no lo quieren",1,2,No,Urbana,,Sí está de acuerdo,No está de acuerdo,Ni de acuerdo ni en desacuerdo,No está de acuerdo,No está de acuerdo,No está de acuerdo,No está de acuerdo,Sí está de acuerdo,Sí está de acuerdo,No está de acuerdo,Sí está de acuerdo,Sí está de acuerdo
1406,42,Hombre,San Luis Potosí,Preparatoria o bachillerato,Urbana,35-44,No,No,64653.27,Preparatoria completa,Trabajó con pago,,Es usted (la persona entrevistada es jefa o jefe del hogar),,,,,,,5,Uno,Ninguno,Sí,3,3,No,Urbana,,Sí está de acuerdo,Ni de acuerdo ni en desacuerdo,Ni de acuerdo ni en desacuerdo,Ni de acuerdo ni en desacuerdo,Ni de acuerdo ni en desacuerdo,Ni de acuerdo ni en desacuerdo,Ni de acuerdo ni en desacuerdo,No está de acuerdo,No está de acuerdo,No está de acuerdo,Ni de acuerdo ni en desacuerdo,Ni de acuerdo ni en desacuerdo
1406,49,Mujer,Guanajuato,Secundaria,Rural,45-59,No,No,97314.55,Secundaria completa,Se dedicaba al hogar,,Es usted (la persona entrevistada es jefa o jefe del hogar),,,,,,,3,Uno,Ninguno,No por falta de recursos,1,2,No,Rural,,Sí está de acuerdo,No está de acuerdo,Sí está de acuerdo,Sí está de acuerdo,Sí está de acuerdo,Sí está de acuerdo,Sí está de acuerdo,No está de acuerdo,Sí está de acuerdo,No está de acuerdo,No sabe/No responde,No está de acuerdo
1407,32,Hombre,México,Licenciatura o Ingeniería,Rural,25-34,No,No,52177.54,Licenciatura completa,Se dedicaba al hogar,,Cónyuge o pareja,,33.0,Hombre,,Licenciatura completa,,2,Uno,Ninguno,Sí,1,2,No,Rural,,No está de acuerdo,Sí está de acuerdo,No está de acuerdo,No está de acuerdo,No está de acuerdo,No está de acuerdo,Sí está de acuerdo,No está de acuerdo,Sí está de acuerdo,No está de acuerdo,No está de acuerdo,No está de acuerdo
1409,48,Mujer,San Luis Potosí,Secundaria,Rural,45-59,Sí,No,87542.34,Preparatoria completa,Trabajó con pago,,Cónyuge o pareja,,57.0,Hombre,,Secundaria completa,,5,Ninguno,Ninguno,Sí,3,3,No,Rural,,Sí está de acuerdo,Ni de acuerdo ni en desacuerdo,Sí está de acuerdo,Sí está de acuerdo,Ni de acuerdo ni en desacuerdo,Sí está de acuerdo,Ni de acuerdo ni en desacuerdo,Ni de acuerdo ni en desacuerdo,Sí está de acuerdo,Ni de acuerdo ni en desacuerdo,Sí está de acuerdo,Ni de acuerdo ni en desacuerdo
1409,50,Hombre,Sonora,Primaria,No sabe/No responde,45-59,No,No,89992.33,Primaria completa,[Esp.] Desempleado,,Es usted (la persona entrevistada es jefa o jefe del hogar),,,,,,,1,Uno,Ninguno,No por falta de recursos,Ninguno,1,No,No sabe/No responde,,No está de acuerdo,Sí está de acuerdo,Sí está de acuerdo,Sí está de acuerdo,Sí está de acuerdo,Sí está de acuerdo,Sí está de acuerdo,Sí está de acuerdo,Sí está de acuerdo,Sí está de acuerdo,Sí está de acuerdo,No está de acuerdo
1411,57,Mujer,San Luis Potosí,Licenciatura o Ingeniería,Urbana,45-59,No,No,49506.35,Licenciatura completa,Era jubilado o pensionado(a) (Programa Adultos Mayores),,Cónyuge o pareja,,59.0,Hombre,,Licenciatura completa,,3,2 o más,2 o más,Sí,2,2,No,Urbana,,Sí está de acuerdo,Sí está de acuerdo,No está de acuerdo,Sí está de acuerdo,Sí está de acuerdo,Sí está de acuerdo,Sí está de acuerdo,Sí está de acuerdo,Sí está de acuerdo,Sí está de acuerdo,Sí está de acuerdo,Sí está de acuerdo
1411,76,Mujer,Morelos,No estudió/ Otro,No sabe/No responde,60+,No,No,50443.24,No estudió,Trabajó con pago,,Es usted (la persona entrevistada es jefa o jefe del hogar),,,,,,,1,Uno,Uno,No por falta de recursos,1,2,No,No sabe/No responde,,Sí está de acuerdo,No sabe/No responde,No sabe/No responde,No sabe/No responde,No sabe/No responde,No sabe/No responde,No está de acuerdo,No sabe/No responde,No sabe/No responde,No sabe/No responde,No sabe/No responde,No sabe/No responde
1412,21,Mujer,Nuevo León,Secundaria,Urbana,18-24,No,No,99920.6,Licenciatura incompleta,Trabajó con pago,,Padre o madre,,49.0,Mujer,,Secundaria completa,,5,Uno,Ninguno,Sí,2,3,No,Urbana,,No está de acuerdo,Sí está de acuerdo,No está de acuerdo,Sí está de acuerdo,No está de acuerdo,Sí está de acuerdo,Sí está de acuerdo,Sí está de acuerdo,Sí está de acuerdo,Sí está de acuerdo,No está de acuerdo,Sí está de acuerdo
1412,19,Mujer,Guanajuato,Doctorado,Urbana,18-24,No,No,19989.36,Preparatoria completa,Estudiaba,,Hijo o hija,,60.0,Hombre,,Doctorado,,5,2 o más,Uno,Sí,3,3,No,Urbana,,No está de acuerdo,Sí está de acuerdo,No está de acuerdo,Ni de acuerdo ni en desacuerdo,No está de acuerdo,No está de acuerdo,Sí está de acuerdo,Sí está de acuerdo,Sí está de acuerdo,Sí está de acuerdo,No está de acuerdo,Sí está de acuerdo
1413,40,Hombre,Guanajuato,Licenciatura o Ingeniería,Urbana,35-44,No,No,50979.37,Licenciatura completa,Trabajó con pago,,Es usted (la persona entrevistada es jefa o jefe del hogar),,,,,,,5,2 o más,2 o más,"No, otra razón",5 o más,5 o más,No,Urbana,,Sí está de acuerdo,No está de acuerdo,No está de acuerdo,Sí está de acuerdo,Sí está de acuerdo,Sí está de acuerdo,No está de acuerdo,Sí está de acuerdo,Sí está de acuerdo,No está de acuerdo,Sí está de acuerdo,No está de acuerdo
1416,40,Hombre,San Luis Potosí,Preparatoria o bachillerato,Rural,35-44,No,No,64653.27,Preparatoria completa,Trabajó con pago,,Es usted (la persona entrevistada es jefa o jefe del hogar),,,,,,,3,Uno,2 o más,"No, no lo quieren",1,2,No,Rural,,Sí está de acuerdo,No está de acuerdo,Sí está de acuerdo,Sí está de acuerdo,No está de acuerdo,Sí está de acuerdo,Sí está de acuerdo,Sí está de acuerdo,Sí está de acuerdo,No está de acuerdo,Sí está de acuerdo,No está de acuerdo
1417,35,Mujer,San Luis Potosí,Secundaria,Urbana,35-44,No,No,76588.36,Secundaria completa,Trabajó con pago,,Es usted (la persona entrevistada es jefa o jefe del hogar),,,,,,,5,Uno,2 o más,Sí,2,2,No,Urbana,,No está de acuerdo,Sí está de acuerdo,No está de acuerdo,Ni de acuerdo ni en desacuerdo,No está de acuerdo,No está de acuerdo,Sí está de acuerdo,No sabe/No responde,Sí está de acuerdo,No está de acuerdo,Sí está de acuerdo,Sí está de acuerdo
1419,19,Hombre,San Luis Potosí,Licenciatura o Ingeniería,Urbana,18-24,No,No,47334.01,Preparatoria completa,No sabe/No responde,,Hijo o hija,,52.0,Hombre,,Licenciatura completa,,6,2 o más,2 o más,Sí,Ninguno,3,No,Urbana,,No está de acuerdo,Ni de acuerdo ni en desacuerdo,No está de acuerdo,No está de acuerdo,Ni de acuerdo ni en desacuerdo,No está de acuerdo,Ni de acuerdo ni en desacuerdo,No está de acuerdo,No está de acuerdo,No está de acuerdo,No está de acuerdo,Ni de acuerdo ni en desacuerdo
1422,50,Mujer,Baja California,Licenciatura o Ingeniería,Urbana,45-59,No,No,62083.0,Licenciatura completa,Trabajó con pago,,Cónyuge o pareja,,53.0,Hombre,,Licenciatura completa,,3,2 o más,2 o más,Sí,2,2,No,Urbana,,No está de acuerdo,No está de acuerdo,Sí está de acuerdo,Sí está de acuerdo,No está de acuerdo,Sí está de acuerdo,Sí está de acuerdo,Ni de acuerdo ni en desacuerdo,No está de acuerdo,No está de acuerdo,No está de acuerdo,Sí está de acuerdo
1425,32,Hombre,Baja California,Secundaria,Rural,25-34,No,No,103360.26,Secundaria completa,Trabajó con pago,,Es usted (la persona entrevistada es jefa o jefe del hogar),,,,,,,6,Uno,Uno,Sí,2,2,No,Rural,,No está de acuerdo,Sí está de acuerdo,Sí está de acuerdo,Sí está de acuerdo,Sí está de acuerdo,Sí está de acuerdo,Sí está de acuerdo,Sí está de acuerdo,Sí está de acuerdo,Sí está de acuerdo,Sí está de acuerdo,Sí está de acuerdo
1429,57,Hombre,Baja California,Primaria,Urbana,45-59,No,No,118704.01,Primaria completa,Trabajó sin pago,,Es usted (la persona entrevistada es jefa o jefe del hogar),,,,,,,4,Uno,Uno,Sí,2,1,No,Urbana,,No está de acuerdo,Sí está de acuerdo,No está de acuerdo,Ni de acuerdo ni en desacuerdo,Sí está de acuerdo,Ni de acuerdo ni en desacuerdo,Ni de acuerdo ni en desacuerdo,No está de acuerdo,No está de acuerdo,Ni de acuerdo ni en desacuerdo,Sí está de acuerdo,Ni de acuerdo ni en desacuerdo
1433,47,Mujer,Veracruz,No estudió/ Otro,Urbana,45-59,No,No,45847.25,Preparatoria completa,Vendía o hacía algún producto para vender,,Hijo o hija,,79.0,Hombre,,Primaria incompleta,,6,2 o más,2 o más,Sí,2,5 o más,No,Urbana,,No está de acuerdo,Sí está de acuerdo,Sí está de acuerdo,Sí está de acuerdo,No está de acuerdo,No está de acuerdo,Sí está de acuerdo,Sí está de acuerdo,Sí está de acuerdo,No está de acuerdo,Sí está de acuerdo,Sí está de acuerdo
1435,76,Mujer,Veracruz,No estudió/ Otro,Urbana,60+,No,No,52077.17,Primaria incompleta,Se dedicaba al hogar,,Es usted (la persona entrevistada es jefa o jefe del hogar),,,,,,,4,Uno,Uno,Sí,2,4,No,Urbana,,No está de acuerdo,Sí está de acuerdo,Sí está de acuerdo,No está de acuerdo,Sí está de acuerdo,Sí está de acuerdo,Sí está de acuerdo,Sí está de acuerdo,Sí está de acuerdo,No está de acuerdo,No está de acuerdo,Sí está de acuerdo
1436,60,Hombre,Veracruz,No estudió/ Otro,No sabe/No responde,60+,Sí,No,32919.15,Primaria incompleta,Realizaba alguna otra actividad para generar ingresos,,Es usted (la persona entrevistada es jefa o jefe del hogar),,,,,,,2,Uno,Ninguno,No por falta de recursos,1,1,No,"[Esp.] Otra, especifique",colonia,No está de acuerdo,No está de acuerdo,No está de acuerdo,Sí está de acuerdo,No está de acuerdo,Sí está de acuerdo,No está de acuerdo,No está de acuerdo,No está de acuerdo,No está de acuerdo,Ni de acuerdo ni en desacuerdo,No está de acuerdo
1437,40,Mujer,Veracruz,Preparatoria o bachillerato,Rural,45-59,Sí,No,71479.67,Preparatoria completa,Trabajó con pago,,Es usted (la persona entrevistada es jefa o jefe del hogar),,,,,,,4,Uno,Ninguno,Sí,4,4,No,Rural,,No está de acuerdo,Ni de acuerdo ni en desacuerdo,No está de acuerdo,Sí está de acuerdo,Sí está de acuerdo,Sí está de acuerdo,Sí está de acuerdo,Sí está de acuerdo,Sí está de acuerdo,Sí está de acuerdo,Sí está de acuerdo,Sí está de acuerdo
1437,55,Hombre,Morelos,Preparatoria o bachillerato,Urbana,35-44,No,No,68359.82,Preparatoria completa,Trabajó con pago,,Es usted (la persona entrevistada es jefa o jefe del hogar),,,,,,,2,Uno,Ninguno,No por falta de recursos,2,1,No,Urbana,,Sí está de acuerdo,Sí está de acuerdo,No está de acuerdo,Sí está de acuerdo,Sí está de acuerdo,Ni de acuerdo ni en desacuerdo,No sabe/No responde,Ni de acuerdo ni en desacuerdo,Ni de acuerdo ni en desacuerdo,No está de acuerdo,No sabe/No responde,No está de acuerdo
1438,22,Mujer,Quintana Roo,Primaria,Urbana,18-24,No,No,125020.89,Licenciatura incompleta,No sabe/No responde,,Hijo o hija,,47.0,Mujer,,Primaria completa,,4,2 o más,Uno,Sí,1,3,No,Urbana,,No está de acuerdo,No está de acuerdo,Sí está de acuerdo,Ni de acuerdo ni en desacuerdo,Sí está de acuerdo,No está de acuerdo,No está de acuerdo,Sí está de acuerdo,Sí está de acuerdo,No está de acuerdo,Sí está de acuerdo,No está de acuerdo
1439,19,Mujer,Morelos,Licenciatura o Ingeniería,Urbana,18-24,No,No,50729.15,Preparatoria completa,Estudiaba,,Padre o madre,,56.0,Mujer,,Licenciatura completa,,4,2 o más,2 o más,Sí,3,3,No,Urbana,,Ni de acuerdo ni en desacuerdo,Ni de acuerdo ni en desacuerdo,Ni de acuerdo ni en desacuerdo,Sí está de acuerdo,No está de acuerdo,No está de acuerdo,Sí está de acuerdo,Sí está de acuerdo,Sí está de acuerdo,No está de acuerdo,Sí está de acuerdo,Ni de acuerdo ni en desacuerdo
1441,29,Hombre,Veracruz,Primaria,Urbana,25-34,No,No,119465.04,Licenciatura completa,Trabajó sin pago,,Hijo o hija,,66.0,Hombre,,Primaria completa,,3,2 o más,Uno,Sí,1,3,No,Urbana,,Sí está de acuerdo,No está de acuerdo,Ni de acuerdo ni en desacuerdo,Sí está de acuerdo,No está de acuerdo,No está de acuerdo,Ni de acuerdo ni en desacuerdo,Sí está de acuerdo,Sí está de acuerdo,No está de acuerdo,No está de acuerdo,No está de acuerdo
1443,69,Mujer,Veracruz,Primaria,Rural,60+,No,No,144128.95,Carrera comercial,Se dedicaba al hogar,,Cónyuge o pareja,,75.0,Hombre,,Primaria completa,,3,Uno,Uno,No por falta de recursos,2,2,No,Rural,,No está de acuerdo,No está de acuerdo,No sabe/No responde,No está de acuerdo,No está de acuerdo,Ni de acuerdo ni en desacuerdo,Sí está de acuerdo,No está de acuerdo,Sí está de acuerdo,No sabe/No responde,Sí está de acuerdo,No está de acuerdo
1446,39,Mujer,Morelos,Primaria,Urbana,35-44,No,No,116710.78,Preparatoria completa,Trabajó con pago,,"[Esp.] Otro, especifique",amigo,39.0,Hombre,,Primaria completa,,5,2 o más,Uno,Sí,2,3,No,Urbana,,Sí está de acuerdo,Sí está de acuerdo,Sí está de acuerdo,Sí está de acuerdo,No está de acuerdo,No está de acuerdo,Sí está de acuerdo,No está de acuerdo,Sí está de acuerdo,No está de acuerdo,Sí está de acuerdo,No está de acuerdo
1446,36,Hombre,Guanajuato,Primaria,Urbana,35-44,No,No,113853.6,Licenciatura completa,[Esp.] Desempleado,,Padre o madre,,60.0,Hombre,,Primaria completa,,3,2 o más,Uno,Sí,2,2,No,Urbana,,No está de acuerdo,Sí está de acuerdo,No está de acuerdo,No está de acuerdo,Sí está de acuerdo,No está de acuerdo,Sí está de acuerdo,No está de acuerdo,Sí está de acuerdo,No está de acuerdo,Sí está de acuerdo,Sí está de acuerdo
1447,37,Hombre,Sinaloa,Licenciatura o Ingeniería,Urbana,35-44,No,No,53462.96,Licenciatura completa,Trabajó con pago,,Es usted (la persona entrevistada es jefa o jefe del hogar),,,,,,,3,Uno,2 o más,Sí,2,2,No,Urbana,,Ni de acuerdo ni en desacuerdo,No está de acuerdo,Sí está de acuerdo,Sí está de acuerdo,No está de acuerdo,No está de acuerdo,Sí está de acuerdo,Sí está de acuerdo,Sí está de acuerdo,Sí está de acuerdo,Sí está de acuerdo,Sí está de acuerdo
1448,21,Mujer,Veracruz,Primaria,Rural,18-24,No,No,126954.44,Licenciatura incompleta,Trabajó con pago,,Hijo o hija,,40.0,Mujer,,Primaria completa,,3,Uno,Ninguno,Sí,3,2,No,Rural,,Sí está de acuerdo,Sí está de acuerdo,No está de acuerdo,No está de acuerdo,No está de acuerdo,No está de acuerdo,Ni de acuerdo ni en desacuerdo,Ni de acuerdo ni en desacuerdo,Ni de acuerdo ni en desacuerdo,No está de acuerdo,No está de acuerdo,No está de acuerdo
1449,67,Hombre,Sinaloa,Secundaria,Urbana,60+,No,No,73277.65,Preparatoria incompleta,Era jubilado o pensionado(a) (Programa Adultos Mayores),,Es usted (la persona entrevistada es jefa o jefe del hogar),,,,,,,2,Uno,2 o más,Sí,Ninguno,1,No,Urbana,,Sí está de acuerdo,Sí está de acuerdo,Sí está de acuerdo,Sí está de acuerdo,No está de acuerdo,Sí está de acuerdo,No está de acuerdo,Sí está de acuerdo,Sí está de acuerdo,Sí está de acuerdo,Sí está de acuerdo,Sí está de acuerdo
1449,32,Hombre,Morelos,Primaria,Rural,25-34,No,No,115716.81,Primaria completa,Trabajó con pago,,Hijo o hija,,80.0,Hombre,,Primaria completa,,3,Uno,Ninguno,No por falta de recursos,3,1,No,Rural,,Sí está de acuerdo,No está de acuerdo,No está de acuerdo,Ni de acuerdo ni en desacuerdo,Sí está de acuerdo,No está de acuerdo,No está de acuerdo,No está de acuerdo,No está de acuerdo,No está de acuerdo,Sí está de acuerdo,Sí está de acuerdo
1454,20,Hombre,Veracruz,No estudió/ Otro,Rural,18-24,No,No,43835.47,Secundaria completa,Trabajó con pago,,Hijo o hija,,50.0,Hombre,,No estudió,,5,Ninguno,Ninguno,No por falta de recursos,2,2,No,Rural,,No sabe/No responde,No sabe/No responde,No está de acuerdo,Sí está de acuerdo,No está de acuerdo,No está de acuerdo,Sí está de acuerdo,No está de acuerdo,No está de acuerdo,No está de acuerdo,No está de acuerdo,No está de acuerdo
1456,62,Hombre,Morelos,Preparatoria o bachillerato,Rural,60+,No,No,51323.68,Preparatoria completa,Trabajó con pago,,Es usted (la persona entrevistada es jefa o jefe del hogar),,,,,,,2,2 o más,Uno,Sí,1,3,No,Rural,,No sabe/No responde,Ni de acuerdo ni en desacuerdo,Ni de acuerdo ni en desacuerdo,Ni de acuerdo ni en desacuerdo,Ni de acuerdo ni en desacuerdo,Sí está de acuerdo,Ni de acuerdo ni en desacuerdo,Ni de acuerdo ni en desacuerdo,No está de acuerdo,No está de acuerdo,No está de acuerdo,No está de acuerdo
1457,62,Hombre,Guanajuato,Secundaria,Urbana,60+,No,No,69873.58,Secundaria completa,Trabajó con pago,,Es usted (la persona entrevistada es jefa o jefe del hogar),,,,,,,8,Uno,Ninguno,No por falta de recursos,3,4,No,Urbana,,No está de acuerdo,No está de acuerdo,Sí está de acuerdo,Sí está de acuerdo,No está de acuerdo,No está de acuerdo,Sí está de acuerdo,Sí está de acuerdo,Sí está de acuerdo,No está de acuerdo,Sí está de acuerdo,Sí está de acuerdo
1458,19,Hombre,Veracruz,Primaria,Urbana,18-24,No,No,121319.21,Secundaria completa,Trabajó con pago,,Hijo o hija,,54.0,Hombre,,Primaria completa,,4,Uno,Ninguno,Sí,2,2,No,Urbana,,No está de acuerdo,No está de acuerdo,No está de acuerdo,No está de acuerdo,No está de acuerdo,No está de acuerdo,No está de acuerdo,Sí está de acuerdo,Sí está de acuerdo,No está de acuerdo,No está de acuerdo,No está de acuerdo
1459,53,Hombre,Sinaloa,Preparatoria o bachillerato,Rural,45-59,No,No,64177.3,Preparatoria completa,Era jubilado o pensionado(a) (Programa Adultos Mayores),,Es usted (la persona entrevistada es jefa o jefe del hogar),,,,,,,2,2 o más,Uno,Sí,1,1,No,Rural,,Sí está de acuerdo,No está de acuerdo,No está de acuerdo,Sí está de acuerdo,No está de acuerdo,Sí está de acuerdo,No está de acuerdo,Sí está de acuerdo,No está de acuerdo,No está de acuerdo,Sí está de acuerdo,Sí está de acuerdo
1460,40,Mujer,Veracruz,Secundaria,Rural,35-44,No,No,80979.14,Secundaria completa,Trabajó con pago,,Es usted (la persona entrevistada es jefa o jefe del hogar),,,,,,,2,Ninguno,Ninguno,No por falta de recursos,1,2,No,Rural,,No está de acuerdo,No sabe/No responde,Ni de acuerdo ni en desacuerdo,No está de acuerdo,Ni de acuerdo ni en desacuerdo,No está de acuerdo,No sabe/No responde,No sabe/No responde,Sí está de acuerdo,No sabe/No responde,Sí está de acuerdo,No está de acuerdo
1461,65,Mujer,Sinaloa,Secundaria,Urbana,60+,No,No,115923.19,Secundaria completa,Se dedicaba al hogar,,Es usted (la persona entrevistada es jefa o jefe del hogar),,,,,,,2,Uno,Ninguno,Sí,No sabe/No responde,2,No,Urbana,,No está de acuerdo,No está de acuerdo,Sí está de acuerdo,Sí está de acuerdo,Sí está de acuerdo,Sí está de acuerdo,No está de acuerdo,Sí está de acuerdo,Sí está de acuerdo,No está de acuerdo,Sí está de acuerdo,Sí está de acuerdo
1462,56,Mujer,Veracruz,Preparatoria o bachillerato,Urbana,45-59,No,Sí,73795.0,Preparatoria completa,Trabajó con pago,,Es usted (la persona entrevistada es jefa o jefe del hogar),,,,,,,1,Uno,Ninguno,"No, otra razón",1,1,Sí,Urbana,,No está de acuerdo,Sí está de acuerdo,Sí está de acuerdo,Sí está de acuerdo,No está de acuerdo,Sí está de acuerdo,Sí está de acuerdo,Sí está de acuerdo,Sí está de acuerdo,Sí está de acuerdo,No está de acuerdo,Sí está de acuerdo
1464,48,Mujer,Morelos,Preparatoria o bachillerato,Rural,45-59,No,No,71479.67,Secundaria completa,Estudiaba,,Cónyuge o pareja,,49.0,Hombre,,Preparatoria completa,,4,Uno,Ninguno,Sí,1,2,No,Rural,,No está de acuerdo,No está de acuerdo,No está de acuerdo,No está de acuerdo,Sí está de acuerdo,Sí está de acuerdo,No está de acuerdo,Sí está de acuerdo,Sí está de acuerdo,Sí está de acuerdo,Sí está de acuerdo,Sí está de acuerdo
1465,43,Mujer,Veracruz,Licenciatura o Ingeniería,Rural,35-44,No,No,45794.77,Licenciatura completa,Se dedicaba al hogar,,Es usted (la persona entrevistada es jefa o jefe del hogar),,,,,,,2,2 o más,Uno,Sí,1,1,No,Rural,,No está de acuerdo,No está de acuerdo,Sí está de acuerdo,No está de acuerdo,No está de acuerdo,No está de acuerdo,No está de acuerdo,Sí está de acuerdo,Sí está de acuerdo,No está de acuerdo,Sí está de acuerdo,Sí está de acuerdo
1467,76,Mujer,Veracruz,Licenciatura o Ingeniería,Urbana,60+,No,No,59457.32,Licenciatura completa,Era jubilado o pensionado(a) (Programa Adultos Mayores),,Es usted (la persona entrevistada es jefa o jefe del hogar),,,,,,,2,2 o más,2 o más,Sí,1,3,No,Urbana,,No está de acuerdo,Sí está de acuerdo,Sí está de acuerdo,No está de acuerdo,No está de acuerdo,No está de acuerdo,Sí está de acuerdo,Sí está de acuerdo,No está de acuerdo,No está de acuerdo,No está de acuerdo,No está de acuerdo
1471,59,Mujer,Morelos,Preparatoria o bachillerato,Rural,45-59,No,No,71479.67,Preparatoria completa,Se dedicaba al hogar,,Es usted (la persona entrevistada es jefa o jefe del hogar),,,,,,,1,2 o más,Uno,Sí,1,2,No,Rural,,No está de acuerdo,No está de acuerdo,Sí está de acuerdo,Sí está de acuerdo,Sí está de acuerdo,No está de acuerdo,No está de acuerdo,Ni de acuerdo ni en desacuerdo,Ni de acuerdo ni en desacuerdo,Ni de acuerdo ni en desacuerdo,No sabe/No responde,Ni de acuerdo ni en desacuerdo
1472,56,Hombre,Morelos,Maestría o especialidad,Urbana,45-59,No,No,19345.89,Diplomado o maestría,Trabajó con pago,,Es usted (la persona entrevistada es jefa o jefe del hogar),,,,,,,5,2 o más,2 o más,Sí,3,3,No,Urbana,,No está de acuerdo,Sí está de acuerdo,Sí está de acuerdo,No está de acuerdo,No está de acuerdo,Ni de acuerdo ni en desacuerdo,Sí está de acuerdo,No está de acuerdo,No está de acuerdo,No está de acuerdo,Sí está de acuerdo,Ni de acuerdo ni en desacuerdo
1473,21,Hombre,Chihuahua,Secundaria,Urbana,18-24,No,No,91977.92,Preparatoria completa,Trabajó con pago,,Hijo o hija,,50.0,Mujer,,Preparatoria incompleta,,4,Uno,2 o más,Sí,4,3,No,Urbana,,No sabe/No responde,Sí está de acuerdo,Ni de acuerdo ni en desacuerdo,No está de acuerdo,Ni de acuerdo ni en desacuerdo,Sí está de acuerdo,Ni de acuerdo ni en desacuerdo,Ni de acuerdo ni en desacuerdo,No sabe/No responde,Sí está de acuerdo,Ni de acuerdo ni en desacuerdo,Sí está de acuerdo
1474,52,Mujer,Chihuahua,Primaria,Rural,45-59,No,Sí,131874.21,Primaria completa,Se dedicaba al hogar,,Es usted (la persona entrevistada es jefa o jefe del hogar),,,,,,,2,Uno,Uno,No por falta de recursos,1,2,Sí,Rural,,Sí está de acuerdo,Ni de acuerdo ni en desacuerdo,Ni de acuerdo ni en desacuerdo,Ni de acuerdo ni en desacuerdo,Ni de acuerdo ni en desacuerdo,Ni de acuerdo ni en desacuerdo,Sí está de acuerdo,Ni de acuerdo ni en desacuerdo,Sí está de acuerdo,No está de acuerdo,Sí está de acuerdo,Ni de acuerdo ni en desacuerdo
1474,29,Hombre,Baja California,Primaria,Rural,25-34,No,No,141690.99,Preparatoria completa,Trabajó con pago,,Hijo o hija,,70.0,Hombre,,Primaria completa,,3,Uno,2 o más,Sí,Ninguno,2,No,Rural,,No está de acuerdo,No está de acuerdo,No está de acuerdo,No está de acuerdo,Sí está de acuerdo,No sabe/No responde,Sí está de acuerdo,Sí está de acuerdo,No está de acuerdo,No está de acuerdo,Sí está de acuerdo,Sí está de acuerdo
1478,35,Mujer,San Luis Potosí,Secundaria,Urbana,18-24,No,No,109840.03,Licenciatura completa,Trabajó con pago,,Es usted (la persona entrevistada es jefa o jefe del hogar),,,,,,,3,2 o más,Uno,Sí,1,3,No,Urbana,,Sí está de acuerdo,Sí está de acuerdo,Sí está de acuerdo,Sí está de acuerdo,Sí está de acuerdo,No está de acuerdo,Sí está de acuerdo,Sí está de acuerdo,Sí está de acuerdo,Sí está de acuerdo,Sí está de acuerdo,Sí está de acuerdo
1478,21,Hombre,Baja California,Licenciatura o Ingeniería,Urbana,35-44,No,No,45860.09,Preparatoria completa,Trabajó con pago,,Padre o madre,,45.0,Mujer,,Secundaria completa,,4,Uno,2 o más,Sí,3,3,No,Urbana,,Ni de acuerdo ni en desacuerdo,Sí está de acuerdo,No está de acuerdo,No está de acuerdo,Sí está de acuerdo,No está de acuerdo,No está de acuerdo,Ni de acuerdo ni en desacuerdo,No está de acuerdo,Ni de acuerdo ni en desacuerdo,Ni de acuerdo ni en desacuerdo,Sí está de acuerdo
1481,46,Mujer,San Luis Potosí,Preparatoria o bachillerato,Rural,45-59,Sí,Sí,69793.75,Preparatoria completa,Trabajó con pago,,Es usted (la persona entrevistada es jefa o jefe del hogar),,,,,,,10,Ninguno,Ninguno,No por falta de recursos,2,5 o más,Sí,Rural,,No está de acuerdo,Sí está de acuerdo,Ni de acuerdo ni en desacuerdo,Sí está de acuerdo,No está de acuerdo,Sí está de acuerdo,Sí está de acuerdo,Sí está de acuerdo,Sí está de acuerdo,Sí está de acuerdo,Sí está de acuerdo,Sí está de acuerdo
1482,34,Mujer,San Luis Potosí,No estudió/ Otro,Rural,25-34,No,No,53093.05,Primaria completa,Se dedicaba al hogar,,Cónyuge o pareja,,36.0,Hombre,,Primaria incompleta,,2,Uno,Ninguno,No por falta de recursos,Ninguno,1,No,Rural,,Sí está de acuerdo,Sí está de acuerdo,Sí está de acuerdo,Sí está de acuerdo,No está de acuerdo,Sí está de acuerdo,No está de acuerdo,No sabe/No responde,No sabe/No responde,No está de acuerdo,Sí está de acuerdo,No está de acuerdo
1484,51,Mujer,Chihuahua,Licenciatura o Ingeniería,Urbana,45-59,No,No,54401.89,Licenciatura completa,Trabajó con pago,,Cónyuge o pareja,,58.0,Hombre,,Licenciatura completa,,6,2 o más,2 o más,Sí,3,3,No,Urbana,,Sí está de acuerdo,No está de acuerdo,Sí está de acuerdo,No está de acuerdo,No está de acuerdo,Sí está de acuerdo,No está de acuerdo,No está de acuerdo,No está de acuerdo,No está de acuerdo,Sí está de acuerdo,No está de acuerdo
1484,30,Hombre,San Luis Potosí,Secundaria,Rural,25-34,No,No,82421.74,Licenciatura completa,Trabajó con pago,,Padre o madre,,73.0,Hombre,,Secundaria completa,,3,2 o más,Uno,Sí,2,3,No,Rural,,Sí está de acuerdo,Ni de acuerdo ni en desacuerdo,Ni de acuerdo ni en desacuerdo,Sí está de acuerdo,No está de acuerdo,Sí está de acuerdo,Sí está de acuerdo,Sí está de acuerdo,Sí está de acuerdo,No está de acuerdo,Sí está de acuerdo,Ni de acuerdo ni en desacuerdo
1486,41,Hombre,Chihuahua,Preparatoria o bachillerato,Urbana,35-44,No,No,71046.64,Secundaria completa,Trabajó con pago,,Hijo o hija,,63.0,Hombre,,Preparatoria completa,,4,Uno,2 o más,Sí,2,3,No,Urbana,,Ni de acuerdo ni en desacuerdo,Ni de acuerdo ni en desacuerdo,Ni de acuerdo ni en desacuerdo,Sí está de acuerdo,No está de acuerdo,Sí está de acuerdo,Sí está de acuerdo,Ni de acuerdo ni en desacuerdo,Ni de acuerdo ni en desacuerdo,Ni de acuerdo ni en desacuerdo,Ni de acuerdo ni en desacuerdo,Sí está de acuerdo
1489,18,Hombre,Baja California,Licenciatura o Ingeniería,Urbana,18-24,No,No,59358.8,Preparatoria completa,Ayudaba en el negocio familiar,,Padre o madre,,56.0,Mujer,,Licenciatura completa,,2,Uno,Ninguno,Sí,2,2,No,Urbana,,Sí está de acuerdo,No está de acuerdo,No sabe/No responde,Sí está de acuerdo,No sabe/No responde,Sí está de acuerdo,No está de acuerdo,No sabe/No responde,No sabe/No responde,Ni de acuerdo ni en desacuerdo,Sí está de acuerdo,Ni de acuerdo ni en desacuerdo
1490,60,Hombre,Baja California,Secundaria,Urbana,60+,No,No,78825.23,Secundaria completa,Trabajó con pago,,Es usted (la persona entrevistada es jefa o jefe del hogar),,,,,,,2,Uno,Ninguno,No por falta de recursos,Ninguno,1,No,Urbana,,No está de acuerdo,No está de acuerdo,No está de acuerdo,Sí está de acuerdo,Sí está de acuerdo,Sí está de acuerdo,Sí está de acuerdo,No está de acuerdo,Sí está de acuerdo,No está de acuerdo,Sí está de acuerdo,Ni de acuerdo ni en desacuerdo
1491,75,Hombre,San Luis Potosí,No estudió/ Otro,Rural,60+,No,Sí,31134.23,Primaria incompleta,Era jubilado o pensionado(a) (Programa Adultos Mayores),,Es usted (la persona entrevistada es jefa o jefe del hogar),,,,,,,2,Uno,Ninguno,No por falta de recursos,Ninguno,2,Sí,Rural,,No está de acuerdo,Sí está de acuerdo,Sí está de acuerdo,Sí está de acuerdo,No está de acuerdo,Sí está de acuerdo,Sí está de acuerdo,Sí está de acuerdo,Sí está de acuerdo,Sí está de acuerdo,Sí está de acuerdo,Sí está de acuerdo
1494,43,Hombre,San Luis Potosí,Preparatoria o bachillerato,Urbana,45-59,No,No,63861.41,Secundaria completa,Trabajó con pago,,Es usted (la persona entrevistada es jefa o jefe del hogar),,,,,,,4,2 o más,2 o más,Sí,2,2,No,Urbana,,Ni de acuerdo ni en desacuerdo,Sí está de acuerdo,Sí está de acuerdo,Sí está de acuerdo,Sí está de acuerdo,Sí está de acuerdo,No está de acuerdo,Sí está de acuerdo,Sí está de acuerdo,Ni de acuerdo ni en desacuerdo,Sí está de acuerdo,No está de acuerdo
1494,54,Hombre,Jalisco,Secundaria,Urbana,35-44,No,No,81094.64,Preparatoria completa,Trabajó con pago,,Es usted (la persona entrevistada es jefa o jefe del hogar),,,,,,,5,2 o más,2 o más,Sí,2,4,No,Urbana,,Sí está de acuerdo,No está de acuerdo,No está de acuerdo,Sí está de acuerdo,Sí está de acuerdo,Sí está de acuerdo,No está de acuerdo,No está de acuerdo,Sí está de acuerdo,No está de acuerdo,Sí está de acuerdo,Sí está de acuerdo
1497,25,Hombre,Baja California,Primaria,Rural,25-34,No,No,141690.99,Primaria completa,Trabajó con pago,,Padre o madre,,35.0,Mujer,,Primaria completa,,5,Uno,Ninguno,No por falta de recursos,2,1,No,Rural,,Sí está de acuerdo,Sí está de acuerdo,No está de acuerdo,Sí está de acuerdo,No está de acuerdo,No está de acuerdo,Sí está de acuerdo,Sí está de acuerdo,Sí está de acuerdo,Sí está de acuerdo,No está de acuerdo,No está de acuerdo
1498,31,Hombre,Querétaro,Licenciatura o Ingeniería,Urbana,25-34,No,No,44632.66,Licenciatura completa,Trabajó con pago,,Es usted (la persona entrevistada es jefa o jefe del hogar),,,,,,,1,2 o más,Uno,Sí,1,3,No,Urbana,,No está de acuerdo,Sí está de acuerdo,No está de acuerdo,Sí está de acuerdo,No está de acuerdo,No está de acuerdo,No está de acuerdo,No está de acuerdo,Sí está de acuerdo,No está de acuerdo,No está de acuerdo,Sí está de acuerdo
1500,53,Mujer,San Luis Potosí,Secundaria,Urbana,45-59,No,No,87542.34,Preparatoria incompleta,Trabajó con pago,,Es usted (la persona entrevistada es jefa o jefe del hogar),,,,,,,1,2 o más,Ninguno,Sí,1,2,No,Urbana,,Ni de acuerdo ni en desacuerdo,Ni de acuerdo ni en desacuerdo,Sí está de acuerdo,Sí está de acuerdo,No está de acuerdo,No está de acuerdo,Ni de acuerdo ni en desacuerdo,Ni de acuerdo ni en desacuerdo,Sí está de acuerdo,No está de acuerdo,Sí está de acuerdo,No está de acuerdo
1501,30,Hombre,Chiapas,Licenciatura o Ingeniería,Urbana,25-34,Sí,No,51607.94,Licenciatura completa,Trabajó con pago,,Es usted (la persona entrevistada es jefa o jefe del hogar),,,,,,,1,2 o más,2 o más,Sí,1,4,No,Urbana,,Sí está de acuerdo,No está de acuerdo,Sí está de acuerdo,Sí está de acuerdo,No está de acuerdo,No está de acuerdo,No está de acuerdo,Sí está de acuerdo,No está de acuerdo,Sí está de acuerdo,Sí está de acuerdo,No está de acuerdo
1502,49,Hombre,San Luis Potosí,Licenciatura o Ingeniería,Urbana,45-59,No,No,39048.8,Licenciatura completa,Trabajó con pago,,Es usted (la persona entrevistada es jefa o jefe del hogar),,,,,,,4,2 o más,2 o más,Sí,1,3,No,Urbana,,No está de acuerdo,No está de acuerdo,Sí está de acuerdo,Sí está de acuerdo,No está de acuerdo,No está de acuerdo,Sí está de acuerdo,No está de acuerdo,No está de acuerdo,No está de acuerdo,No está de acuerdo,Sí está de acuerdo
1504,73,Mujer,San Luis Potosí,Primaria,Urbana,60+,No,No,136314.11,Primaria completa,Era jubilado o pensionado(a) (Programa Adultos Mayores),,Es usted (la persona entrevistada es jefa o jefe del hogar),,,,,,,4,2 o más,Ninguno,Sí,Ninguno,3,No,Urbana,,Sí está de acuerdo,Sí está de acuerdo,Sí está de acuerdo,No está de acuerdo,Sí está de acuerdo,Sí está de acuerdo,Sí está de acuerdo,Sí está de acuerdo,Ni de acuerdo ni en desacuerdo,No está de acuerdo,Sí está de acuerdo,No está de acuerdo
1509,72,Hombre,Guanajuato,Preparatoria o bachillerato,Urbana,60+,No,Sí,47736.46,Licenciatura completa,Era jubilado o pensionado(a) (Programa Adultos Mayores),,Es usted (la persona entrevistada es jefa o jefe del hogar),,,,,,,2,2 o más,Ninguno,Sí,Ninguno,1,Sí,Urbana,,No está de acuerdo,No está de acuerdo,No está de acuerdo,No está de acuerdo,No está de acuerdo,Sí está de acuerdo,Sí está de acuerdo,No está de acuerdo,No está de acuerdo,No está de acuerdo,No está de acuerdo,No está de acuerdo
1509,63,Hombre,Michoacán,Licenciatura o Ingeniería,Urbana,60+,No,No,39514.43,Preparatoria completa,Vendía o hacía algún producto para vender,,Es usted (la persona entrevistada es jefa o jefe del hogar),,,,,,,3,2 o más,Uno,Sí,2,2,No,Urbana,,Sí está de acuerdo,Sí está de acuerdo,Sí está de acuerdo,Sí está de acuerdo,No está de acuerdo,Sí está de acuerdo,Sí está de acuerdo,Sí está de acuerdo,Sí está de acuerdo,Sí está de acuerdo,Sí está de acuerdo,Sí está de acuerdo
1513,40,Mujer,Colima,Licenciatura o Ingeniería,Urbana,35-44,No,Sí,53864.41,Licenciatura completa,Era jubilado o pensionado(a) (Programa Adultos Mayores),,Es usted (la persona entrevistada es jefa o jefe del hogar),,,,,,,12,2 o más,Ninguno,Sí,2,3,Sí,Urbana,,Sí está de acuerdo,No sabe/No responde,No está de acuerdo,No está de acuerdo,No está de acuerdo,No está de acuerdo,No está de acuerdo,Ni de acuerdo ni en desacuerdo,No está de acuerdo,No está de acuerdo,Sí está de acuerdo,No está de acuerdo
1516,40,Mujer,Puebla,Secundaria,Urbana,35-44,No,No,74849.4,Preparatoria completa,Realizaba alguna otra actividad para generar ingresos,,Cónyuge o pareja,,40.0,Hombre,,Secundaria completa,,5,Uno,Uno,Sí,2,4,No,Urbana,,No está de acuerdo,Sí está de acuerdo,Sí está de acuerdo,Sí está de acuerdo,No está de acuerdo,No está de acuerdo,Sí está de acuerdo,No está de acuerdo,Sí está de acuerdo,Sí está de acuerdo,Sí está de acuerdo,Ni de acuerdo ni en desacuerdo
1517,43,Mujer,Veracruz,Primaria,Rural,35-44,No,No,111009.92,Primaria completa,Trabajó con pago,,Es usted (la persona entrevistada es jefa o jefe del hogar),,,,,,,3,Uno,Ninguno,No por falta de recursos,2,3,No,Rural,,No está de acuerdo,Sí está de acuerdo,Sí está de acuerdo,Sí está de acuerdo,No está de acuerdo,Sí está de acuerdo,Sí está de acuerdo,No está de acuerdo,No está de acuerdo,No está de acuerdo,Sí está de acuerdo,Ni de acuerdo ni en desacuerdo
1518,27,Mujer,Puebla,Licenciatura o Ingeniería,Urbana,25-34,No,No,59240.84,Licenciatura completa,Trabajó con pago,,Es usted (la persona entrevistada es jefa o jefe del hogar),,,,,,,2,Uno,Ninguno,Sí,2,3,No,Urbana,,Ni de acuerdo ni en desacuerdo,No está de acuerdo,Ni de acuerdo ni en desacuerdo,Sí está de acuerdo,No está de acuerdo,No está de acuerdo,Sí está de acuerdo,No está de acuerdo,No está de acuerdo,Sí está de acuerdo,Ni de acuerdo ni en desacuerdo,Sí está de acuerdo
1518,28,Hombre,Durango,Preparatoria o bachillerato,Urbana,25-34,No,No,68779.07,Primaria incompleta,Realizaba alguna otra actividad para generar ingresos,,Padre o madre,,55.0,Hombre,,Preparatoria completa,,6,Uno,Ninguno,Sí,1,2,No,Urbana,,No está de acuerdo,No está de acuerdo,Sí está de acuerdo,No está de acuerdo,No está de acuerdo,Sí está de acuerdo,No está de acuerdo,No está de acuerdo,No está de acuerdo,No está de acuerdo,No está de acuerdo,No está de acuerdo
1519,36,Hombre,Veracruz,Secundaria,Rural,35-44,No,No,85743.77,Secundaria completa,Trabajó con pago,,Es usted (la persona entrevistada es jefa o jefe del hogar),,,,,,,5,Uno,Ninguno,Sí,1,1,No,Rural,,Sí está de acuerdo,Sí está de acuerdo,Sí está de acuerdo,Sí está de acuerdo,No está de acuerdo,No está de acuerdo,Sí está de acuerdo,No está de acuerdo,Sí está de acuerdo,No está de acuerdo,Sí está de acuerdo,Sí está de acuerdo
1520,20,Hombre,Durango,Licenciatura o Ingeniería,Urbana,45-59,No,No,48968.81,Licenciatura incompleta,Trabajó con pago,,Padre o madre,,48.0,Hombre,,Secundaria completa,,7,Uno,Uno,Sí,2,3,No,Urbana,,Sí está de acuerdo,No está de acuerdo,Sí está de acuerdo,Sí está de acuerdo,No está de acuerdo,No está de acuerdo,No está de acuerdo,No está de acuerdo,Sí está de acuerdo,No está de acuerdo,No está de acuerdo,Sí está de acuerdo
1520,46,Hombre,Baja California,Secundaria,Urbana,18-24,No,No,87608.59,Licenciatura completa,Trabajó con pago,,Es usted (la persona entrevistada es jefa o jefe del hogar),,,,,,,4,2 o más,Uno,Sí,Ninguno,3,No,Urbana,,No está de acuerdo,No está de acuerdo,Sí está de acuerdo,Sí está de acuerdo,No sabe/No responde,No está de acuerdo,Sí está de acuerdo,No está de acuerdo,Sí está de acuerdo,No está de acuerdo,No está de acuerdo,Sí está de acuerdo
1521,42,Mujer,México,Preparatoria o bachillerato,Rural,35-44,Sí,No,68353.4,Preparatoria completa,Se dedicaba al hogar,,Es usted (la persona entrevistada es jefa o jefe del hogar),,,,,,,4,Uno,Ninguno,Sí,2,1,No,Rural,,Sí está de acuerdo,Sí está de acuerdo,No está de acuerdo,No está de acuerdo,Ni de acuerdo ni en desacuerdo,Sí está de acuerdo,Sí está de acuerdo,No está de acuerdo,Sí está de acuerdo,Sí está de acuerdo,Sí está de acuerdo,Sí está de acuerdo
1523,44,Hombre,Coahuila,Carrera técnica o comercial,Rural,35-44,No,No,65568.94,Carrera técnica,Ayudaba en el negocio familiar,,Es usted (la persona entrevistada es jefa o jefe del hogar),,,,,,,3,2 o más,2 o más,Sí,2,3,No,Rural,,No está de acuerdo,Sí está de acuerdo,No está de acuerdo,Sí está de acuerdo,Sí está de acuerdo,Sí está de acuerdo,Sí está de acuerdo,No está de acuerdo,Sí está de acuerdo,No está de acuerdo,No está de acuerdo,Sí está de acuerdo
1526,78,Mujer,Sinaloa,No estudió/ Otro,Rural,60+,No,No,57418.93,Primaria incompleta,[Esp.] Ya no trabaja,,Es usted (la persona entrevistada es jefa o jefe del hogar),,,,,,,2,2 o más,Ninguno,Sí,Ninguno,2,No,Rural,,Sí está de acuerdo,Sí está de acuerdo,Sí está de acuerdo,Sí está de acuerdo,Sí está de acuerdo,No está de acuerdo,No está de acuerdo,No está de acuerdo,No está de acuerdo,No está de acuerdo,No está de acuerdo,No está de acuerdo
1528,36,Hombre,Puebla,Licenciatura o Ingeniería,Urbana,35-44,No,No,44818.82,Licenciatura completa,Trabajó con pago,,Es usted (la persona entrevistada es jefa o jefe del hogar),,,,,,,5,Uno,2 o más,Sí,2,3,No,Urbana,,No está de acuerdo,No está de acuerdo,No está de acuerdo,No está de acuerdo,No está de acuerdo,No está de acuerdo,No está de acuerdo,Sí está de acuerdo,Sí está de acuerdo,No está de acuerdo,No está de acuerdo,No está de acuerdo
1529,70,Mujer,Puebla,No estudió/ Otro,No sabe/No responde,60+,No,No,48135.17,No estudió,Se dedicaba al hogar,,Es usted (la persona entrevistada es jefa o jefe del hogar),,,,,,,6,Uno,Ninguno,"No, otra razón",Ninguno,2,No,No sabe/No responde,,No está de acuerdo,Sí está de acuerdo,No está de acuerdo,No está de acuerdo,No está de acuerdo,No sabe/No responde,No está de acuerdo,No está de acuerdo,No está de acuerdo,No está de acuerdo,Sí está de acuerdo,No está de acuerdo
1529,27,Hombre,Baja California Sur,Licenciatura o Ingeniería,Urbana,25-34,No,No,58055.88,Licenciatura completa,Trabajó con pago,,Es usted (la persona entrevistada es jefa o jefe del hogar),,,,,,,1,Uno,Ninguno,Sí,1,1,No,Urbana,,No está de acuerdo,No está de acuerdo,No está de acuerdo,Sí está de acuerdo,No está de acuerdo,No está de acuerdo,No está de acuerdo,Sí está de acuerdo,Sí está de acuerdo,No está de acuerdo,Sí está de acuerdo,Sí está de acuerdo
1535,27,Hombre,Baja California,Licenciatura o Ingeniería,Urbana,25-34,No,No,58451.59,Licenciatura completa,Trabajó con pago,,Es usted (la persona entrevistada es jefa o jefe del hogar),,,,,,,1,Uno,Uno,Sí,1,2,No,Urbana,,Sí está de acuerdo,Ni de acuerdo ni en desacuerdo,No está de acuerdo,Ni de acuerdo ni en desacuerdo,No está de acuerdo,No está de acuerdo,No está de acuerdo,No está de acuerdo,No está de acuerdo,No está de acuerdo,Ni de acuerdo ni en desacuerdo,Sí está de acuerdo
1537,59,Hombre,Sinaloa,Primaria,Rural,45-59,Sí,Sí,110349.84,Primaria completa,Estaba de incapacidad o en vacaciones,,Es usted (la persona entrevistada es jefa o jefe del hogar),,,,,,,4,Uno,Uno,Sí,2,2,Sí,Rural,,No está de acuerdo,Ni de acuerdo ni en desacuerdo,No está de acuerdo,No sabe/No responde,No está de acuerdo,Ni de acuerdo ni en desacuerdo,Ni de acuerdo ni en desacuerdo,No está de acuerdo,Sí está de acuerdo,No sabe/No responde,Sí está de acuerdo,Sí está de acuerdo
1538,39,Mujer,Sinaloa,Licenciatura o Ingeniería,Urbana,25-34,No,Sí,70318.7,Carrera técnica,Trabajó con pago,,Es usted (la persona entrevistada es jefa o jefe del hogar),,,,,,,5,Uno,Ninguno,"No, no lo quieren",2,2,Sí,Urbana,,Ni de acuerdo ni en desacuerdo,Sí está de acuerdo,Sí está de acuerdo,No está de acuerdo,No está de acuerdo,Sí está de acuerdo,Sí está de acuerdo,Ni de acuerdo ni en desacuerdo,Ni de acuerdo ni en desacuerdo,Ni de acuerdo ni en desacuerdo,Sí está de acuerdo,Ni de acuerdo ni en desacuerdo
1538,26,Hombre,Jalisco,Carrera técnica o comercial,Urbana,35-44,No,No,75685.77,Licenciatura completa,Trabajó con pago,,Es usted (la persona entrevistada es jefa o jefe del hogar),,,,,,,4,Uno,Uno,Sí,2,4,No,Urbana,,Sí está de acuerdo,Sí está de acuerdo,Sí está de acuerdo,Ni de acuerdo ni en desacuerdo,No está de acuerdo,No está de acuerdo,Sí está de acuerdo,Sí está de acuerdo,Sí está de acuerdo,Sí está de acuerdo,Sí está de acuerdo,Sí está de acuerdo
1540,35,Hombre,Michoacán,Primaria,Rural,35-44,No,No,105895.91,Secundaria incompleta,Trabajó con pago,,Es usted (la persona entrevistada es jefa o jefe del hogar),,,,,,,4,Ninguno,Ninguno,No por falta de recursos,1,2,No,Rural,,Sí está de acuerdo,Sí está de acuerdo,Sí está de acuerdo,Sí está de acuerdo,No está de acuerdo,Sí está de acuerdo,Sí está de acuerdo,Sí está de acuerdo,Sí está de acuerdo,Sí está de acuerdo,Sí está de acuerdo,Sí está de acuerdo
1543,30,Mujer,Ciudad de México,Secundaria,Rural,25-34,No,No,134671.51,Preparatoria completa,Trabajó con pago,,Hijo o hija,,70.0,Hombre,,Secundaria completa,,6,Uno,Ninguno,No por falta de recursos,4,3,No,Rural,,Ni de acuerdo ni en desacuerdo,Ni de acuerdo ni en desacuerdo,No está de acuerdo,No está de acuerdo,Ni de acuerdo ni en desacuerdo,Ni de acuerdo ni en desacuerdo,Ni de acuerdo ni en desacuerdo,Ni de acuerdo ni en desacuerdo,Ni de acuerdo ni en desacuerdo,No está de acuerdo,Sí está de acuerdo,No está de acuerdo
1544,48,Hombre,Sinaloa,Carrera técnica o comercial,Rural,45-59,No,No,64127.47,Carrera técnica,Vendía o hacía algún producto para vender,,Es usted (la persona entrevistada es jefa o jefe del hogar),,,,,,,2,Uno,Uno,Sí,1,1,No,Rural,,Sí está de acuerdo,No está de acuerdo,Ni de acuerdo ni en desacuerdo,Ni de acuerdo ni en desacuerdo,No está de acuerdo,No está de acuerdo,Ni de acuerdo ni en desacuerdo,Sí está de acuerdo,Sí está de acuerdo,Ni de acuerdo ni en desacuerdo,Sí está de acuerdo,Sí está de acuerdo
1544,51,Mujer,Jalisco,Carrera técnica o comercial,Urbana,45-59,No,No,81703.42,Carrera técnica,Trabajó con pago,,Es usted (la persona entrevistada es jefa o jefe del hogar),,,,,,,4,2 o más,2 o más,Sí,3,2,No,Urbana,,Sí está de acuerdo,No está de acuerdo,Sí está de acuerdo,No está de acuerdo,No está de acuerdo,No está de acuerdo,Sí está de acuerdo,Sí está de acuerdo,Sí está de acuerdo,No está de acuerdo,Sí está de acuerdo,Sí está de acuerdo
1547,49,Hombre,Sinaloa,Licenciatura o Ingeniería,Rural,45-59,No,No,45522.47,Licenciatura completa,Trabajó con pago,,Es usted (la persona entrevistada es jefa o jefe del hogar),,,,,,,1,2 o más,2 o más,"No, no lo quieren",1,3,No,Rural,,Sí está de acuerdo,No está de acuerdo,No está de acuerdo,Sí está de acuerdo,No está de acuerdo,Sí está de acuerdo,Sí está de acuerdo,Sí está de acuerdo,No está de acuerdo,Ni de acuerdo ni en desacuerdo,Sí está de acuerdo,Sí está de acuerdo
1548,46,Mujer,Puebla,Primaria,Rural,45-59,No,No,117282.27,Primaria completa,Se dedicaba al hogar,,Es usted (la persona entrevistada es jefa o jefe del hogar),,,,,,,3,Ninguno,Uno,No por falta de recursos,1,1,No,Rural,,Ni de acuerdo ni en desacuerdo,Sí está de acuerdo,Sí está de acuerdo,Sí está de acuerdo,No está de acuerdo,Sí está de acuerdo,No está de acuerdo,Sí está de acuerdo,Sí está de acuerdo,No está de acuerdo,Sí está de acuerdo,Sí está de acuerdo
1548,55,Mujer,Sonora,Licenciatura o Ingeniería,Rural,45-59,No,No,47066.6,Preparatoria incompleta,Se dedicaba al hogar,,Hijo o hija,,27.0,Hombre,,Licenciatura completa,,2,Uno,Uno,Sí,1,2,No,Rural,,No está de acuerdo,Sí está de acuerdo,Sí está de acuerdo,Sí está de acuerdo,No está de acuerdo,No está de acuerdo,No está de acuerdo,Ni de acuerdo ni en desacuerdo,Sí está de acuerdo,Sí está de acuerdo,Sí está de acuerdo,No está de acuerdo
1549,41,Mujer,Sinaloa,Preparatoria o bachillerato,Rural,35-44,No,No,71183.49,Preparatoria completa,Trabajó con pago,,Es usted (la persona entrevistada es jefa o jefe del hogar),,,,,,,2,Uno,Ninguno,Sí,1,1,No,Rural,,Sí está de acuerdo,Ni de acuerdo ni en desacuerdo,Ni de acuerdo ni en desacuerdo,Ni de acuerdo ni en desacuerdo,Ni de acuerdo ni en desacuerdo,Sí está de acuerdo,Ni de acuerdo ni en desacuerdo,Ni de acuerdo ni en desacuerdo,Sí está de acuerdo,No está de acuerdo,Sí está de acuerdo,Ni de acuerdo ni en desacuerdo
1550,70,Mujer,Guanajuato,No estudió/ Otro,Urbana,60+,No,No,54751.56,No estudió,Ayudaba en el negocio familiar,,Es usted (la persona entrevistada es jefa o jefe del hogar),,,,,,,2,2 o más,Uno,Sí,2,4,No,Urbana,,No está de acuerdo,No está de acuerdo,Ni de acuerdo ni en desacuerdo,No está de acuerdo,No está de acuerdo,Ni de acuerdo ni en desacuerdo,No sabe/No responde,No sabe/No responde,No sabe/No responde,No sabe/No responde,Ni de acuerdo ni en desacuerdo,No sabe/No responde
1554,53,Hombre,Sinaloa,Primaria,Urbana,45-59,No,No,110349.84,Primaria completa,Trabajó con pago,,Es usted (la persona entrevistada es jefa o jefe del hogar),,,,,,,2,Uno,Ninguno,Sí,1,2,No,Urbana,,Sí está de acuerdo,Sí está de acuerdo,No está de acuerdo,No está de acuerdo,Ni de acuerdo ni en desacuerdo,Ni de acuerdo ni en desacuerdo,Sí está de acuerdo,Sí está de acuerdo,No está de acuerdo,No está de acuerdo,No está de acuerdo,No está de acuerdo
1555,51,Hombre,Sinaloa,Licenciatura o Ingeniería,Urbana,45-59,No,No,45522.47,Licenciatura completa,Trabajó con pago,,Es usted (la persona entrevistada es jefa o jefe del hogar),,,,,,,5,2 o más,2 o más,Sí,3,3,No,Urbana,,Sí está de acuerdo,No está de acuerdo,No está de acuerdo,No está de acuerdo,Sí está de acuerdo,No está de acuerdo,Sí está de acuerdo,Sí está de acuerdo,Sí está de acuerdo,Sí está de acuerdo,Sí está de acuerdo,Sí está de acuerdo
1558,45,Hombre,Jalisco,Licenciatura o Ingeniería,Urbana,35-44,No,No,51337.41,Preparatoria completa,Trabajó con pago,,Es usted (la persona entrevistada es jefa o jefe del hogar),,,,,,,3,Uno,Ninguno,Sí,2,2,No,Urbana,,Sí está de acuerdo,Sí está de acuerdo,Sí está de acuerdo,No está de acuerdo,Sí está de acuerdo,No está de acuerdo,No está de acuerdo,Ni de acuerdo ni en desacuerdo,Sí está de acuerdo,Sí está de acuerdo,Sí está de acuerdo,No está de acuerdo
1558,41,Hombre,México,Preparatoria o bachillerato,Urbana,45-59,No,No,63861.41,Licenciatura completa,Trabajó con pago,,Es usted (la persona entrevistada es jefa o jefe del hogar),,,,,,,4,Uno,Uno,Sí,2,4,No,Urbana,,No está de acuerdo,No está de acuerdo,Ni de acuerdo ni en desacuerdo,Sí está de acuerdo,No está de acuerdo,No está de acuerdo,Sí está de acuerdo,No está de acuerdo,Sí está de acuerdo,No está de acuerdo,Ni de acuerdo ni en desacuerdo,Sí está de acuerdo
1559,43,Mujer,Jalisco,Primaria,Rural,35-44,No,No,121794.2,Primaria completa,Se dedicaba al hogar,,Es usted (la persona entrevistada es jefa o jefe del hogar),,,,,,,2,2 o más,Ninguno,Sí,2,3,No,Rural,,No está de acuerdo,No está de acuerdo,Sí está de acuerdo,No está de acuerdo,Ni de acuerdo ni en desacuerdo,No sabe/No responde,Ni de acuerdo ni en desacuerdo,No está de acuerdo,Sí está de acuerdo,No está de acuerdo,No está de acuerdo,No está de acuerdo
1561,31,Mujer,Sinaloa,Primaria,Rural,60+,No,No,126608.09,Secundaria completa,Se dedicaba al hogar,,Es usted (la persona entrevistada es jefa o jefe del hogar),,,,,,,4,Uno,Uno,"No, otra razón",1,2,No,Rural,,Sí está de acuerdo,Sí está de acuerdo,Sí está de acuerdo,Sí está de acuerdo,No está de acuerdo,Sí está de acuerdo,Sí está de acuerdo,No está de acuerdo,Sí está de acuerdo,No está de acuerdo,Sí está de acuerdo,Sí está de acuerdo
1561,61,Mujer,Guerrero,Secundaria,Urbana,25-34,No,No,124960.0,Primaria completa,Se dedicaba al hogar,,Es usted (la persona entrevistada es jefa o jefe del hogar),,,,,,,1,Ninguno,Ninguno,No por falta de recursos,Ninguno,1,No,Urbana,,Ni de acuerdo ni en desacuerdo,No está de acuerdo,No está de acuerdo,Sí está de acuerdo,Sí está de acuerdo,Sí está de acuerdo,No está de acuerdo,No está de acuerdo,Sí está de acuerdo,No está de acuerdo,Sí está de acuerdo,No está de acuerdo
1566,20,Hombre,Chiapas,Licenciatura o Ingeniería,Urbana,18-24,No,No,52408.92,Licenciatura incompleta,Estudiaba,,Hijo o hija,,50.0,Mujer,,Licenciatura completa,,2,Uno,Ninguno,Sí,1,2,No,Urbana,,Sí está de acuerdo,No está de acuerdo,No está de acuerdo,Ni de acuerdo ni en desacuerdo,Ni de acuerdo ni en desacuerdo,No está de acuerdo,No está de acuerdo,Ni de acuerdo ni en desacuerdo,Sí está de acuerdo,No está de acuerdo,Sí está de acuerdo,Sí está de acuerdo
1568,65,Hombre,Jalisco,Secundaria,Urbana,60+,No,No,72916.97,Secundaria completa,Trabajó con pago,,Es usted (la persona entrevistada es jefa o jefe del hogar),,,,,,,1,Uno,Ninguno,"No, no lo quieren",1,1,No,Urbana,,No está de acuerdo,Sí está de acuerdo,Sí está de acuerdo,Sí está de acuerdo,Sí está de acuerdo,No está de acuerdo,No sabe/No responde,No está de acuerdo,No está de acuerdo,Sí está de acuerdo,Sí está de acuerdo,Sí está de acuerdo
1570,32,Hombre,Jalisco,Primaria,Urbana,25-34,No,No,131070.71,Preparatoria completa,Trabajó con pago,,Hijo o hija,,58.0,Hombre,,Primaria completa,,6,Uno,Uno,Sí,3,4,No,Urbana,,Sí está de acuerdo,Ni de acuerdo ni en desacuerdo,Sí está de acuerdo,Ni de acuerdo ni en desacuerdo,Ni de acuerdo ni en desacuerdo,No está de acuerdo,Ni de acuerdo ni en desacuerdo,Sí está de acuerdo,Sí está de acuerdo,Sí está de acuerdo,Sí está de acuerdo,Sí está de acuerdo
1571,59,Hombre,Puebla,Primaria,Urbana,45-59,No,Sí,92507.97,Primaria completa,Trabajó con pago,,Es usted (la persona entrevistada es jefa o jefe del hogar),,,,,,,3,Uno,Ninguno,No por falta de recursos,1,3,Sí,Urbana,,No está de acuerdo,Ni de acuerdo ni en desacuerdo,Ni de acuerdo ni en desacuerdo,Sí está de acuerdo,Sí está de acuerdo,Sí está de acuerdo,Sí está de acuerdo,Sí está de acuerdo,Sí está de acuerdo,Ni de acuerdo ni en desacuerdo,Ni de acuerdo ni en desacuerdo,Ni de acuerdo ni en desacuerdo
1585,46,Hombre,Jalisco,Preparatoria o bachillerato,Urbana,45-59,Sí,Sí,63861.41,Preparatoria completa,Trabajó con pago,,Es usted (la persona entrevistada es jefa o jefe del hogar),,,,,,,4,2 o más,No sabe/No responde,Sí,2,3,Sí,Urbana,,Sí está de acuerdo,No está de acuerdo,Ni de acuerdo ni en desacuerdo,Sí está de acuerdo,No está de acuerdo,No está de acuerdo,No está de acuerdo,No está de acuerdo,Ni de acuerdo ni en desacuerdo,No está de acuerdo,Sí está de acuerdo,No está de acuerdo
1599,49,Hombre,Baja California Sur,Secundaria,Urbana,45-59,No,No,86005.58,Secundaria completa,Trabajó con pago,,Es usted (la persona entrevistada es jefa o jefe del hogar),,,,,,,2,Uno,Uno,Sí,2,1,No,Urbana,,Sí está de acuerdo,Sí está de acuerdo,Sí está de acuerdo,Ni de acuerdo ni en desacuerdo,No está de acuerdo,Ni de acuerdo ni en desacuerdo,Sí está de acuerdo,No está de acuerdo,Ni de acuerdo ni en desacuerdo,Ni de acuerdo ni en desacuerdo,Sí está de acuerdo,Ni de acuerdo ni en desacuerdo
1603,37,Mujer,Jalisco,Licenciatura o Ingeniería,Urbana,35-44,No,Sí,50243.6,Licenciatura completa,Trabajó con pago,,Cónyuge o pareja,,38.0,Hombre,,Licenciatura completa,,2,2 o más,Uno,Sí,2,1,Sí,Urbana,,Sí está de acuerdo,Sí está de acuerdo,Sí está de acuerdo,Sí está de acuerdo,No está de acuerdo,No está de acuerdo,Sí está de acuerdo,No está de acuerdo,Sí está de acuerdo,Sí está de acuerdo,No está de acuerdo,Sí está de acuerdo
1604,65,Hombre,Jalisco,Secundaria,Rural,35-44,No,No,94073.51,Secundaria completa,Se dedicaba al hogar,,Es usted (la persona entrevistada es jefa o jefe del hogar),,,,,,,5,Uno,Uno,Sí,4,3,No,Rural,,Sí está de acuerdo,Ni de acuerdo ni en desacuerdo,Sí está de acuerdo,Sí está de acuerdo,No está de acuerdo,No está de acuerdo,Sí está de acuerdo,No está de acuerdo,No está de acuerdo,No está de acuerdo,Sí está de acuerdo,No está de acuerdo
1604,40,Mujer,Jalisco,Secundaria,Urbana,60+,No,No,115352.6,Preparatoria incompleta,Realizaba alguna otra actividad para generar ingresos,,Es usted (la persona entrevistada es jefa o jefe del hogar),,,,,,,2,2 o más,Uno,Sí,1,2,No,Urbana,,No está de acuerdo,Sí está de acuerdo,Sí está de acuerdo,Sí está de acuerdo,No está de acuerdo,Sí está de acuerdo,Ni de acuerdo ni en desacuerdo,No está de acuerdo,No está de acuerdo,No está de acuerdo,No está de acuerdo,Sí está de acuerdo
1605,32,Mujer,Jalisco,Secundaria,Rural,25-34,No,No,124344.93,Secundaria completa,Trabajó con pago,,Es usted (la persona entrevistada es jefa o jefe del hogar),,,,,,,2,Uno,Ninguno,"No, otra razón",1,1,No,Rural,,Ni de acuerdo ni en desacuerdo,Sí está de acuerdo,Ni de acuerdo ni en desacuerdo,Sí está de acuerdo,Ni de acuerdo ni en desacuerdo,Ni de acuerdo ni en desacuerdo,No está de acuerdo,Ni de acuerdo ni en desacuerdo,Ni de acuerdo ni en desacuerdo,No está de acuerdo,Sí está de acuerdo,Ni de acuerdo ni en desacuerdo
1607,47,Mujer,Jalisco,Licenciatura o Ingeniería,Urbana,45-59,No,No,57429.64,Licenciatura completa,Trabajó con pago,,Es usted (la persona entrevistada es jefa o jefe del hogar),,,,,,,3,2 o más,Ninguno,Sí,1,2,No,Urbana,,No está de acuerdo,Sí está de acuerdo,Sí está de acuerdo,Sí está de acuerdo,Sí está de acuerdo,Ni de acuerdo ni en desacuerdo,Sí está de acuerdo,Ni de acuerdo ni en desacuerdo,Sí está de acuerdo,No está de acuerdo,Sí está de acuerdo,Sí está de acuerdo
1612,25,Mujer,Jalisco,Licenciatura o Ingeniería,Urbana,25-34,No,No,70318.7,Licenciatura completa,Trabajó con pago,,Es usted (la persona entrevistada es jefa o jefe del hogar),,,,,,,1,2 o más,2 o más,Sí,1,5 o más,No,Urbana,,Sí está de acuerdo,Sí está de acuerdo,No está de acuerdo,Sí está de acuerdo,No está de acuerdo,No está de acuerdo,No sabe/No responde,Sí está de acuerdo,Sí está de acuerdo,No está de acuerdo,Sí está de acuerdo,No está de acuerdo
1616,56,Hombre,Puebla,Secundaria,Urbana,45-59,Sí,No,67482.4,Secundaria completa,Trabajó con pago,,Es usted (la persona entrevistada es jefa o jefe del hogar),,,,,,,2,Uno,Ninguno,No por falta de recursos,1,1,No,Urbana,,Ni de acuerdo ni en desacuerdo,Sí está de acuerdo,Sí está de acuerdo,Sí está de acuerdo,Sí está de acuerdo,Sí está de acuerdo,No está de acuerdo,Sí está de acuerdo,Sí está de acuerdo,Ni de acuerdo ni en desacuerdo,Sí está de acuerdo,Sí está de acuerdo
1617,75,Mujer,Puebla,Primaria,No sabe/No responde,60+,No,No,133219.06,Primaria completa,Se dedicaba al hogar,,Es usted (la persona entrevistada es jefa o jefe del hogar),,,,,,,2,Uno,Ninguno,Sí,Ninguno,3,No,No sabe/No responde,,No está de acuerdo,No está de acuerdo,Sí está de acuerdo,No está de acuerdo,Sí está de acuerdo,No está de acuerdo,No está de acuerdo,No está de acuerdo,No está de acuerdo,No sabe/No responde,No está de acuerdo,Sí está de acuerdo
1619,42,Hombre,Jalisco,Licenciatura o Ingeniería,Urbana,35-44,No,No,53199.81,Diplomado o maestría,Trabajó con pago,,Cónyuge o pareja,,40.0,Mujer,,Licenciatura completa,,4,2 o más,2 o más,Sí,2,4,No,Urbana,,No está de acuerdo,Ni de acuerdo ni en desacuerdo,Sí está de acuerdo,Ni de acuerdo ni en desacuerdo,No está de acuerdo,Sí está de acuerdo,No está de acuerdo,Sí está de acuerdo,Sí está de acuerdo,Sí está de acuerdo,Sí está de acuerdo,Sí está de acuerdo
1627,54,Hombre,Sinaloa,Preparatoria o bachillerato,Rural,45-59,No,No,63861.41,Primaria completa,Se dedicaba al hogar,,Es usted (la persona entrevistada es jefa o jefe del hogar),,,,,,,1,Uno,Ninguno,No por falta de recursos,1,1,No,Rural,,No está de acuerdo,Sí está de acuerdo,Sí está de acuerdo,Sí está de acuerdo,Sí está de acuerdo,Sí está de acuerdo,Sí está de acuerdo,Sí está de acuerdo,No sabe/No responde,No sabe/No responde,No está de acuerdo,No está de acuerdo
1627,47,Mujer,Jalisco,Primaria,Urbana,45-59,No,No,139902.33,Preparatoria completa,Ayudaba en el negocio familiar,,Es usted (la persona entrevistada es jefa o jefe del hogar),,,,,,,1,Uno,No sabe/No responde,Sí,1,1,No,Urbana,,Sí está de acuerdo,Sí está de acuerdo,No está de acuerdo,Ni de acuerdo ni en desacuerdo,Sí está de acuerdo,Ni de acuerdo ni en desacuerdo,Sí está de acuerdo,Ni de acuerdo ni en desacuerdo,Ni de acuerdo ni en desacuerdo,Sí está de acuerdo,Sí está de acuerdo,Sí está de acuerdo
1628,22,Hombre,Jalisco,Secundaria,Rural,18-24,No,No,97096.98,Secundaria completa,Trabajó con pago,,Es usted (la persona entrevistada es jefa o jefe del hogar),,,,,,,1,Uno,Ninguno,Sí,1,1,No,Rural,,No está de acuerdo,No está de acuerdo,Sí está de acuerdo,Ni de acuerdo ni en desacuerdo,No está de acuerdo,No está de acuerdo,Sí está de acuerdo,Sí está de acuerdo,Sí está de acuerdo,No está de acuerdo,Sí está de acuerdo,Sí está de acuerdo
1629,63,Hombre,Jalisco,Doctorado,Rural,60+,No,No,14969.91,Doctorado,Trabajó con pago,,Es usted (la persona entrevistada es jefa o jefe del hogar),,,,,,,1,2 o más,2 o más,Sí,1,1,No,Rural,,No está de acuerdo,No está de acuerdo,No está de acuerdo,No está de acuerdo,No está de acuerdo,No está de acuerdo,Sí está de acuerdo,No está de acuerdo,No está de acuerdo,No está de acuerdo,No está de acuerdo,Sí está de acuerdo
1630,65,Mujer,Jalisco,Primaria,Urbana,60+,No,Sí,158130.64,Primaria completa,Se dedicaba al hogar,,Es usted (la persona entrevistada es jefa o jefe del hogar),,,,,,,2,2 o más,Ninguno,Sí,1,2,Sí,Urbana,,Sí está de acuerdo,No está de acuerdo,No está de acuerdo,No está de acuerdo,Sí está de acuerdo,Sí está de acuerdo,No está de acuerdo,No está de acuerdo,No está de acuerdo,No está de acuerdo,Sí está de acuerdo,Sí está de acuerdo
1633,37,Hombre,Puebla,Maestría o especialidad,Urbana,35-44,No,No,21680.81,Diplomado o maestría,Trabajó con pago,,Es usted (la persona entrevistada es jefa o jefe del hogar),,,,,,,4,Uno,2 o más,Sí,1,3,No,Urbana,,No está de acuerdo,Sí está de acuerdo,Sí está de acuerdo,Sí está de acuerdo,No está de acuerdo,No está de acuerdo,Sí está de acuerdo,No está de acuerdo,Sí está de acuerdo,No está de acuerdo,No está de acuerdo,Sí está de acuerdo
1634,54,Mujer,Nayarit,Carrera técnica o comercial,Urbana,45-59,No,No,86184.54,Carrera comercial,Era jubilado o pensionado(a) (Programa Adultos Mayores),,Es usted (la persona entrevistada es jefa o jefe del hogar),,,,,,,2,2 o más,Uno,Sí,1,2,No,Urbana,,Sí está de acuerdo,Sí está de acuerdo,No está de acuerdo,No está de acuerdo,No está de acuerdo,No está de acuerdo,Sí está de acuerdo,No está de acuerdo,No está de acuerdo,No está de acuerdo,Sí está de acuerdo,Sí está de acuerdo
1635,21,Mujer,Puebla,Preparatoria o bachillerato,Urbana,18-24,Sí,No,68245.3,Preparatoria completa,[Esp.] Buscaba trabajo,,Es usted (la persona entrevistada es jefa o jefe del hogar),,,,,,,3,Uno,Ninguno,Sí,2,3,No,Urbana,,Sí está de acuerdo,Sí está de acuerdo,No está de acuerdo,Sí está de acuerdo,Sí está de acuerdo,Sí está de acuerdo,No está de acuerdo,Sí está de acuerdo,Sí está de acuerdo,Sí está de acuerdo,Sí está de acuerdo,Sí está de acuerdo
1639,40,Hombre,Jalisco,Licenciatura o Ingeniería,Urbana,35-44,No,No,53199.81,Diplomado o maestría,Trabajó con pago,,Cónyuge o pareja,,42.0,Mujer,,Licenciatura completa,,3,2 o más,2 o más,Sí,2,4,No,Urbana,,Sí está de acuerdo,Ni de acuerdo ni en desacuerdo,No está de acuerdo,Sí está de acuerdo,Ni de acuerdo ni en desacuerdo,Sí está de acuerdo,No está de acuerdo,Ni de acuerdo ni en desacuerdo,No está de acuerdo,Sí está de acuerdo,Sí está de acuerdo,No está de acuerdo
1644,21,Hombre,Jalisco,Preparatoria o bachillerato,Rural,18-24,No,No,77411.25,Preparatoria completa,Trabajó con pago,,Es usted (la persona entrevistada es jefa o jefe del hogar),,,,,,,3,Uno,Ninguno,Sí,Ninguno,1,No,Rural,,Ni de acuerdo ni en desacuerdo,Sí está de acuerdo,No está de acuerdo,No está de acuerdo,Sí está de acuerdo,No está de acuerdo,Sí está de acuerdo,No sabe/No responde,Sí está de acuerdo,Ni de acuerdo ni en desacuerdo,No está de acuerdo,Sí está de acuerdo
1655,56,Hombre,Jalisco,Primaria,Urbana,45-59,No,No,109806.69,Primaria completa,Trabajó con pago,,Es usted (la persona entrevistada es jefa o jefe del hogar),,,,,,,6,Uno,Ninguno,Sí,4,2,No,Urbana,,No está de acuerdo,Sí está de acuerdo,Ni de acuerdo ni en desacuerdo,Sí está de acuerdo,Ni de acuerdo ni en desacuerdo,Ni de acuerdo ni en desacuerdo,Ni de acuerdo ni en desacuerdo,Ni de acuerdo ni en desacuerdo,Ni de acuerdo ni en desacuerdo,Ni de acuerdo ni en desacuerdo,Ni de acuerdo ni en desacuerdo,Sí está de acuerdo
1658,28,Mujer,Puebla,Licenciatura o Ingeniería,Urbana,25-34,No,No,59240.84,Preparatoria completa,Se dedicaba al hogar,,Cónyuge o pareja,,28.0,Hombre,,Licenciatura completa,,3,Uno,Ninguno,Sí,1,2,No,Urbana,,Sí está de acuerdo,No está de acuerdo,Sí está de acuerdo,Sí está de acuerdo,No está de acuerdo,No está de acuerdo,No está de acuerdo,Sí está de acuerdo,No está de acuerdo,No está de acuerdo,Sí está de acuerdo,Sí está de acuerdo
1670,26,Hombre,Ciudad de México,Secundaria,Urbana,25-34,No,No,103553.46,Secundaria completa,Trabajó con pago,,Hijo o hija,,63.0,Mujer,,Secundaria completa,,10,2 o más,Uno,Sí,4,5 o más,No,Urbana,,No está de acuerdo,Sí está de acuerdo,No está de acuerdo,No está de acuerdo,No está de acuerdo,No está de acuerdo,Sí está de acuerdo,No está de acuerdo,Sí está de acuerdo,No está de acuerdo,Sí está de acuerdo,Sí está de acuerdo
1673,66,Mujer,Nuevo León,Preparatoria o bachillerato,Urbana,60+,No,No,90439.21,Preparatoria completa,Trabajó con pago,,Es usted (la persona entrevistada es jefa o jefe del hogar),,,,,,,1,Uno,Ninguno,Sí,1,1,No,Urbana,,Sí está de acuerdo,Ni de acuerdo ni en desacuerdo,Sí está de acuerdo,No está de acuerdo,Sí está de acuerdo,No está de acuerdo,Sí está de acuerdo,No está de acuerdo,No está de acuerdo,No está de acuerdo,Sí está de acuerdo,Sí está de acuerdo
1675,28,Hombre,Hidalgo,Licenciatura o Ingeniería,Urbana,25-34,No,No,41016.74,Licenciatura completa,Trabajó con pago,,Es usted (la persona entrevistada es jefa o jefe del hogar),,,,,,,1,Uno,Ninguno,Sí,1,1,No,Urbana,,Sí está de acuerdo,Sí está de acuerdo,Sí está de acuerdo,Ni de acuerdo ni en desacuerdo,Ni de acuerdo ni en desacuerdo,Sí está de acuerdo,Ni de acuerdo ni en desacuerdo,Ni de acuerdo ni en desacuerdo,Sí está de acuerdo,No está de acuerdo,Sí está de acuerdo,Ni de acuerdo ni en desacuerdo
1678,49,Mujer,Jalisco,Maestría o especialidad,Urbana,45-59,No,No,27781.21,Licenciatura completa,Trabajó con pago,,Cónyuge o pareja,,45.0,Hombre,,Diplomado o maestría,,4,No sabe/No responde,No sabe/No responde,Sí,2,No sabe/No responde,No,Urbana,,Sí está de acuerdo,Ni de acuerdo ni en desacuerdo,Sí está de acuerdo,No está de acuerdo,Sí está de acuerdo,Sí está de acuerdo,Sí está de acuerdo,Sí está de acuerdo,Sí está de acuerdo,No está de acuerdo,Sí está de acuerdo,Sí está de acuerdo
1679,45,Hombre,Hidalgo,No estudió/ Otro,No sabe/No responde,45-59,No,No,30097.22,No estudió,Trabajó con pago,,Es usted (la persona entrevistada es jefa o jefe del hogar),,,,,,,1,Uno,Ninguno,No sabe/No responde,1,1,No,No sabe/No responde,,No está de acuerdo,No está de acuerdo,Ni de acuerdo ni en desacuerdo,Ni de acuerdo ni en desacuerdo,No está de acuerdo,No está de acuerdo,No está de acuerdo,No está de acuerdo,No está de acuerdo,No está de acuerdo,No está de acuerdo,No está de acuerdo
1680,78,Hombre,Nuevo León,Preparatoria o bachillerato,Urbana,60+,No,No,57168.66,Preparatoria completa,Trabajó con pago,,Es usted (la persona entrevistada es jefa o jefe del hogar),,,,,,,2,2 o más,Ninguno,Sí,2,2,No,Urbana,,Sí está de acuerdo,No está de acuerdo,Sí está de acuerdo,Sí está de acuerdo,Sí está de acuerdo,No está de acuerdo,No está de acuerdo,No está de acuerdo,Ni de acuerdo ni en desacuerdo,No está de acuerdo,No está de acuerdo,No está de acuerdo
1682,30,Hombre,Hidalgo,Licenciatura o Ingeniería,Urbana,25-34,No,No,41016.74,Licenciatura completa,Trabajó con pago,,Es usted (la persona entrevistada es jefa o jefe del hogar),,,,,,,5,2 o más,2 o más,Sí,2,2,No,Urbana,,No está de acuerdo,Sí está de acuerdo,Sí está de acuerdo,Sí está de acuerdo,No está de acuerdo,Sí está de acuerdo,Sí está de acuerdo,Sí está de acuerdo,Sí está de acuerdo,Sí está de acuerdo,Sí está de acuerdo,Sí está de acuerdo
1683,27,Hombre,Nuevo León,Secundaria,Urbana,25-34,No,No,94026.01,Secundaria completa,Se dedicaba al hogar,,Es usted (la persona entrevistada es jefa o jefe del hogar),,,,,,,3,Uno,Ninguno,Sí,1,3,No,Urbana,,No está de acuerdo,Sí está de acuerdo,Ni de acuerdo ni en desacuerdo,Sí está de acuerdo,Sí está de acuerdo,Sí está de acuerdo,Ni de acuerdo ni en desacuerdo,No está de acuerdo,Ni de acuerdo ni en desacuerdo,No está de acuerdo,Sí está de acuerdo,Ni de acuerdo ni en desacuerdo
1692,39,Mujer,Jalisco,Licenciatura o Ingeniería,Urbana,35-44,No,No,50243.6,Preparatoria completa,Trabajó con pago,,Cónyuge o pareja,,41.0,Hombre,,Licenciatura completa,,5,2 o más,Uno,Sí,2,2,No,Urbana,,Ni de acuerdo ni en desacuerdo,Ni de acuerdo ni en desacuerdo,Ni de acuerdo ni en desacuerdo,Sí está de acuerdo,No está de acuerdo,No está de acuerdo,Sí está de acuerdo,No está de acuerdo,Ni de acuerdo ni en desacuerdo,No está de acuerdo,Sí está de acuerdo,Sí está de acuerdo
1693,21,Mujer,Puebla,No estudió/ Otro,Rural,18-24,Sí,No,42399.35,Secundaria incompleta,Trabajó con pago,,Hijo o hija,,38.0,Mujer,,No estudió,,10,Uno,Ninguno,Sí,4,4,No,Rural,,No está de acuerdo,Sí está de acuerdo,Sí está de acuerdo,Sí está de acuerdo,Sí está de acuerdo,Sí está de acuerdo,Sí está de acuerdo,Sí está de acuerdo,Sí está de acuerdo,No está de acuerdo,Sí está de acuerdo,Sí está de acuerdo
1694,38,Mujer,Nuevo León,Secundaria,Urbana,35-44,No,No,87371.33,Secundaria completa,Realizaba alguna otra actividad para generar ingresos,,Es usted (la persona entrevistada es jefa o jefe del hogar),,,,,,,5,Uno,Ninguno,Sí,2,3,No,Urbana,,Sí está de acuerdo,Sí está de acuerdo,Sí está de acuerdo,Sí está de acuerdo,No está de acuerdo,Sí está de acuerdo,No está de acuerdo,Ni de acuerdo ni en desacuerdo,Sí está de acuerdo,Sí está de acuerdo,Sí está de acuerdo,Sí está de acuerdo
1695,72,Hombre,México,Primaria,No sabe/No responde,60+,No,No,96458.63,Primaria completa,Era jubilado o pensionado(a) (Programa Adultos Mayores),,Es usted (la persona entrevistada es jefa o jefe del hogar),,,,,,,1,Uno,Ninguno,Sí,Ninguno,2,No,No sabe/No responde,,Sí está de acuerdo,No está de acuerdo,Ni de acuerdo ni en desacuerdo,Sí está de acuerdo,No está de acuerdo,Sí está de acuerdo,Sí está de acuerdo,No está de acuerdo,Sí está de acuerdo,No está de acuerdo,No está de acuerdo,Sí está de acuerdo
1696,53,Hombre,Puebla,Secundaria,Urbana,45-59,No,No,67482.4,Secundaria completa,Se dedicaba al hogar,,Es usted (la persona entrevistada es jefa o jefe del hogar),,,,,,,2,Uno,Ninguno,No por falta de recursos,Ninguno,1,No,Urbana,,No está de acuerdo,Sí está de acuerdo,No está de acuerdo,No está de acuerdo,Sí está de acuerdo,Sí está de acuerdo,Ni de acuerdo ni en desacuerdo,No está de acuerdo,No está de acuerdo,No está de acuerdo,Sí está de acuerdo,No sabe/No responde
1697,65,Mujer,Jalisco,Primaria,No sabe/No responde,60+,No,No,158130.64,Primaria completa,Se dedicaba al hogar,,Es usted (la persona entrevistada es jefa o jefe del hogar),,,,,,,1,Uno,Ninguno,No por falta de recursos,Ninguno,1,No,No sabe/No responde,,No sabe/No responde,Ni de acuerdo ni en desacuerdo,No sabe/No responde,No sabe/No responde,Ni de acuerdo ni en desacuerdo,Sí está de acuerdo,Ni de acuerdo ni en desacuerdo,Ni de acuerdo ni en desacuerdo,Ni de acuerdo ni en desacuerdo,No sabe/No responde,Sí está de acuerdo,No sabe/No responde
1699,18,Mujer,Jalisco,No sabe o no responde,Urbana,18-24,No,No,48879.91,Secundaria completa,Estudiaba,,Padre o madre,,50.0,Hombre,,No sabe/No responde,,5,Uno,Ninguno,Sí,2,4,No,Urbana,,Ni de acuerdo ni en desacuerdo,Ni de acuerdo ni en desacuerdo,No está de acuerdo,Sí está de acuerdo,Sí está de acuerdo,Sí está de acuerdo,Ni de acuerdo ni en desacuerdo,No está de acuerdo,No está de acuerdo,Ni de acuerdo ni en desacuerdo,Ni de acuerdo ni en desacuerdo,Sí está de acuerdo
1703,65,Mujer,Tabasco,No estudió/ Otro,Rural,60+,No,No,56171.95,No estudió,Se dedicaba al hogar,,Es usted (la persona entrevistada es jefa o jefe del hogar),,,,,,,2,Ninguno,Uno,No por falta de recursos,1,1,No,Rural,,Ni de acuerdo ni en desacuerdo,No sabe/No responde,No está de acuerdo,No está de acuerdo,Ni de acuerdo ni en desacuerdo,No sabe/No responde,Ni de acuerdo ni en desacuerdo,No sabe/No responde,No sabe/No responde,No está de acuerdo,No sabe/No responde,Ni de acuerdo ni en desacuerdo
1705,47,Hombre,Puebla,Secundaria,Rural,45-59,No,Sí,67482.4,Secundaria completa,Trabajó con pago,,Es usted (la persona entrevistada es jefa o jefe del hogar),,,,,,,4,Uno,Ninguno,Sí,Ninguno,2,Sí,Rural,,Sí está de acuerdo,Sí está de acuerdo,Sí está de acuerdo,Sí está de acuerdo,Sí está de acuerdo,Sí está de acuerdo,Sí está de acuerdo,Sí está de acuerdo,Sí está de acuerdo,No está de acuerdo,No está de acuerdo,No está de acuerdo
1705,57,Mujer,Nuevo León,Licenciatura o Ingeniería,Urbana,45-59,No,Sí,56476.41,Secundaria completa,Realizaba alguna otra actividad para generar ingresos,,Cónyuge o pareja,,59.0,Hombre,,Licenciatura completa,,4,2 o más,2 o más,Sí,3,4,Sí,Urbana,,Sí está de acuerdo,No está de acuerdo,Ni de acuerdo ni en desacuerdo,Sí está de acuerdo,No está de acuerdo,No está de acuerdo,Sí está de acuerdo,Sí está de acuerdo,Sí está de acuerdo,No está de acuerdo,No está de acuerdo,Sí está de acuerdo
1710,40,Mujer,Nuevo León,Maestría o especialidad,Urbana,35-44,No,No,23901.59,Diplomado o maestría,Se dedicaba al hogar,,Cónyuge o pareja,,42.0,Hombre,,Diplomado o maestría,,3,2 o más,2 o más,Sí,1,2,No,Urbana,,No está de acuerdo,No está de acuerdo,Ni de acuerdo ni en desacuerdo,Sí está de acuerdo,No está de acuerdo,No está de acuerdo,Sí está de acuerdo,No está de acuerdo,Sí está de acuerdo,No está de acuerdo,Sí está de acuerdo,Sí está de acuerdo
1712,58,Mujer,Hidalgo,Secundaria,Rural,45-59,No,No,77036.19,Secundaria completa,Trabajó con pago,,Es usted (la persona entrevistada es jefa o jefe del hogar),,,,,,,1,Uno,Ninguno,"No, otra razón",1,1,No,Rural,,No está de acuerdo,Sí está de acuerdo,Sí está de acuerdo,Ni de acuerdo ni en desacuerdo,Sí está de acuerdo,No está de acuerdo,Sí está de acuerdo,No está de acuerdo,No está de acuerdo,No está de acuerdo,Sí está de acuerdo,No está de acuerdo
1714,24,Mujer,Hidalgo,Primaria,Rural,18-24,Sí,No,105660.86,Preparatoria incompleta,Trabajó con pago,,Hijo o hija,,55.0,Hombre,,Primaria completa,,7,Ninguno,Ninguno,No por falta de recursos,3,2,No,Rural,,Ni de acuerdo ni en desacuerdo,Ni de acuerdo ni en desacuerdo,No está de acuerdo,Ni de acuerdo ni en desacuerdo,Ni de acuerdo ni en desacuerdo,Ni de acuerdo ni en desacuerdo,No está de acuerdo,Ni de acuerdo ni en desacuerdo,Ni de acuerdo ni en desacuerdo,Ni de acuerdo ni en desacuerdo,Sí está de acuerdo,No está de acuerdo
1715,28,Mujer,Puebla,Preparatoria o bachillerato,Rural,25-34,No,Sí,83517.37,Secundaria incompleta,Se dedicaba al hogar,,Cónyuge o pareja,,34.0,Hombre,,Preparatoria completa,,5,Uno,Uno,Sí,1,1,Sí,Rural,,No está de acuerdo,Sí está de acuerdo,No está de acuerdo,Sí está de acuerdo,Sí está de acuerdo,Sí está de acuerdo,Sí está de acuerdo,Sí está de acuerdo,Sí está de acuerdo,No está de acuerdo,No está de acuerdo,Ni de acuerdo ni en desacuerdo
1717,24,Mujer,Hidalgo,Preparatoria o bachillerato,Urbana,18-24,Sí,No,61450.28,Licenciatura completa,Trabajó con pago,,Hijo o hija,,45.0,Hombre,,Preparatoria completa,,7,2 o más,2 o más,Sí,4,5 o más,No,Urbana,,No está de acuerdo,No está de acuerdo,Ni de acuerdo ni en desacuerdo,Sí está de acuerdo,No está de acuerdo,No está de acuerdo,No está de acuerdo,Sí está de acuerdo,Sí está de acuerdo,No está de acuerdo,Sí está de acuerdo,Ni de acuerdo ni en desacuerdo
1718,54,Hombre,Nuevo León,Maestría o especialidad,Urbana,45-59,No,No,21549.09,Diplomado o maestría,Trabajó con pago,,Es usted (la persona entrevistada es jefa o jefe del hogar),,,,,,,1,Uno,Uno,Sí,1,1,No,Urbana,,No está de acuerdo,Sí está de acuerdo,No está de acuerdo,Sí está de acuerdo,No está de acuerdo,No está de acuerdo,No está de acuerdo,No está de acuerdo,Sí está de acuerdo,No está de acuerdo,Sí está de acuerdo,No está de acuerdo
1720,55,Mujer,Zacatecas,Secundaria,Urbana,45-59,No,No,92381.14,Preparatoria incompleta,Trabajó con pago,,Es usted (la persona entrevistada es jefa o jefe del hogar),,,,,,,5,2 o más,2 o más,Sí,3,4,No,Urbana,,Sí está de acuerdo,No está de acuerdo,Sí está de acuerdo,Sí está de acuerdo,No está de acuerdo,Sí está de acuerdo,Sí está de acuerdo,No está de acuerdo,Sí está de acuerdo,No está de acuerdo,Sí está de acuerdo,Sí está de acuerdo
1721,49,Mujer,Jalisco,Primaria,Rural,45-59,No,Sí,139213.71,Primaria completa,Se dedicaba al hogar,,Cónyuge o pareja,,44.0,Hombre,,Primaria completa,,3,Uno,Ninguno,Sí,1,1,Sí,Rural,,No está de acuerdo,Sí está de acuerdo,Sí está de acuerdo,Ni de acuerdo ni en desacuerdo,Ni de acuerdo ni en desacuerdo,Sí está de acuerdo,Ni de acuerdo ni en desacuerdo,Sí está de acuerdo,Sí está de acuerdo,No está de acuerdo,Sí está de acuerdo,No está de acuerdo
1722,59,Mujer,Zacatecas,Secundaria,Rural,45-59,Sí,Sí,92381.14,Secundaria completa,Era jubilado o pensionado(a) (Programa Adultos Mayores),,Es usted (la persona entrevistada es jefa o jefe del hogar),,,,,,,2,Uno,Ninguno,No por falta de recursos,No sabe/No responde,2,Sí,Rural,,No está de acuerdo,No está de acuerdo,No sabe/No responde,Sí está de acuerdo,Sí está de acuerdo,Sí está de acuerdo,Ni de acuerdo ni en desacuerdo,Sí está de acuerdo,Sí está de acuerdo,Sí está de acuerdo,Sí está de acuerdo,Sí está de acuerdo
1722,56,Hombre,Jalisco,Preparatoria o bachillerato,Urbana,45-59,No,No,63861.41,Preparatoria completa,Trabajó con pago,,Es usted (la persona entrevistada es jefa o jefe del hogar),,,,,,,1,2 o más,Uno,No por falta de recursos,1,1,No,Urbana,,No está de acuerdo,Sí está de acuerdo,Sí está de acuerdo,Sí está de acuerdo,No está de acuerdo,Sí está de acuerdo,Sí está de acuerdo,Sí está de acuerdo,Sí está de acuerdo,Sí está de acuerdo,No está de acuerdo,No está de acuerdo
1724,60,Mujer,Zacatecas,Preparatoria o bachillerato,Rural,60+,No,Sí,83659.58,Preparatoria completa,Trabajó con pago,,Es usted (la persona entrevistada es jefa o jefe del hogar),,,,,,,4,Uno,Uno,Sí,3,3,Sí,Rural,,Sí está de acuerdo,Sí está de acuerdo,No está de acuerdo,Sí está de acuerdo,Sí está de acuerdo,Sí está de acuerdo,No está de acuerdo,Sí está de acuerdo,Sí está de acuerdo,Sí está de acuerdo,Sí está de acuerdo,Sí está de acuerdo
1725,39,Hombre,Hidalgo,No estudió/ Otro,Rural,35-44,No,No,35347.08,Primaria incompleta,Trabajó con pago,,Es usted (la persona entrevistada es jefa o jefe del hogar),,,,,,,4,Ninguno,Ninguno,No por falta de recursos,Ninguno,1,No,Rural,,No sabe/No responde,No sabe/No responde,No sabe/No responde,No sabe/No responde,Ni de acuerdo ni en desacuerdo,No sabe/No responde,No sabe/No responde,No sabe/No responde,Sí está de acuerdo,No sabe/No responde,No sabe/No responde,No sabe/No responde
1728,54,Hombre,Zacatecas,Licenciatura o Ingeniería,Urbana,45-59,No,No,41207.17,Licenciatura completa,Trabajó con pago,,Es usted (la persona entrevistada es jefa o jefe del hogar),,,,,,,4,Uno,Uno,Sí,2,3,No,Urbana,,Sí está de acuerdo,No está de acuerdo,Sí está de acuerdo,No está de acuerdo,Sí está de acuerdo,Sí está de acuerdo,Sí está de acuerdo,Sí está de acuerdo,Sí está de acuerdo,No está de acuerdo,Sí está de acuerdo,Sí está de acuerdo
1734,25,Hombre,Tabasco,Secundaria,Rural,25-34,No,No,93999.25,Secundaria completa,Trabajó con pago,,Es usted (la persona entrevistada es jefa o jefe del hogar),,,,,,,3,Ninguno,Ninguno,No por falta de recursos,1,2,No,Rural,,Sí está de acuerdo,Ni de acuerdo ni en desacuerdo,Sí está de acuerdo,Sí está de acuerdo,Sí está de acuerdo,Ni de acuerdo ni en desacuerdo,Ni de acuerdo ni en desacuerdo,Ni de acuerdo ni en desacuerdo,Sí está de acuerdo,Ni de acuerdo ni en desacuerdo,Sí está de acuerdo,Sí está de acuerdo
1736,56,Hombre,Nuevo León,Licenciatura o Ingeniería,Urbana,45-59,No,No,44546.53,Licenciatura completa,Trabajó con pago,,Es usted (la persona entrevistada es jefa o jefe del hogar),,,,,,,3,2 o más,Uno,Sí,3,2,No,Urbana,,Sí está de acuerdo,No está de acuerdo,Ni de acuerdo ni en desacuerdo,Sí está de acuerdo,Sí está de acuerdo,Sí está de acuerdo,No está de acuerdo,Ni de acuerdo ni en desacuerdo,Ni de acuerdo ni en desacuerdo,Sí está de acuerdo,No está de acuerdo,Sí está de acuerdo
1742,18,Mujer,Jalisco,Primaria,Urbana,18-24,No,No,139287.68,Preparatoria incompleta,Estudiaba,,Hijo o hija,,55.0,Hombre,,Primaria completa,,2,2 o más,Uno,Sí,2,2,No,Urbana,,Sí está de acuerdo,Sí está de acuerdo,No está de acuerdo,Sí está de acuerdo,No está de acuerdo,No está de acuerdo,No está de acuerdo,Sí está de acuerdo,Sí está de acuerdo,No está de acuerdo,No está de acuerdo,Sí está de acuerdo
1746,52,Hombre,Nuevo León,Maestría o especialidad,Urbana,45-59,No,No,21549.09,Diplomado o maestría,Trabajó con pago,,Es usted (la persona entrevistada es jefa o jefe del hogar),,,,,,,5,2 o más,2 o más,Sí,2,5 o más,No,Urbana,,No está de acuerdo,Sí está de acuerdo,Sí está de acuerdo,Sí está de acuerdo,No está de acuerdo,No está de acuerdo,Sí está de acuerdo,No está de acuerdo,Sí está de acuerdo,Sí está de acuerdo,Sí está de acuerdo,Sí está de acuerdo
1753,53,Hombre,Nuevo León,Secundaria,Urbana,45-59,No,No,60763.34,Primaria completa,Realizaba alguna otra actividad para generar ingresos,,Cónyuge o pareja,,52.0,Mujer,,Carrera técnica,,2,2 o más,Uno,Sí,2,1,No,Urbana,,Sí está de acuerdo,No sabe/No responde,Ni de acuerdo ni en desacuerdo,No está de acuerdo,Sí está de acuerdo,No está de acuerdo,No está de acuerdo,No está de acuerdo,No está de acuerdo,No está de acuerdo,No está de acuerdo,No está de acuerdo
1753,48,Hombre,Hidalgo,Carrera técnica o comercial,Rural,45-59,No,No,63063.07,Secundaria completa,Trabajó con pago,,Es usted (la persona entrevistada es jefa o jefe del hogar),,,,,,,6,Ninguno,Uno,No por falta de recursos,1,2,No,Rural,,Ni de acuerdo ni en desacuerdo,No está de acuerdo,No está de acuerdo,Sí está de acuerdo,Sí está de acuerdo,Sí está de acuerdo,Sí está de acuerdo,Sí está de acuerdo,Ni de acuerdo ni en desacuerdo,No está de acuerdo,Sí está de acuerdo,Sí está de acuerdo
1760,62,Hombre,Hidalgo,Preparatoria o bachillerato,Urbana,60+,No,No,44098.97,Preparatoria completa,Trabajó con pago,,Es usted (la persona entrevistada es jefa o jefe del hogar),,,,,,,3,Uno,Ninguno,No por falta de recursos,5 o más,4,No,Urbana,,No está de acuerdo,Sí está de acuerdo,No está de acuerdo,Sí está de acuerdo,No está de acuerdo,Sí está de acuerdo,No está de acuerdo,Sí está de acuerdo,Sí está de acuerdo,No está de acuerdo,No está de acuerdo,No está de acuerdo
1764,47,Mujer,Jalisco,Licenciatura o Ingeniería,Urbana,45-59,No,No,57429.64,Licenciatura completa,Trabajó con pago,,Es usted (la persona entrevistada es jefa o jefe del hogar),,,,,,,3,2 o más,2 o más,Sí,2,2,No,Urbana,,No está de acuerdo,Ni de acuerdo ni en desacuerdo,No está de acuerdo,Sí está de acuerdo,No está de acuerdo,No está de acuerdo,Sí está de acuerdo,Ni de acuerdo ni en desacuerdo,Sí está de acuerdo,Sí está de acuerdo,Sí está de acuerdo,Sí está de acuerdo
1773,18,Hombre,Tlaxcala,Primaria,Urbana,18-24,No,No,122300.82,Primaria completa,Trabajó con pago,,Es usted (la persona entrevistada es jefa o jefe del hogar),,,,,,,4,Uno,Ninguno,No por falta de recursos,1,1,No,Urbana,,Sí está de acuerdo,Sí está de acuerdo,Sí está de acuerdo,Sí está de acuerdo,Ni de acuerdo ni en desacuerdo,Ni de acuerdo ni en desacuerdo,Sí está de acuerdo,No sabe/No responde,No sabe/No responde,Sí está de acuerdo,Sí está de acuerdo,Sí está de acuerdo
1774,21,Hombre,Nuevo León,Licenciatura o Ingeniería,Urbana,18-24,Sí,No,53998.22,Licenciatura completa,Trabajó con pago,,Hijo o hija,,72.0,Hombre,,Licenciatura completa,,4,2 o más,2 o más,Sí,3,2,No,Urbana,,No está de acuerdo,Sí está de acuerdo,Sí está de acuerdo,Sí está de acuerdo,No está de acuerdo,No está de acuerdo,Sí está de acuerdo,No está de acuerdo,No está de acuerdo,No está de acuerdo,Sí está de acuerdo,Sí está de acuerdo
1776,60,Mujer,Tlaxcala,Licenciatura o Ingeniería,Rural,60+,No,No,59938.4,Licenciatura completa,Era jubilado o pensionado(a) (Programa Adultos Mayores),,Es usted (la persona entrevistada es jefa o jefe del hogar),,,,,,,1,Uno,Uno,Sí,Ninguno,2,No,Rural,,No está de acuerdo,No está de acuerdo,No está de acuerdo,No está de acuerdo,No está de acuerdo,No está de acuerdo,Sí está de acuerdo,No está de acuerdo,No está de acuerdo,No está de acuerdo,Sí está de acuerdo,Ni de acuerdo ni en desacuerdo
1778,58,Hombre,Tlaxcala,Licenciatura o Ingeniería,Urbana,45-59,No,No,41621.52,Licenciatura completa,Trabajó con pago,,Es usted (la persona entrevistada es jefa o jefe del hogar),,,,,,,2,Uno,Uno,Sí,2,2,No,Urbana,,Sí está de acuerdo,No está de acuerdo,Sí está de acuerdo,Sí está de acuerdo,Sí está de acuerdo,Sí está de acuerdo,No está de acuerdo,No está de acuerdo,No está de acuerdo,No está de acuerdo,Sí está de acuerdo,No está de acuerdo
1779,36,Mujer,Tlaxcala,Secundaria,Rural,35-44,No,No,81634.36,Secundaria completa,Trabajó con pago,,Es usted (la persona entrevistada es jefa o jefe del hogar),,,,,,,4,Ninguno,Ninguno,No por falta de recursos,2,1,No,Rural,,No está de acuerdo,No está de acuerdo,No está de acuerdo,No está de acuerdo,No está de acuerdo,No está de acuerdo,No está de acuerdo,No está de acuerdo,No está de acuerdo,No está de acuerdo,No está de acuerdo,Sí está de acuerdo
1783,33,Mujer,Tlaxcala,Preparatoria o bachillerato,Urbana,25-34,No,No,91088.06,Preparatoria completa,Trabajó con pago,,Es usted (la persona entrevistada es jefa o jefe del hogar),,,,,,,3,Uno,Ninguno,Sí,2,2,No,Urbana,,Sí está de acuerdo,Ni de acuerdo ni en desacuerdo,Ni de acuerdo ni en desacuerdo,No está de acuerdo,No está de acuerdo,No está de acuerdo,Sí está de acuerdo,No está de acuerdo,Sí está de acuerdo,No está de acuerdo,Sí está de acuerdo,No está de acuerdo
1784,18,Mujer,Hidalgo,Preparatoria o bachillerato,Urbana,18-24,No,No,61450.28,Preparatoria completa,Estudiaba,,Padre o madre,,45.0,Mujer,,Preparatoria completa,,4,Uno,Ninguno,No por falta de recursos,4,2,No,Urbana,,Sí está de acuerdo,Sí está de acuerdo,Sí está de acuerdo,Sí está de acuerdo,No está de acuerdo,Sí está de acuerdo,Sí está de acuerdo,No está de acuerdo,No está de acuerdo,No está de acuerdo,No está de acuerdo,No está de acuerdo
1785,50,Hombre,Puebla,Preparatoria o bachillerato,Urbana,45-59,Sí,Sí,53800.82,Preparatoria completa,Trabajó con pago,,Es usted (la persona entrevistada es jefa o jefe del hogar),,,,,,,12,Uno,Ninguno,Sí,4,5 o más,Sí,Urbana,,No está de acuerdo,No está de acuerdo,Sí está de acuerdo,Sí está de acuerdo,Sí está de acuerdo,Sí está de acuerdo,Sí está de acuerdo,Sí está de acuerdo,Sí está de acuerdo,Sí está de acuerdo,Sí está de acuerdo,Sí está de acuerdo
1787,30,Mujer,Jalisco,Licenciatura o Ingeniería,Urbana,25-34,No,Sí,70318.7,Licenciatura completa,Trabajó con pago,,Hijo o hija,,60.0,Hombre,,Licenciatura completa,,3,2 o más,Uno,Sí,1,3,Sí,Urbana,,No está de acuerdo,Ni de acuerdo ni en desacuerdo,Ni de acuerdo ni en desacuerdo,Sí está de acuerdo,No está de acuerdo,No está de acuerdo,Ni de acuerdo ni en desacuerdo,Sí está de acuerdo,Sí está de acuerdo,No está de acuerdo,Sí está de acuerdo,No está de acuerdo
1789,39,Hombre,Nuevo León,Secundaria,Urbana,35-44,No,No,92512.06,Preparatoria completa,Trabajó con pago,,Cónyuge o pareja,,34.0,Mujer,,Secundaria completa,,4,Uno,Uno,Sí,2,3,No,Urbana,,Sí está de acuerdo,Sí está de acuerdo,No está de acuerdo,Sí está de acuerdo,No está de acuerdo,Sí está de acuerdo,Sí está de acuerdo,No está de acuerdo,Sí está de acuerdo,No está de acuerdo,Sí está de acuerdo,Sí está de acuerdo
1794,49,Mujer,Hidalgo,Primaria,Urbana,45-59,No,No,105604.75,Primaria completa,Trabajó con pago,,Es usted (la persona entrevistada es jefa o jefe del hogar),,,,,,,1,Uno,Ninguno,No por falta de recursos,1,1,No,Urbana,,No está de acuerdo,Sí está de acuerdo,Sí está de acuerdo,Sí está de acuerdo,Sí está de acuerdo,Sí está de acuerdo,Sí está de acuerdo,No está de acuerdo,Sí está de acuerdo,No está de acuerdo,Sí está de acuerdo,Sí está de acuerdo
1798,32,Hombre,Michoacán,Carrera técnica o comercial,Urbana,25-34,No,No,62855.63,Carrera técnica,Trabajó con pago,,Es usted (la persona entrevistada es jefa o jefe del hogar),,,,,,,1,Uno,Ninguno,No por falta de recursos,1,1,No,Urbana,,Sí está de acuerdo,Ni de acuerdo ni en desacuerdo,Ni de acuerdo ni en desacuerdo,Ni de acuerdo ni en desacuerdo,Ni de acuerdo ni en desacuerdo,Ni de acuerdo ni en desacuerdo,Ni de acuerdo ni en desacuerdo,Ni de acuerdo ni en desacuerdo,Ni de acuerdo ni en desacuerdo,No está de acuerdo,No está de acuerdo,No está de acuerdo
1803,45,Hombre,Hidalgo,Preparatoria o bachillerato,Urbana,45-59,No,No,48444.0,Preparatoria completa,Trabajó con pago,,Es usted (la persona entrevistada es jefa o jefe del hogar),,,,,,,4,2 o más,2 o más,Sí,1,3,No,Urbana,,Sí está de acuerdo,No está de acuerdo,Sí está de acuerdo,Sí está de acuerdo,No está de acuerdo,Sí está de acuerdo,No está de acuerdo,Sí está de acuerdo,Sí está de acuerdo,Sí está de acuerdo,Sí está de acuerdo,Sí está de acuerdo
1805,40,Hombre,Tlaxcala,Licenciatura o Ingeniería,Rural,35-44,No,No,48881.56,Licenciatura completa,Trabajó con pago,,Es usted (la persona entrevistada es jefa o jefe del hogar),,,,,,,1,Uno,No sabe/No responde,Sí,1,1,No,Rural,,No está de acuerdo,Ni de acuerdo ni en desacuerdo,No está de acuerdo,Sí está de acuerdo,No está de acuerdo,Ni de acuerdo ni en desacuerdo,Ni de acuerdo ni en desacuerdo,Ni de acuerdo ni en desacuerdo,Sí está de acuerdo,Ni de acuerdo ni en desacuerdo,Sí está de acuerdo,Sí está de acuerdo
1806,50,Hombre,Tlaxcala,Secundaria,Rural,45-59,No,No,73599.55,Secundaria completa,Realizaba alguna otra actividad para generar ingresos,,Es usted (la persona entrevistada es jefa o jefe del hogar),,,,,,,4,Ninguno,Ninguno,No por falta de recursos,2,2,No,Rural,,No está de acuerdo,Sí está de acuerdo,No está de acuerdo,Sí está de acuerdo,Sí está de acuerdo,Sí está de acuerdo,Sí está de acuerdo,Sí está de acuerdo,Sí está de acuerdo,Sí está de acuerdo,No está de acuerdo,Sí está de acuerdo
1807,64,Hombre,Jalisco,Licenciatura o Ingeniería,Urbana,60+,No,No,41235.51,Licenciatura completa,Era jubilado o pensionado(a) (Programa Adultos Mayores),,Es usted (la persona entrevistada es jefa o jefe del hogar),,,,,,,3,2 o más,2 o más,Sí,1,3,No,Urbana,,Sí está de acuerdo,Ni de acuerdo ni en desacuerdo,No está de acuerdo,Ni de acuerdo ni en desacuerdo,No está de acuerdo,Sí está de acuerdo,Sí está de acuerdo,Sí está de acuerdo,Sí está de acuerdo,No está de acuerdo,Sí está de acuerdo,Sí está de acuerdo
1808,55,Mujer,Tlaxcala,Maestría o especialidad,Rural,45-59,No,No,25526.2,Diplomado o maestría,Se dedicaba al hogar,,Es usted (la persona entrevistada es jefa o jefe del hogar),,,,,,,3,Uno,Ninguno,No por falta de recursos,2,2,No,Rural,,Sí está de acuerdo,No está de acuerdo,No está de acuerdo,No está de acuerdo,No está de acuerdo,No está de acuerdo,No está de acuerdo,Sí está de acuerdo,Sí está de acuerdo,Sí está de acuerdo,Sí está de acuerdo,Sí está de acuerdo
1812,66,Mujer,Tlaxcala,Secundaria,Urbana,60+,No,No,105989.39,Secundaria completa,Se dedicaba al hogar,,Cónyuge o pareja,,68.0,Hombre,,Secundaria completa,,2,Uno,Ninguno,No por falta de recursos,1,1,No,Urbana,,Sí está de acuerdo,Sí está de acuerdo,Sí está de acuerdo,Sí está de acuerdo,Sí está de acuerdo,Sí está de acuerdo,Sí está de acuerdo,Sí está de acuerdo,Sí está de acuerdo,No está de acuerdo,Sí está de acuerdo,Sí está de acuerdo
1814,20,Hombre,Hidalgo,Primaria,Rural,45-59,No,Sí,83297.17,Secundaria completa,[Esp.] Ya no trabaja,,Hijo o hija,,59.0,Hombre,,Primaria completa,,4,Ninguno,Ninguno,No por falta de recursos,2,2,Sí,Rural,,Sí está de acuerdo,No está de acuerdo,No está de acuerdo,Sí está de acuerdo,Sí está de acuerdo,Sí está de acuerdo,Sí está de acuerdo,No está de acuerdo,Sí está de acuerdo,No está de acuerdo,No está de acuerdo,No está de acuerdo
1816,52,Hombre,Baja California,Primaria,Rural,45-59,No,No,118704.01,Primaria completa,Realizaba alguna otra actividad para generar ingresos,,Es usted (la persona entrevistada es jefa o jefe del hogar),,,,,,,4,Uno,2 o más,Sí,3,2,No,Rural,,Sí está de acuerdo,Sí está de acuerdo,Sí está de acuerdo,Sí está de acuerdo,Sí está de acuerdo,Sí está de acuerdo,Sí está de acuerdo,Sí está de acuerdo,Sí está de acuerdo,No está de acuerdo,Sí está de acuerdo,Sí está de acuerdo
1820,65,Hombre,Baja California,Maestría o especialidad,Urbana,60+,No,No,21563.69,Diplomado o maestría,Era jubilado o pensionado(a) (Programa Adultos Mayores),,Es usted (la persona entrevistada es jefa o jefe del hogar),,,,,,,2,2 o más,2 o más,Sí,Ninguno,3,No,Urbana,,Sí está de acuerdo,Ni de acuerdo ni en desacuerdo,Ni de acuerdo ni en desacuerdo,Sí está de acuerdo,Sí está de acuerdo,Sí está de acuerdo,Ni de acuerdo ni en desacuerdo,Sí está de acuerdo,Sí está de acuerdo,Ni de acuerdo ni en desacuerdo,Sí está de acuerdo,Ni de acuerdo ni en desacuerdo
1821,50,Hombre,Hidalgo,Secundaria,Urbana,45-59,No,No,60763.34,Secundaria completa,Trabajó con pago,,Es usted (la persona entrevistada es jefa o jefe del hogar),,,,,,,4,Uno,2 o más,Sí,2,4,No,Urbana,,No está de acuerdo,No está de acuerdo,Sí está de acuerdo,Sí está de acuerdo,Ni de acuerdo ni en desacuerdo,Sí está de acuerdo,Sí está de acuerdo,No está de acuerdo,No está de acuerdo,No está de acuerdo,Sí está de acuerdo,Sí está de acuerdo
1822,62,Hombre,Baja California,Preparatoria o bachillerato,Urbana,60+,No,Sí,62843.97,Preparatoria completa,Trabajó con pago,,Es usted (la persona entrevistada es jefa o jefe del hogar),,,,,,,2,2 o más,2 o más,Sí,2,3,Sí,Urbana,,No está de acuerdo,No está de acuerdo,No está de acuerdo,Sí está de acuerdo,No está de acuerdo,No está de acuerdo,Sí está de acuerdo,Sí está de acuerdo,No está de acuerdo,Sí está de acuerdo,Sí está de acuerdo,Sí está de acuerdo
1828,30,Mujer,Nayarit,Primaria,Urbana,25-34,No,No,180696.09,Preparatoria completa,Trabajó con pago,,Cónyuge o pareja,,36.0,Hombre,,Primaria completa,,4,Uno,Uno,Sí,2,3,No,Urbana,,No está de acuerdo,Sí está de acuerdo,Ni de acuerdo ni en desacuerdo,Sí está de acuerdo,Sí está de acuerdo,Sí está de acuerdo,Sí está de acuerdo,Sí está de acuerdo,Sí está de acuerdo,No está de acuerdo,No está de acuerdo,Sí está de acuerdo
1829,39,Hombre,Aguascalientes,Maestría o especialidad,Urbana,35-44,No,No,26965.12,Diplomado o maestría,Realizaba alguna otra actividad para generar ingresos,,Es usted (la persona entrevistada es jefa o jefe del hogar),,,,,,,1,2 o más,Uno,Sí,1,1,No,Urbana,,Sí está de acuerdo,Sí está de acuerdo,Ni de acuerdo ni en desacuerdo,No está de acuerdo,No está de acuerdo,Sí está de acuerdo,Sí está de acuerdo,No está de acuerdo,Sí está de acuerdo,No está de acuerdo,Ni de acuerdo ni en desacuerdo,Ni de acuerdo ni en desacuerdo
1830,64,Hombre,Aguascalientes,Licenciatura o Ingeniería,Urbana,60+,Sí,No,43206.46,Licenciatura completa,Realizaba alguna otra actividad para generar ingresos,,Es usted (la persona entrevistada es jefa o jefe del hogar),,,,,,,1,Uno,Ninguno,Sí,1,1,No,Urbana,,No está de acuerdo,No está de acuerdo,No está de acuerdo,No está de acuerdo,Sí está de acuerdo,No está de acuerdo,Sí está de acuerdo,Sí está de acuerdo,Sí está de acuerdo,Sí está de acuerdo,Sí está de acuerdo,No está de acuerdo
1833,53,Hombre,Jalisco,Licenciatura o Ingeniería,Urbana,45-59,No,No,45298.41,Licenciatura completa,Trabajó con pago,,Es usted (la persona entrevistada es jefa o jefe del hogar),,,,,,,4,2 o más,2 o más,Sí,2,3,No,Urbana,,No está de acuerdo,Sí está de acuerdo,No está de acuerdo,Sí está de acuerdo,No está de acuerdo,No está de acuerdo,No está de acuerdo,Sí está de acuerdo,Sí está de acuerdo,No está de acuerdo,No está de acuerdo,Sí está de acuerdo
1833,60,Hombre,Nayarit,Licenciatura o Ingeniería,Urbana,60+,No,No,43712.28,Licenciatura completa,Trabajó con pago,,Es usted (la persona entrevistada es jefa o jefe del hogar),,,,,,,7,2 o más,2 o más,Sí,4,4,No,Urbana,,Sí está de acuerdo,Ni de acuerdo ni en desacuerdo,No está de acuerdo,Sí está de acuerdo,No está de acuerdo,Sí está de acuerdo,Sí está de acuerdo,No está de acuerdo,No está de acuerdo,Sí está de acuerdo,Sí está de acuerdo,Sí está de acuerdo
1836,50,Hombre,México,Secundaria,Urbana,35-44,No,No,92512.06,Licenciatura completa,Trabajó con pago,,Es usted (la persona entrevistada es jefa o jefe del hogar),,,,,,,4,Uno,Ninguno,Sí,4,4,No,Urbana,,No está de acuerdo,Sí está de acuerdo,Sí está de acuerdo,No está de acuerdo,No está de acuerdo,Ni de acuerdo ni en desacuerdo,Ni de acuerdo ni en desacuerdo,Ni de acuerdo ni en desacuerdo,Ni de acuerdo ni en desacuerdo,No está de acuerdo,Ni de acuerdo ni en desacuerdo,No está de acuerdo
1836,36,Hombre,Nuevo León,Licenciatura o Ingeniería,No sabe/No responde,45-59,No,No,43712.61,Secundaria completa,Trabajó con pago,,Es usted (la persona entrevistada es jefa o jefe del hogar),,,,,,,3,Uno,Ninguno,No sabe/No responde,2,2,No,No sabe/No responde,,Ni de acuerdo ni en desacuerdo,Sí está de acuerdo,Sí está de acuerdo,Sí está de acuerdo,Sí está de acuerdo,Sí está de acuerdo,Sí está de acuerdo,Ni de acuerdo ni en desacuerdo,Ni de acuerdo ni en desacuerdo,No sabe/No responde,Sí está de acuerdo,No sabe/No responde
1837,42,Hombre,Jalisco,Licenciatura o Ingeniería,Urbana,35-44,No,No,53199.81,Licenciatura completa,Trabajó con pago,,Es usted (la persona entrevistada es jefa o jefe del hogar),,,,,,,4,2 o más,Ninguno,Sí,2,4,No,Urbana,,Sí está de acuerdo,No está de acuerdo,No está de acuerdo,Sí está de acuerdo,No está de acuerdo,Sí está de acuerdo,No está de acuerdo,Sí está de acuerdo,Sí está de acuerdo,No está de acuerdo,No está de acuerdo,Sí está de acuerdo
1838,49,Hombre,Yucatán,Licenciatura o Ingeniería,Urbana,45-59,No,No,41834.8,Licenciatura completa,Trabajó con pago,,Es usted (la persona entrevistada es jefa o jefe del hogar),,,,,,,2,2 o más,Uno,Sí,2,2,No,Urbana,,Sí está de acuerdo,Sí está de acuerdo,No está de acuerdo,No está de acuerdo,No está de acuerdo,No está de acuerdo,No está de acuerdo,No está de acuerdo,Sí está de acuerdo,No está de acuerdo,Sí está de acuerdo,No está de acuerdo
1839,43,Mujer,Ciudad de México,Licenciatura o Ingeniería,Urbana,35-44,No,No,54416.22,Licenciatura completa,Trabajó con pago,,Es usted (la persona entrevistada es jefa o jefe del hogar),,,,,,,2,2 o más,Uno,Sí,2,1,No,Urbana,,No está de acuerdo,No está de acuerdo,No está de acuerdo,No está de acuerdo,No está de acuerdo,No está de acuerdo,Sí está de acuerdo,No está de acuerdo,Sí está de acuerdo,No está de acuerdo,No está de acuerdo,Sí está de acuerdo
1843,27,Hombre,Ciudad de México,Secundaria,Urbana,25-34,No,No,103553.46,Secundaria completa,Trabajó con pago,,Es usted (la persona entrevistada es jefa o jefe del hogar),,,,,,,3,Uno,Uno,Sí,Ninguno,2,No,Urbana,,No está de acuerdo,Sí está de acuerdo,No está de acuerdo,Sí está de acuerdo,No está de acuerdo,No está de acuerdo,Sí está de acuerdo,Sí está de acuerdo,Sí está de acuerdo,No está de acuerdo,Sí está de acuerdo,Sí está de acuerdo
1847,71,Hombre,Nayarit,No estudió/ Otro,Urbana,60+,No,No,38286.48,Primaria incompleta,Realizaba alguna otra actividad para generar ingresos,,Es usted (la persona entrevistada es jefa o jefe del hogar),,,,,,,7,2 o más,Uno,Sí,3,3,No,Urbana,,Sí está de acuerdo,Ni de acuerdo ni en desacuerdo,Sí está de acuerdo,No está de acuerdo,Sí está de acuerdo,Sí está de acuerdo,Sí está de acuerdo,Sí está de acuerdo,Sí está de acuerdo,Sí está de acuerdo,Sí está de acuerdo,Sí está de acuerdo
1847,30,Mujer,Zacatecas,Secundaria,Urbana,25-34,No,No,113114.43,Secundaria completa,Se dedicaba al hogar,,Es usted (la persona entrevistada es jefa o jefe del hogar),,,,,,,5,Uno,Ninguno,Sí,2,3,No,Urbana,,Sí está de acuerdo,No está de acuerdo,Ni de acuerdo ni en desacuerdo,Ni de acuerdo ni en desacuerdo,No está de acuerdo,No está de acuerdo,Sí está de acuerdo,No está de acuerdo,No está de acuerdo,Sí está de acuerdo,No está de acuerdo,Sí está de acuerdo
1848,70,Hombre,Nayarit,No estudió/ Otro,Rural,60+,No,No,38286.48,No estudió,Trabajó con pago,,Es usted (la persona entrevistada es jefa o jefe del hogar),,,,,,,3,Ninguno,Ninguno,No por falta de recursos,No sabe/No responde,3,No,Rural,,No sabe/No responde,No sabe/No responde,No sabe/No responde,No sabe/No responde,No sabe/No responde,No sabe/No responde,No sabe/No responde,No sabe/No responde,No sabe/No responde,No sabe/No responde,No sabe/No responde,No sabe/No responde
1849,28,Hombre,Zacatecas,No sabe o no responde,Urbana,25-34,No,No,41842.08,No sabe/No responde,Trabajó con pago,,Es usted (la persona entrevistada es jefa o jefe del hogar),,,,,,,2,Uno,2 o más,Sí,Ninguno,2,No,Urbana,,Ni de acuerdo ni en desacuerdo,Sí está de acuerdo,No está de acuerdo,Sí está de acuerdo,No está de acuerdo,Sí está de acuerdo,No sabe/No responde,Ni de acuerdo ni en desacuerdo,Ni de acuerdo ni en desacuerdo,No está de acuerdo,No sabe/No responde,No está de acuerdo
1852,20,Hombre,México,Secundaria,Rural,18-24,No,No,93697.84,Secundaria completa,Trabajó con pago,,Hijo o hija,,40.0,Hombre,,Secundaria completa,,10,2 o más,Ninguno,No por falta de recursos,5 o más,4,No,Rural,,No está de acuerdo,Sí está de acuerdo,Sí está de acuerdo,Sí está de acuerdo,Sí está de acuerdo,Sí está de acuerdo,Sí está de acuerdo,Sí está de acuerdo,Sí está de acuerdo,No está de acuerdo,Sí está de acuerdo,Sí está de acuerdo
1857,21,Hombre,Jalisco,Preparatoria o bachillerato,Urbana,18-24,No,No,77411.25,Licenciatura incompleta,Trabajó con pago,,Es usted (la persona entrevistada es jefa o jefe del hogar),,,,,,,1,2 o más,2 o más,Sí,1,1,No,Urbana,,Ni de acuerdo ni en desacuerdo,No está de acuerdo,Sí está de acuerdo,Sí está de acuerdo,Sí está de acuerdo,Sí está de acuerdo,No sabe/No responde,Sí está de acuerdo,Ni de acuerdo ni en desacuerdo,No está de acuerdo,Sí está de acuerdo,Ni de acuerdo ni en desacuerdo
1858,42,Hombre,Nayarit,Licenciatura o Ingeniería,Urbana,35-44,No,No,56395.2,Licenciatura completa,Trabajó con pago,,Es usted (la persona entrevistada es jefa o jefe del hogar),,,,,,,2,2 o más,2 o más,Sí,2,3,No,Urbana,,Sí está de acuerdo,Ni de acuerdo ni en desacuerdo,Ni de acuerdo ni en desacuerdo,Sí está de acuerdo,Ni de acuerdo ni en desacuerdo,Ni de acuerdo ni en desacuerdo,Ni de acuerdo ni en desacuerdo,No está de acuerdo,No está de acuerdo,No está de acuerdo,No está de acuerdo,No está de acuerdo
1859,18,Mujer,Zacatecas,Primaria,Rural,18-24,No,No,126707.59,Preparatoria completa,Ayudaba en el negocio familiar,,"[Esp.] Otro, especifique",NIETA,70.0,Hombre,,Primaria completa,,7,Uno,Ninguno,No por falta de recursos,3,3,No,Rural,,No está de acuerdo,Sí está de acuerdo,Sí está de acuerdo,Sí está de acuerdo,No está de acuerdo,No está de acuerdo,No está de acuerdo,Sí está de acuerdo,Sí está de acuerdo,Ni de acuerdo ni en desacuerdo,Sí está de acuerdo,Sí está de acuerdo
1860,60,Hombre,Jalisco,Secundaria,Urbana,60+,No,No,72916.97,Secundaria completa,Trabajó con pago,,Es usted (la persona entrevistada es jefa o jefe del hogar),,,,,,,2,Uno,Uno,Sí,2,2,No,Urbana,,Ni de acuerdo ni en desacuerdo,Ni de acuerdo ni en desacuerdo,Sí está de acuerdo,Ni de acuerdo ni en desacuerdo,Ni de acuerdo ni en desacuerdo,No está de acuerdo,Ni de acuerdo ni en desacuerdo,Ni de acuerdo ni en desacuerdo,No está de acuerdo,No está de acuerdo,No está de acuerdo,No está de acuerdo
1864,53,Hombre,Nayarit,No estudió/ Otro,Rural,45-59,No,No,42058.81,Primaria incompleta,Trabajó con pago,,Es usted (la persona entrevistada es jefa o jefe del hogar),,,,,,,3,Uno,Ninguno,No por falta de recursos,1,1,No,Rural,,Ni de acuerdo ni en desacuerdo,No sabe/No responde,Sí está de acuerdo,No sabe/No responde,No sabe/No responde,No sabe/No responde,Ni de acuerdo ni en desacuerdo,No está de acuerdo,No sabe/No responde,No sabe/No responde,Sí está de acuerdo,Sí está de acuerdo
1865,67,Hombre,Jalisco,Primaria,Urbana,60+,No,No,99957.93,Secundaria completa,Era jubilado o pensionado(a) (Programa Adultos Mayores),,Cónyuge o pareja,,67.0,Mujer,,Primaria completa,,2,2 o más,Uno,Sí,Ninguno,3,No,Urbana,,No está de acuerdo,Ni de acuerdo ni en desacuerdo,No está de acuerdo,Sí está de acuerdo,No está de acuerdo,No está de acuerdo,No está de acuerdo,Sí está de acuerdo,Sí está de acuerdo,Sí está de acuerdo,Sí está de acuerdo,Sí está de acuerdo
1866,54,Hombre,Baja California Sur,Licenciatura o Ingeniería,Urbana,45-59,No,No,48637.29,Licenciatura completa,Trabajó con pago,,Cónyuge o pareja,,41.0,Mujer,,Licenciatura completa,,3,2 o más,2 o más,Sí,1,3,No,Urbana,,No está de acuerdo,No está de acuerdo,Sí está de acuerdo,Sí está de acuerdo,Ni de acuerdo ni en desacuerdo,No está de acuerdo,Ni de acuerdo ni en desacuerdo,Sí está de acuerdo,Sí está de acuerdo,Sí está de acuerdo,No está de acuerdo,No está de acuerdo
1870,25,Mujer,Baja California Sur,Preparatoria o bachillerato,Urbana,25-34,No,No,106441.98,Licenciatura completa,Se dedicaba al hogar,,Hijo o hija,,53.0,Mujer,,Preparatoria completa,,4,2 o más,Uno,Sí,3,3,No,Urbana,,No está de acuerdo,No está de acuerdo,Sí está de acuerdo,Sí está de acuerdo,No está de acuerdo,No está de acuerdo,No está de acuerdo,Sí está de acuerdo,Sí está de acuerdo,No está de acuerdo,Sí está de acuerdo,No está de acuerdo
1874,50,Hombre,Jalisco,Secundaria,Urbana,45-59,No,Sí,80101.41,Secundaria completa,Trabajó con pago,,Es usted (la persona entrevistada es jefa o jefe del hogar),,,,,,,4,Uno,Ninguno,Sí,3,2,Sí,Urbana,,Ni de acuerdo ni en desacuerdo,No sabe/No responde,No está de acuerdo,Sí está de acuerdo,No sabe/No responde,Sí está de acuerdo,No sabe/No responde,Sí está de acuerdo,No está de acuerdo,No está de acuerdo,Sí está de acuerdo,Sí está de acuerdo
1875,19,Mujer,Ciudad de México,Preparatoria o bachillerato,Rural,18-24,No,No,87734.43,Licenciatura completa,Estudiaba,,Hijo o hija,,58.0,Mujer,,Preparatoria completa,,3,2 o más,Uno,Sí,No sabe/No responde,3,No,Rural,,Sí está de acuerdo,No está de acuerdo,Sí está de acuerdo,Sí está de acuerdo,Sí está de acuerdo,Sí está de acuerdo,Ni de acuerdo ni en desacuerdo,No está de acuerdo,Sí está de acuerdo,Sí está de acuerdo,Sí está de acuerdo,Sí está de acuerdo
1877,40,Mujer,México,Secundaria,Urbana,35-44,No,No,85735.72,Preparatoria incompleta,Trabajó con pago,,Es usted (la persona entrevistada es jefa o jefe del hogar),,,,,,,3,Uno,Ninguno,Sí,3,2,No,Urbana,,Sí está de acuerdo,Ni de acuerdo ni en desacuerdo,Sí está de acuerdo,No está de acuerdo,Sí está de acuerdo,No está de acuerdo,Sí está de acuerdo,Ni de acuerdo ni en desacuerdo,Ni de acuerdo ni en desacuerdo,Ni de acuerdo ni en desacuerdo,Sí está de acuerdo,Sí está de acuerdo
1878,38,Mujer,Baja California Sur,Licenciatura o Ingeniería,Urbana,35-44,No,No,53946.99,Preparatoria completa,Trabajó con pago,,Cónyuge o pareja,,34.0,Hombre,,Licenciatura completa,,5,Uno,2 o más,Sí,2,2,No,Urbana,,Sí está de acuerdo,Sí está de acuerdo,Sí está de acuerdo,No está de acuerdo,No está de acuerdo,No está de acuerdo,Ni de acuerdo ni en desacuerdo,No está de acuerdo,Sí está de acuerdo,No está de acuerdo,Sí está de acuerdo,Sí está de acuerdo
1883,52,Mujer,Tamaulipas,Maestría o especialidad,Urbana,45-59,No,No,24946.4,Diplomado o maestría,Trabajó con pago,,Es usted (la persona entrevistada es jefa o jefe del hogar),,,,,,,2,2 o más,2 o más,Sí,2,3,No,Urbana,,No está de acuerdo,Ni de acuerdo ni en desacuerdo,No está de acuerdo,Ni de acuerdo ni en desacuerdo,No está de acuerdo,No está de acuerdo,Sí está de acuerdo,Ni de acuerdo ni en desacuerdo,Sí está de acuerdo,No está de acuerdo,Sí está de acuerdo,Sí está de acuerdo
1884,23,Hombre,Ciudad de México,Secundaria,Urbana,18-24,No,No,105160.68,Preparatoria completa,Trabajó con pago,,Hijo o hija,,54.0,Hombre,,Secundaria completa,,4,Uno,Uno,Sí,2,4,No,Urbana,,No está de acuerdo,No está de acuerdo,Sí está de acuerdo,Sí está de acuerdo,Ni de acuerdo ni en desacuerdo,Ni de acuerdo ni en desacuerdo,Sí está de acuerdo,Ni de acuerdo ni en desacuerdo,Ni de acuerdo ni en desacuerdo,Ni de acuerdo ni en desacuerdo,Ni de acuerdo ni en desacuerdo,Ni de acuerdo ni en desacuerdo
1890,73,Hombre,Tamaulipas,Preparatoria o bachillerato,Rural,45-59,No,Sí,58093.62,Primaria completa,Trabajó con pago,,Es usted (la persona entrevistada es jefa o jefe del hogar),,,,,,,2,Uno,Uno,"No, otra razón",2,2,Sí,Rural,,Sí está de acuerdo,No está de acuerdo,No está de acuerdo,Sí está de acuerdo,Sí está de acuerdo,No está de acuerdo,No está de acuerdo,Ni de acuerdo ni en desacuerdo,No está de acuerdo,No está de acuerdo,Sí está de acuerdo,No está de acuerdo
1890,52,Hombre,Zacatecas,Primaria,Rural,60+,No,No,89758.15,Licenciatura incompleta,Trabajó con pago,,Es usted (la persona entrevistada es jefa o jefe del hogar),,,,,,,4,2 o más,Ninguno,Sí,1,3,No,Rural,,No está de acuerdo,Sí está de acuerdo,Sí está de acuerdo,Sí está de acuerdo,No está de acuerdo,Sí está de acuerdo,Sí está de acuerdo,Sí está de acuerdo,Sí está de acuerdo,Sí está de acuerdo,Ni de acuerdo ni en desacuerdo,Sí está de acuerdo
1892,48,Mujer,Zacatecas,Primaria,Rural,45-59,No,No,126640.3,Primaria completa,Vendía o hacía algún producto para vender,,Es usted (la persona entrevistada es jefa o jefe del hogar),,,,,,,8,Uno,Uno,Sí,2,4,No,Rural,,Sí está de acuerdo,Sí está de acuerdo,No está de acuerdo,No está de acuerdo,No está de acuerdo,Sí está de acuerdo,No sabe/No responde,Sí está de acuerdo,Sí está de acuerdo,No está de acuerdo,Sí está de acuerdo,No sabe/No responde
1897,64,Mujer,Ciudad de México,Preparatoria o bachillerato,Urbana,60+,No,Sí,99603.22,Preparatoria completa,Trabajó con pago,,Es usted (la persona entrevistada es jefa o jefe del hogar),,,,,,,4,2 o más,Uno,Sí,3,3,Sí,Urbana,,No está de acuerdo,Sí está de acuerdo,No está de acuerdo,Sí está de acuerdo,Sí está de acuerdo,No está de acuerdo,Sí está de acuerdo,Sí está de acuerdo,Sí está de acuerdo,Sí está de acuerdo,No está de acuerdo,Sí está de acuerdo
1899,20,Hombre,Jalisco,Carrera técnica o comercial,Urbana,18-24,No,No,77733.76,Licenciatura incompleta,Estudiaba,,Hijo o hija,,50.0,Hombre,,Carrera técnica,,6,2 o más,2 o más,Sí,1,4,No,Urbana,,No está de acuerdo,Sí está de acuerdo,No está de acuerdo,Sí está de acuerdo,No está de acuerdo,No está de acuerdo,No está de acuerdo,No está de acuerdo,Sí está de acuerdo,No está de acuerdo,Sí está de acuerdo,Sí está de acuerdo
1901,32,Hombre,Campeche,Licenciatura o Ingeniería,Urbana,25-34,No,No,42735.77,Licenciatura completa,Trabajó con pago,,Es usted (la persona entrevistada es jefa o jefe del hogar),,,,,,,4,Uno,Uno,Sí,1,2,No,Urbana,,Sí está de acuerdo,Sí está de acuerdo,Sí está de acuerdo,Sí está de acuerdo,Sí está de acuerdo,No sabe/No responde,Sí está de acuerdo,Sí está de acuerdo,Sí está de acuerdo,No está de acuerdo,Sí está de acuerdo,Sí está de acuerdo
1903,44,Hombre,Campeche,Licenciatura o Ingeniería,Urbana,35-44,No,No,42047.67,Licenciatura completa,"[Esp.] Otra, especifique",no hace nada,Es usted (la persona entrevistada es jefa o jefe del hogar),,,,,,,6,Uno,Ninguno,Sí,2,1,No,Urbana,,No está de acuerdo,Sí está de acuerdo,Ni de acuerdo ni en desacuerdo,Sí está de acuerdo,Sí está de acuerdo,No está de acuerdo,Ni de acuerdo ni en desacuerdo,Sí está de acuerdo,Sí está de acuerdo,No está de acuerdo,Sí está de acuerdo,No está de acuerdo
1904,72,Hombre,Chiapas,Maestría o especialidad,Rural,25-34,No,No,24156.26,No estudió,Trabajó sin pago,,Cónyuge o pareja,,40.0,Mujer,,Secundaria completa,,4,Uno,Ninguno,No por falta de recursos,2,3,No,Rural,,Sí está de acuerdo,No está de acuerdo,No está de acuerdo,Sí está de acuerdo,No está de acuerdo,No está de acuerdo,Ni de acuerdo ni en desacuerdo,Sí está de acuerdo,No está de acuerdo,No está de acuerdo,Sí está de acuerdo,Sí está de acuerdo
1904,28,Hombre,Yucatán,Secundaria,Urbana,60+,No,No,69596.18,Diplomado o maestría,Trabajó con pago,,Es usted (la persona entrevistada es jefa o jefe del hogar),,,,,,,1,Uno,Uno,Sí,1,1,No,Urbana,,No está de acuerdo,Ni de acuerdo ni en desacuerdo,No está de acuerdo,No está de acuerdo,No está de acuerdo,No está de acuerdo,Sí está de acuerdo,No está de acuerdo,Sí está de acuerdo,No está de acuerdo,No está de acuerdo,No está de acuerdo
1905,21,Hombre,México,Preparatoria o bachillerato,Rural,18-24,No,No,74701.26,Preparatoria completa,Trabajó con pago,,Hijo o hija,,34.0,Mujer,,Preparatoria completa,,4,Uno,Uno,"No, otra razón",2,3,No,Rural,,No está de acuerdo,Sí está de acuerdo,No está de acuerdo,No está de acuerdo,Sí está de acuerdo,No está de acuerdo,No está de acuerdo,No está de acuerdo,Sí está de acuerdo,Sí está de acuerdo,Sí está de acuerdo,Sí está de acuerdo
1906,24,Hombre,Ciudad de México,Preparatoria o bachillerato,Urbana,18-24,No,No,77411.25,Preparatoria completa,Trabajó con pago,,Es usted (la persona entrevistada es jefa o jefe del hogar),,,,,,,1,Uno,Ninguno,Sí,1,1,No,Urbana,,Ni de acuerdo ni en desacuerdo,No está de acuerdo,Sí está de acuerdo,Sí está de acuerdo,Sí está de acuerdo,Sí está de acuerdo,Sí está de acuerdo,Sí está de acuerdo,Ni de acuerdo ni en desacuerdo,No está de acuerdo,Ni de acuerdo ni en desacuerdo,Ni de acuerdo ni en desacuerdo
1906,18,Hombre,Jalisco,Preparatoria o bachillerato,Urbana,18-24,No,No,83840.09,Preparatoria completa,Trabajó con pago,,Hijo o hija,,51.0,Mujer,,Preparatoria completa,,3,Uno,Ninguno,Sí,2,2,No,Urbana,,Sí está de acuerdo,Sí está de acuerdo,No está de acuerdo,No está de acuerdo,No está de acuerdo,No está de acuerdo,Sí está de acuerdo,No está de acuerdo,Sí está de acuerdo,No está de acuerdo,No está de acuerdo,No está de acuerdo
1907,31,Mujer,Yucatán,Primaria,Urbana,25-34,No,No,157424.22,Secundaria incompleta,Se dedicaba al hogar,,Cónyuge o pareja,,35.0,Hombre,,Primaria completa,,4,Ninguno,Ninguno,Sí,1,1,No,Urbana,,Sí está de acuerdo,Sí está de acuerdo,Sí está de acuerdo,Sí está de acuerdo,No está de acuerdo,Sí está de acuerdo,No está de acuerdo,No está de acuerdo,Sí está de acuerdo,No está de acuerdo,No está de acuerdo,No está de acuerdo
1909,61,Hombre,México,Licenciatura o Ingeniería,No sabe/No responde,60+,No,No,39791.95,Licenciatura completa,Trabajó con pago,,Es usted (la persona entrevistada es jefa o jefe del hogar),,,,,,,2,2 o más,Ninguno,No sabe/No responde,1,No sabe/No responde,No,No sabe/No responde,,No está de acuerdo,Sí está de acuerdo,Ni de acuerdo ni en desacuerdo,No está de acuerdo,No está de acuerdo,Ni de acuerdo ni en desacuerdo,Ni de acuerdo ni en desacuerdo,No está de acuerdo,No está de acuerdo,No está de acuerdo,No está de acuerdo,No está de acuerdo
1910,60,Hombre,Ciudad de México,Secundaria,Urbana,60+,No,No,78972.57,Secundaria completa,Trabajó con pago,,Es usted (la persona entrevistada es jefa o jefe del hogar),,,,,,,1,Uno,Uno,Sí,1,1,No,Urbana,,No está de acuerdo,No está de acuerdo,Ni de acuerdo ni en desacuerdo,Sí está de acuerdo,No sabe/No responde,No está de acuerdo,No está de acuerdo,Sí está de acuerdo,No está de acuerdo,Sí está de acuerdo,Sí está de acuerdo,Sí está de acuerdo
1911,60,Hombre,Jalisco,No estudió/ Otro,Rural,60+,No,No,36117.14,Primaria incompleta,Trabajó con pago,,Es usted (la persona entrevistada es jefa o jefe del hogar),,,,,,,1,Uno,Ninguno,No por falta de recursos,Ninguno,1,No,Rural,,Sí está de acuerdo,No sabe/No responde,No está de acuerdo,No sabe/No responde,No está de acuerdo,No está de acuerdo,Sí está de acuerdo,No está de acuerdo,No sabe/No responde,No sabe/No responde,No sabe/No responde,No sabe/No responde
1911,77,Hombre,Yucatán,No estudió/ Otro,Rural,60+,Sí,Sí,33355.56,No estudió,Estaba de incapacidad o en vacaciones,,Es usted (la persona entrevistada es jefa o jefe del hogar),,,,,,,1,Ninguno,Ninguno,No por falta de recursos,Ninguno,1,Sí,Rural,,No sabe/No responde,No sabe/No responde,No sabe/No responde,No sabe/No responde,No está de acuerdo,No sabe/No responde,No está de acuerdo,Ni de acuerdo ni en desacuerdo,Ni de acuerdo ni en desacuerdo,No sabe/No responde,Ni de acuerdo ni en desacuerdo,Sí está de acuerdo
1912,28,Hombre,Yucatán,Preparatoria o bachillerato,Urbana,25-34,Sí,No,70399.6,Preparatoria completa,Ayudaba en el negocio familiar,,Es usted (la persona entrevistada es jefa o jefe del hogar),,,,,,,2,Ninguno,Ninguno,No por falta de recursos,1,1,No,Urbana,,No está de acuerdo,Sí está de acuerdo,No está de acuerdo,Sí está de acuerdo,No está de acuerdo,No está de acuerdo,No está de acuerdo,Sí está de acuerdo,Sí está de acuerdo,No está de acuerdo,Sí está de acuerdo,Sí está de acuerdo
1914,34,Mujer,Campeche,Secundaria,Urbana,25-34,No,No,98278.81,Secundaria completa,Se dedicaba al hogar,,Es usted (la persona entrevistada es jefa o jefe del hogar),,,,,,,5,Uno,2 o más,Sí,3,2,No,Urbana,,Sí está de acuerdo,Sí está de acuerdo,No está de acuerdo,Sí está de acuerdo,Sí está de acuerdo,No sabe/No responde,Sí está de acuerdo,Ni de acuerdo ni en desacuerdo,No sabe/No responde,No está de acuerdo,Sí está de acuerdo,Sí está de acuerdo
1917,23,Mujer,Yucatán,Secundaria,Urbana,18-24,Sí,No,93838.03,Preparatoria completa,Realizaba alguna otra actividad para generar ingresos,,Padre o madre,,48.0,Hombre,,Secundaria completa,,4,Uno,Ninguno,Sí,3,2,No,Urbana,,No está de acuerdo,No está de acuerdo,No está de acuerdo,Sí está de acuerdo,Sí está de acuerdo,No está de acuerdo,No está de acuerdo,Sí está de acuerdo,Sí está de acuerdo,No está de acuerdo,Sí está de acuerdo,Sí está de acuerdo
1919,45,Hombre,Yucatán,Licenciatura o Ingeniería,Urbana,45-59,Sí,No,41834.8,Licenciatura completa,Trabajó con pago,,Es usted (la persona entrevistada es jefa o jefe del hogar),,,,,,,2,2 o más,2 o más,Sí,Ninguno,3,No,Urbana,,Sí está de acuerdo,No está de acuerdo,No está de acuerdo,No está de acuerdo,Sí está de acuerdo,No está de acuerdo,Sí está de acuerdo,No está de acuerdo,No está de acuerdo,Sí está de acuerdo,Sí está de acuerdo,No está de acuerdo
1920,30,Mujer,Oaxaca,Secundaria,Rural,25-34,Sí,No,99061.15,Secundaria completa,Se dedicaba al hogar,,Es usted (la persona entrevistada es jefa o jefe del hogar),,,,,,,4,Ninguno,Ninguno,No por falta de recursos,1,1,No,Rural,,No está de acuerdo,Sí está de acuerdo,No está de acuerdo,Sí está de acuerdo,No está de acuerdo,Sí está de acuerdo,Sí está de acuerdo,Sí está de acuerdo,Sí está de acuerdo,No está de acuerdo,Sí está de acuerdo,Sí está de acuerdo
1922,52,Mujer,Ciudad de México,Preparatoria o bachillerato,Urbana,45-59,No,No,87687.84,Preparatoria completa,Trabajó con pago,,Cónyuge o pareja,,53.0,Hombre,,Preparatoria completa,,2,Uno,Uno,Sí,2,1,No,Urbana,,No está de acuerdo,No está de acuerdo,Sí está de acuerdo,Sí está de acuerdo,No está de acuerdo,No está de acuerdo,No está de acuerdo,Sí está de acuerdo,No está de acuerdo,Sí está de acuerdo,Sí está de acuerdo,Sí está de acuerdo
1925,35,Hombre,Tlaxcala,Doctorado,Urbana,35-44,No,No,17745.68,Doctorado,Trabajó con pago,,Es usted (la persona entrevistada es jefa o jefe del hogar),,,,,,,4,2 o más,2 o más,Sí,1,3,No,Urbana,,Sí está de acuerdo,Sí está de acuerdo,No está de acuerdo,Sí está de acuerdo,Sí está de acuerdo,Sí está de acuerdo,Sí está de acuerdo,Ni de acuerdo ni en desacuerdo,Ni de acuerdo ni en desacuerdo,No está de acuerdo,Sí está de acuerdo,Sí está de acuerdo
1926,31,Mujer,Campeche,No estudió/ Otro,Urbana,45-59,Sí,No,46218.21,Secundaria completa,Trabajó con pago,,Hijo o hija,,64.0,Hombre,,Preparatoria completa,,9,Uno,2 o más,Sí,Ninguno,2,No,Urbana,,No está de acuerdo,No está de acuerdo,Sí está de acuerdo,Sí está de acuerdo,Sí está de acuerdo,Sí está de acuerdo,Sí está de acuerdo,No está de acuerdo,No sabe/No responde,Sí está de acuerdo,No está de acuerdo,No está de acuerdo
1926,43,Hombre,Ciudad de México,Preparatoria o bachillerato,Urbana,25-34,No,No,60248.63,No estudió,Trabajó con pago,,Es usted (la persona entrevistada es jefa o jefe del hogar),,,,,,,2,Uno,Ninguno,Sí,2,1,No,Urbana,,No está de acuerdo,No está de acuerdo,No está de acuerdo,No sabe/No responde,Sí está de acuerdo,No está de acuerdo,Sí está de acuerdo,No está de acuerdo,Sí está de acuerdo,No sabe/No responde,Sí está de acuerdo,Sí está de acuerdo
1926,59,Hombre,Tlaxcala,No estudió/ Otro,Urbana,35-44,No,No,50466.1,Secundaria completa,Se dedicaba al hogar,,Cónyuge o pareja,,58.0,Hombre,,No estudió,,2,2 o más,Ninguno,"No, no lo quieren",1,2,No,Urbana,,No está de acuerdo,Sí está de acuerdo,No está de acuerdo,No está de acuerdo,Sí está de acuerdo,Sí está de acuerdo,No está de acuerdo,No está de acuerdo,Sí está de acuerdo,No está de acuerdo,Sí está de acuerdo,No está de acuerdo
1928,76,Mujer,Tlaxcala,No estudió/ Otro,Rural,60+,No,No,52498.53,No estudió,Se dedicaba al hogar,,Es usted (la persona entrevistada es jefa o jefe del hogar),,,,,,,3,Uno,Ninguno,No por falta de recursos,2,2,No,Rural,,No está de acuerdo,Sí está de acuerdo,No está de acuerdo,Sí está de acuerdo,No está de acuerdo,No está de acuerdo,Ni de acuerdo ni en desacuerdo,No está de acuerdo,Sí está de acuerdo,Sí está de acuerdo,No está de acuerdo,Sí está de acuerdo
1929,59,Mujer,Campeche,Secundaria,Rural,45-59,No,No,80264.81,Secundaria completa,Trabajó con pago,,Es usted (la persona entrevistada es jefa o jefe del hogar),,,,,,,2,Ninguno,Ninguno,No por falta de recursos,1,1,No,Rural,,Sí está de acuerdo,Sí está de acuerdo,No está de acuerdo,Sí está de acuerdo,Sí está de acuerdo,Sí está de acuerdo,No está de acuerdo,Sí está de acuerdo,Ni de acuerdo ni en desacuerdo,Sí está de acuerdo,Sí está de acuerdo,Sí está de acuerdo
1934,59,Mujer,Jalisco,Licenciatura o Ingeniería,Urbana,45-59,No,No,57429.64,Licenciatura completa,Trabajó con pago,,Es usted (la persona entrevistada es jefa o jefe del hogar),,,,,,,4,2 o más,2 o más,Sí,3,3,No,Urbana,,No sabe/No responde,Ni de acuerdo ni en desacuerdo,No está de acuerdo,No sabe/No responde,No está de acuerdo,No está de acuerdo,Ni de acuerdo ni en desacuerdo,No sabe/No responde,Ni de acuerdo ni en desacuerdo,No está de acuerdo,Sí está de acuerdo,Sí está de acuerdo
1935,57,Mujer,Chiapas,No estudió/ Otro,Rural,45-59,No,No,48010.35,Primaria completa,Trabajó con pago,,Padre o madre,,76.0,Mujer,,No estudió,,6,Uno,Ninguno,Sí,3,4,No,Rural,,No está de acuerdo,No está de acuerdo,No está de acuerdo,Sí está de acuerdo,Sí está de acuerdo,No está de acuerdo,No está de acuerdo,Sí está de acuerdo,Sí está de acuerdo,No está de acuerdo,No está de acuerdo,Sí está de acuerdo
1936,40,Mujer,Guerrero,Secundaria,Urbana,35-44,No,No,71135.01,Preparatoria incompleta,Se dedicaba al hogar,,Cónyuge o pareja,,45.0,Hombre,,Secundaria completa,,6,Uno,Ninguno,No por falta de recursos,1,2,No,Urbana,,Ni de acuerdo ni en desacuerdo,Ni de acuerdo ni en desacuerdo,Ni de acuerdo ni en desacuerdo,Ni de acuerdo ni en desacuerdo,Ni de acuerdo ni en desacuerdo,Ni de acuerdo ni en desacuerdo,Ni de acuerdo ni en desacuerdo,Sí está de acuerdo,Sí está de acuerdo,No está de acuerdo,Ni de acuerdo ni en desacuerdo,Ni de acuerdo ni en desacuerdo
1937,50,Mujer,Guerrero,No estudió/ Otro,Rural,45-59,No,Sí,40273.89,Primaria incompleta,Se dedicaba al hogar,,Es usted (la persona entrevistada es jefa o jefe del hogar),,,,,,,1,Ninguno,Ninguno,"No, no lo quieren",1,1,Sí,Rural,,No está de acuerdo,Sí está de acuerdo,No está de acuerdo,Sí está de acuerdo,Sí está de acuerdo,Sí está de acuerdo,No está de acuerdo,Sí está de acuerdo,No está de acuerdo,No está de acuerdo,Sí está de acuerdo,No está de acuerdo
1938,44,Hombre,México,Preparatoria o bachillerato,Urbana,35-44,No,No,72375.16,Preparatoria completa,Trabajó con pago,,Es usted (la persona entrevistada es jefa o jefe del hogar),,,,,,,5,2 o más,Ninguno,Sí,1,3,No,Urbana,,Sí está de acuerdo,Sí está de acuerdo,Sí está de acuerdo,No está de acuerdo,No está de acuerdo,No está de acuerdo,Sí está de acuerdo,Sí está de acuerdo,No está de acuerdo,No está de acuerdo,Sí está de acuerdo,No está de acuerdo
1939,66,Mujer,México,Primaria,Urbana,60+,No,Sí,152594.84,Primaria completa,Se dedicaba al hogar,,Es usted (la persona entrevistada es jefa o jefe del hogar),,,,,,,2,Ninguno,Ninguno,Sí,1,2,Sí,Urbana,,No está de acuerdo,Sí está de acuerdo,Sí está de acuerdo,Sí está de acuerdo,No está de acuerdo,Sí está de acuerdo,Sí está de acuerdo,Sí está de acuerdo,Sí está de acuerdo,Sí está de acuerdo,Sí está de acuerdo,Sí está de acuerdo
1940,53,Hombre,Guerrero,Secundaria,Urbana,45-59,No,No,64133.6,Secundaria completa,Trabajó con pago,,Es usted (la persona entrevistada es jefa o jefe del hogar),,,,,,,3,Uno,Uno,Sí,1,1,No,Urbana,,Sí está de acuerdo,Sí está de acuerdo,Sí está de acuerdo,Sí está de acuerdo,Sí está de acuerdo,Sí está de acuerdo,Sí está de acuerdo,Sí está de acuerdo,Sí está de acuerdo,No está de acuerdo,No está de acuerdo,Sí está de acuerdo
1942,23,Mujer,México,Secundaria,Urbana,18-24,No,No,98050.06,Preparatoria completa,Vendía o hacía algún producto para vender,,Padre o madre,,43.0,Hombre,,Secundaria completa,,7,2 o más,Ninguno,Sí,4,5 o más,No,Urbana,,Ni de acuerdo ni en desacuerdo,Ni de acuerdo ni en desacuerdo,Ni de acuerdo ni en desacuerdo,Sí está de acuerdo,Ni de acuerdo ni en desacuerdo,Sí está de acuerdo,Ni de acuerdo ni en desacuerdo,Ni de acuerdo ni en desacuerdo,Ni de acuerdo ni en desacuerdo,No está de acuerdo,Ni de acuerdo ni en desacuerdo,Ni de acuerdo ni en desacuerdo
1943,35,Hombre,México,Secundaria,Rural,35-44,No,No,90780.21,Secundaria completa,Trabajó con pago,,Es usted (la persona entrevistada es jefa o jefe del hogar),,,,,,,5,Uno,Uno,Sí,2,2,No,Rural,,No está de acuerdo,No está de acuerdo,Sí está de acuerdo,Sí está de acuerdo,Sí está de acuerdo,No está de acuerdo,Sí está de acuerdo,Sí está de acuerdo,Sí está de acuerdo,Sí está de acuerdo,Sí está de acuerdo,No está de acuerdo
1944,19,Mujer,México,Preparatoria o bachillerato,Rural,35-44,No,No,76715.65,Preparatoria incompleta,Estudiaba,,Hijo o hija,,55.0,Mujer,,Primaria completa,,4,Uno,Ninguno,"No, otra razón",1,2,No,Rural,,Sí está de acuerdo,Sí está de acuerdo,No está de acuerdo,Ni de acuerdo ni en desacuerdo,Sí está de acuerdo,No está de acuerdo,Sí está de acuerdo,Sí está de acuerdo,No está de acuerdo,No está de acuerdo,No está de acuerdo,Sí está de acuerdo
1944,41,Mujer,Ciudad de México,Primaria,Rural,18-24,No,No,134411.53,Preparatoria completa,Se dedicaba al hogar,,Es usted (la persona entrevistada es jefa o jefe del hogar),,,,,,,5,Uno,Ninguno,Sí,2,4,No,Rural,,No está de acuerdo,Sí está de acuerdo,Sí está de acuerdo,Sí está de acuerdo,No está de acuerdo,No está de acuerdo,Sí está de acuerdo,Ni de acuerdo ni en desacuerdo,No está de acuerdo,No está de acuerdo,Sí está de acuerdo,Sí está de acuerdo
1945,28,Mujer,Campeche,Preparatoria o bachillerato,Urbana,25-34,No,No,78353.47,Preparatoria completa,Se dedicaba al hogar,,Es usted (la persona entrevistada es jefa o jefe del hogar),,,,,,,3,Uno,Ninguno,Sí,1,2,No,Urbana,,No está de acuerdo,Ni de acuerdo ni en desacuerdo,Ni de acuerdo ni en desacuerdo,Sí está de acuerdo,No está de acuerdo,Sí está de acuerdo,Sí está de acuerdo,Ni de acuerdo ni en desacuerdo,No está de acuerdo,No está de acuerdo,Ni de acuerdo ni en desacuerdo,No está de acuerdo
1946,29,Mujer,México,Preparatoria o bachillerato,Urbana,25-34,No,No,95664.38,Preparatoria completa,Vendía o hacía algún producto para vender,,Es usted (la persona entrevistada es jefa o jefe del hogar),,,,,,,6,Uno,Ninguno,Sí,Ninguno,2,No,Urbana,,No está de acuerdo,No está de acuerdo,No está de acuerdo,Sí está de acuerdo,No está de acuerdo,Sí está de acuerdo,No está de acuerdo,Ni de acuerdo ni en desacuerdo,Ni de acuerdo ni en desacuerdo,No está de acuerdo,No está de acuerdo,No está de acuerdo
1949,37,Mujer,Campeche,Secundaria,Rural,35-44,No,No,70221.45,Secundaria completa,Trabajó con pago,,Es usted (la persona entrevistada es jefa o jefe del hogar),,,,,,,5,Uno,Uno,Sí,2,2,No,Rural,,Sí está de acuerdo,Ni de acuerdo ni en desacuerdo,Ni de acuerdo ni en desacuerdo,Sí está de acuerdo,Ni de acuerdo ni en desacuerdo,No está de acuerdo,Ni de acuerdo ni en desacuerdo,Sí está de acuerdo,Sí está de acuerdo,No está de acuerdo,No está de acuerdo,Ni de acuerdo ni en desacuerdo
1956,68,Mujer,Ciudad de México,Licenciatura o Ingeniería,Urbana,60+,No,No,70650.91,Licenciatura completa,Trabajó con pago,,Es usted (la persona entrevistada es jefa o jefe del hogar),,,,,,,4,2 o más,2 o más,Sí,3,2,No,Urbana,,No está de acuerdo,No está de acuerdo,Sí está de acuerdo,Sí está de acuerdo,Sí está de acuerdo,No está de acuerdo,Sí está de acuerdo,No está de acuerdo,Sí está de acuerdo,No está de acuerdo,Sí está de acuerdo,Sí está de acuerdo
1962,41,Hombre,Sonora,Preparatoria o bachillerato,Urbana,35-44,No,No,61467.06,Licenciatura completa,Trabajó con pago,,Cónyuge o pareja,,38.0,Mujer,,Preparatoria completa,,5,Uno,Uno,Sí,2,3,No,Urbana,,No está de acuerdo,No está de acuerdo,Sí está de acuerdo,No está de acuerdo,No está de acuerdo,No está de acuerdo,Ni de acuerdo ni en desacuerdo,Ni de acuerdo ni en desacuerdo,Ni de acuerdo ni en desacuerdo,Ni de acuerdo ni en desacuerdo,Sí está de acuerdo,Sí está de acuerdo
1967,28,Mujer,Jalisco,No sabe o no responde,Rural,25-34,No,No,59818.35,Secundaria completa,Se dedicaba al hogar,,"[Esp.] Otro, especifique",NIETA,73.0,Hombre,,No sabe/No responde,,7,Ninguno,Ninguno,Sí,3,2,No,Rural,,Ni de acuerdo ni en desacuerdo,Ni de acuerdo ni en desacuerdo,Ni de acuerdo ni en desacuerdo,Sí está de acuerdo,Ni de acuerdo ni en desacuerdo,Ni de acuerdo ni en desacuerdo,No sabe/No responde,No sabe/No responde,Ni de acuerdo ni en desacuerdo,No está de acuerdo,No está de acuerdo,No está de acuerdo
1971,22,Hombre,Jalisco,No estudió/ Otro,Rural,18-24,No,Sí,48093.95,Primaria incompleta,Trabajó con pago,,Es usted (la persona entrevistada es jefa o jefe del hogar),,,,,,,4,Uno,Ninguno,Sí,2,2,Sí,Rural,,Sí está de acuerdo,No está de acuerdo,No está de acuerdo,No está de acuerdo,No está de acuerdo,Sí está de acuerdo,Sí está de acuerdo,No está de acuerdo,Sí está de acuerdo,Sí está de acuerdo,Sí está de acuerdo,Ni de acuerdo ni en desacuerdo
1972,37,Mujer,Ciudad de México,Carrera técnica o comercial,Urbana,60+,No,No,89115.89,Licenciatura completa,Trabajó con pago,,Cónyuge o pareja,,38.0,Hombre,,Licenciatura completa,,3,2 o más,Uno,Sí,2,2,No,Urbana,,No está de acuerdo,No está de acuerdo,Sí está de acuerdo,Sí está de acuerdo,No está de acuerdo,No está de acuerdo,Sí está de acuerdo,Sí está de acuerdo,Ni de acuerdo ni en desacuerdo,Sí está de acuerdo,Sí está de acuerdo,Sí está de acuerdo
1972,60,Mujer,México,Licenciatura o Ingeniería,Urbana,35-44,No,Sí,54416.22,Carrera comercial,Trabajó con pago,,Es usted (la persona entrevistada es jefa o jefe del hogar),,,,,,,5,Uno,Uno,Sí,3,2,Sí,Urbana,,No está de acuerdo,Sí está de acuerdo,Sí está de acuerdo,No está de acuerdo,Sí está de acuerdo,Ni de acuerdo ni en desacuerdo,Sí está de acuerdo,No está de acuerdo,Sí está de acuerdo,Sí está de acuerdo,No está de acuerdo,Sí está de acuerdo
1974,45,Mujer,México,Maestría o especialidad,Rural,45-59,No,No,26808.65,Diplomado o maestría,Trabajó con pago,,Es usted (la persona entrevistada es jefa o jefe del hogar),,,,,,,3,2 o más,Ninguno,Sí,2,2,No,Rural,,Sí está de acuerdo,Sí está de acuerdo,No está de acuerdo,Sí está de acuerdo,No está de acuerdo,No está de acuerdo,No está de acuerdo,Sí está de acuerdo,Sí está de acuerdo,No está de acuerdo,Sí está de acuerdo,No está de acuerdo
1976,79,Hombre,Jalisco,Primaria,Urbana,60+,No,No,99957.93,Primaria completa,Era jubilado o pensionado(a) (Programa Adultos Mayores),,Es usted (la persona entrevistada es jefa o jefe del hogar),,,,,,,2,Uno,Ninguno,No sabe/No responde,Ninguno,1,No,Urbana,,Sí está de acuerdo,Ni de acuerdo ni en desacuerdo,Sí está de acuerdo,No sabe/No responde,Ni de acuerdo ni en desacuerdo,Sí está de acuerdo,Sí está de acuerdo,Ni de acuerdo ni en desacuerdo,Ni de acuerdo ni en desacuerdo,No está de acuerdo,Ni de acuerdo ni en desacuerdo,No sabe/No responde
1979,57,Hombre,Sonora,Primaria,Urbana,45-59,No,No,89992.33,Primaria completa,Trabajó con pago,,Es usted (la persona entrevistada es jefa o jefe del hogar),,,,,,,4,Uno,Uno,Sí,No sabe/No responde,2,No,Urbana,,Sí está de acuerdo,Sí está de acuerdo,No sabe/No responde,No sabe/No responde,No está de acuerdo,No está de acuerdo,No está de acuerdo,Sí está de acuerdo,Sí está de acuerdo,No sabe/No responde,Sí está de acuerdo,Sí está de acuerdo
1987,18,Mujer,Jalisco,Secundaria,Urbana,18-24,No,No,101607.1,Preparatoria completa,Trabajó con pago,,Hijo o hija,,43.0,Hombre,,Secundaria completa,,5,Ninguno,Uno,Sí,1,2,No,Urbana,,Ni de acuerdo ni en desacuerdo,Sí está de acuerdo,No está de acuerdo,Sí está de acuerdo,Ni de acuerdo ni en desacuerdo,No está de acuerdo,Ni de acuerdo ni en desacuerdo,Ni de acuerdo ni en desacuerdo,Ni de acuerdo ni en desacuerdo,No está de acuerdo,Sí está de acuerdo,Sí está de acuerdo
1988,55,Hombre,Ciudad de México,Licenciatura o Ingeniería,Urbana,45-59,No,No,49060.34,Licenciatura completa,Trabajó con pago,,Es usted (la persona entrevistada es jefa o jefe del hogar),,,,,,,5,2 o más,2 o más,Sí,1,4,No,Urbana,,No sabe/No responde,Sí está de acuerdo,Sí está de acuerdo,Sí está de acuerdo,No está de acuerdo,No está de acuerdo,No sabe/No responde,No sabe/No responde,No sabe/No responde,No sabe/No responde,No sabe/No responde,Sí está de acuerdo
1989,69,Hombre,México,Licenciatura o Ingeniería,Urbana,60+,No,Sí,39791.95,Licenciatura completa,Era jubilado o pensionado(a) (Programa Adultos Mayores),,Es usted (la persona entrevistada es jefa o jefe del hogar),,,,,,,2,2 o más,Uno,Sí,Ninguno,3,Sí,Urbana,,No está de acuerdo,Sí está de acuerdo,No está de acuerdo,No está de acuerdo,No está de acuerdo,No está de acuerdo,No está de acuerdo,No está de acuerdo,Sí está de acuerdo,Sí está de acuerdo,Sí está de acuerdo,Sí está de acuerdo
1990,62,Mujer,Jalisco,Preparatoria o bachillerato,Rural,60+,No,Sí,91965.67,Preparatoria completa,Era jubilado o pensionado(a) (Programa Adultos Mayores),,Es usted (la persona entrevistada es jefa o jefe del hogar),,,,,,,1,Uno,Ninguno,Sí,Ninguno,1,Sí,Rural,,Sí está de acuerdo,No está de acuerdo,Sí está de acuerdo,Sí está de acuerdo,Ni de acuerdo ni en desacuerdo,Ni de acuerdo ni en desacuerdo,Ni de acuerdo ni en desacuerdo,Sí está de acuerdo,Sí está de acuerdo,No está de acuerdo,Ni de acuerdo ni en desacuerdo,Sí está de acuerdo
1995,37,Hombre,México,Maestría o especialidad,Urbana,35-44,No,No,24834.13,Diplomado o maestría,Trabajó con pago,,Es usted (la persona entrevistada es jefa o jefe del hogar),,,,,,,6,Uno,2 o más,Sí,2,3,No,Urbana,,Sí está de acuerdo,Sí está de acuerdo,No está de acuerdo,Sí está de acuerdo,No está de acuerdo,No está de acuerdo,No está de acuerdo,Sí está de acuerdo,Sí está de acuerdo,No está de acuerdo,Sí está de acuerdo,Sí está de acuerdo
1998,65,Hombre,Jalisco,Preparatoria o bachillerato,Urbana,60+,No,No,58133.57,Licenciatura incompleta,Trabajó con pago,,Es usted (la persona entrevistada es jefa o jefe del hogar),,,,,,,5,Uno,Uno,Sí,2,3,No,Urbana,,No está de acuerdo,Sí está de acuerdo,No está de acuerdo,No está de acuerdo,Sí está de acuerdo,No está de acuerdo,Sí está de acuerdo,No está de acuerdo,Sí está de acuerdo,No está de acuerdo,Sí está de acuerdo,Sí está de acuerdo
1999,55,Hombre,Ciudad de México,Secundaria,Urbana,45-59,No,Sí,86753.66,Secundaria completa,Trabajó con pago,,Es usted (la persona entrevistada es jefa o jefe del hogar),,,,,,,1,Uno,Ninguno,"No, no lo quieren",1,1,Sí,Urbana,,Sí está de acuerdo,No está de acuerdo,Sí está de acuerdo,Sí está de acuerdo,No está de acuerdo,Sí está de acuerdo,No está de acuerdo,No está de acuerdo,No está de acuerdo,No sabe/No responde,Sí está de acuerdo,Ni de acuerdo ni en desacuerdo
2000,79,Hombre,Sonora,Carrera técnica o comercial,Urbana,60+,No,No,47842.0,Carrera técnica,Trabajó con pago,,Es usted (la persona entrevistada es jefa o jefe del hogar),,,,,,,2,2 o más,Uno,Sí,2,4,No,Urbana,,Sí está de acuerdo,Sí está de acuerdo,Ni de acuerdo ni en desacuerdo,Ni de acuerdo ni en desacuerdo,No está de acuerdo,Ni de acuerdo ni en desacuerdo,Sí está de acuerdo,No sabe/No responde,Ni de acuerdo ni en desacuerdo,No está de acuerdo,Sí está de acuerdo,Sí está de acuerdo
2004,34,Mujer,Ciudad de México,Licenciatura o Ingeniería,No sabe/No responde,35-44,No sabe/No responde,No sabe/No responde,54416.22,Licenciatura completa,Trabajó con pago,,Es usted (la persona entrevistada es jefa o jefe del hogar),,,,,,,1,No sabe/No responde,No sabe/No responde,No sabe/No responde,1,No sabe/No responde,No sabe/No responde,No sabe/No responde,,Ni de acuerdo ni en desacuerdo,Ni de acuerdo ni en desacuerdo,No está de acuerdo,No está de acuerdo,No está de acuerdo,No está de acuerdo,Ni de acuerdo ni en desacuerdo,No está de acuerdo,No está de acuerdo,No está de acuerdo,No está de acuerdo,Ni de acuerdo ni en desacuerdo
2004,37,Hombre,Ciudad de México,Licenciatura o Ingeniería,Urbana,25-34,No,No,58560.85,Licenciatura completa,Trabajó con pago,,Cónyuge o pareja,,37.0,Hombre,,Licenciatura completa,,2,Uno,Uno,Sí,2,1,No,Urbana,,No está de acuerdo,Ni de acuerdo ni en desacuerdo,Ni de acuerdo ni en desacuerdo,Ni de acuerdo ni en desacuerdo,No está de acuerdo,No está de acuerdo,No está de acuerdo,No está de acuerdo,Sí está de acuerdo,Ni de acuerdo ni en desacuerdo,Ni de acuerdo ni en desacuerdo,Sí está de acuerdo
2007,50,Hombre,México,Secundaria,Urbana,45-59,No,No,77297.24,Secundaria completa,Trabajó con pago,,Es usted (la persona entrevistada es jefa o jefe del hogar),,,,,,,3,2 o más,Uno,"No, no lo quieren",1,3,No,Urbana,,Ni de acuerdo ni en desacuerdo,Ni de acuerdo ni en desacuerdo,No está de acuerdo,Sí está de acuerdo,Ni de acuerdo ni en desacuerdo,No está de acuerdo,No está de acuerdo,Ni de acuerdo ni en desacuerdo,No está de acuerdo,Ni de acuerdo ni en desacuerdo,No está de acuerdo,Ni de acuerdo ni en desacuerdo
2009,29,Mujer,Jalisco,Preparatoria o bachillerato,Urbana,25-34,No,Sí,99134.87,Preparatoria completa,Trabajó con pago,,Cónyuge o pareja,,34.0,Hombre,,Preparatoria completa,,4,Uno,Ninguno,Sí,2,2,Sí,Urbana,,Sí está de acuerdo,No está de acuerdo,Ni de acuerdo ni en desacuerdo,No está de acuerdo,No está de acuerdo,Sí está de acuerdo,Ni de acuerdo ni en desacuerdo,Sí está de acuerdo,Sí está de acuerdo,No está de acuerdo,Sí está de acuerdo,Sí está de acuerdo
2014,46,Mujer,Ciudad de México,Licenciatura o Ingeniería,Urbana,35-44,No,No,50492.12,Licenciatura completa,Trabajó con pago,,Es usted (la persona entrevistada es jefa o jefe del hogar),,,,,,,4,Uno,Uno,Sí,3,3,No,Urbana,,Ni de acuerdo ni en desacuerdo,Sí está de acuerdo,No está de acuerdo,Ni de acuerdo ni en desacuerdo,No está de acuerdo,Ni de acuerdo ni en desacuerdo,No está de acuerdo,Ni de acuerdo ni en desacuerdo,No está de acuerdo,No está de acuerdo,Ni de acuerdo ni en desacuerdo,No está de acuerdo
2014,43,Mujer,Sinaloa,Licenciatura o Ingeniería,Urbana,45-59,No,No,62199.05,Licenciatura completa,Trabajó con pago,,Es usted (la persona entrevistada es jefa o jefe del hogar),,,,,,,4,Uno,2 o más,Sí,1,3,No,Urbana,,Ni de acuerdo ni en desacuerdo,Sí está de acuerdo,Sí está de acuerdo,Sí está de acuerdo,Sí está de acuerdo,Sí está de acuerdo,Sí está de acuerdo,Sí está de acuerdo,Ni de acuerdo ni en desacuerdo,No está de acuerdo,Sí está de acuerdo,Sí está de acuerdo
2019,39,Hombre,México,Secundaria,Urbana,35-44,No,No,90780.21,Secundaria completa,Trabajó con pago,,Es usted (la persona entrevistada es jefa o jefe del hogar),,,,,,,1,Uno,Ninguno,Sí,1,No sabe/No responde,No,Urbana,,No está de acuerdo,Sí está de acuerdo,Sí está de acuerdo,Sí está de acuerdo,Sí está de acuerdo,No está de acuerdo,Sí está de acuerdo,Ni de acuerdo ni en desacuerdo,Sí está de acuerdo,No está de acuerdo,No está de acuerdo,Sí está de acuerdo
2021,47,Hombre,Ciudad de México,Licenciatura o Ingeniería,Rural,45-59,No,No,49060.34,Licenciatura completa,Trabajó con pago,,Es usted (la persona entrevistada es jefa o jefe del hogar),,,,,,,4,Uno,2 o más,Sí,4,3,No,Rural,,Sí está de acuerdo,Sí está de acuerdo,Sí está de acuerdo,No está de acuerdo,No está de acuerdo,Sí está de acuerdo,Sí está de acuerdo,Sí está de acuerdo,Sí está de acuerdo,Sí está de acuerdo,No está de acuerdo,Sí está de acuerdo
2023,31,Hombre,México,Primaria,Urbana,25-34,Sí,Sí,126482.21,Secundaria incompleta,Trabajó con pago,,Es usted (la persona entrevistada es jefa o jefe del hogar),,,,,,,3,Ninguno,Ninguno,Sí,4,1,Sí,Urbana,,No está de acuerdo,Sí está de acuerdo,Sí está de acuerdo,No está de acuerdo,No está de acuerdo,Sí está de acuerdo,No está de acuerdo,No está de acuerdo,No está de acuerdo,Sí está de acuerdo,Ni de acuerdo ni en desacuerdo,Sí está de acuerdo
2025,74,Hombre,Sonora,No estudió/ Otro,Rural,60+,No,Sí,29599.89,Primaria incompleta,Trabajó con pago,,Es usted (la persona entrevistada es jefa o jefe del hogar),,,,,,,2,Ninguno,Ninguno,No por falta de recursos,1,1,Sí,Rural,,Sí está de acuerdo,Sí está de acuerdo,Sí está de acuerdo,No está de acuerdo,No está de acuerdo,No está de acuerdo,Ni de acuerdo ni en desacuerdo,No sabe/No responde,Sí está de acuerdo,No está de acuerdo,Sí está de acuerdo,Sí está de acuerdo
2027,78,Mujer,Ciudad de México,Preparatoria o bachillerato,Urbana,25-34,No,No,105089.29,Diplomado o maestría,Era jubilado o pensionado(a) (Programa Adultos Mayores),,Cónyuge o pareja,,76.0,Mujer,,Diplomado o maestría,,3,2 o más,Uno,Sí,1,3,No,Urbana,,No está de acuerdo,No está de acuerdo,No está de acuerdo,No está de acuerdo,No está de acuerdo,No está de acuerdo,Sí está de acuerdo,Sí está de acuerdo,Sí está de acuerdo,No está de acuerdo,Sí está de acuerdo,Sí está de acuerdo
2027,25,Hombre,Nayarit,Maestría o especialidad,Urbana,60+,No,No,21604.0,Licenciatura incompleta,Trabajó con pago,,Es usted (la persona entrevistada es jefa o jefe del hogar),,,,,,,3,Uno,Ninguno,Sí,2,1,No,Urbana,,No está de acuerdo,No está de acuerdo,No está de acuerdo,Sí está de acuerdo,Sí está de acuerdo,No está de acuerdo,Sí está de acuerdo,Sí está de acuerdo,Sí está de acuerdo,No está de acuerdo,No está de acuerdo,Sí está de acuerdo
2029,25,Hombre,Veracruz,Secundaria,Rural,25-34,No,No,87146.95,Preparatoria incompleta,Trabajó con pago,,Es usted (la persona entrevistada es jefa o jefe del hogar),,,,,,,1,Uno,Ninguno,Sí,1,1,No,Rural,,Sí está de acuerdo,Sí está de acuerdo,Sí está de acuerdo,Sí está de acuerdo,No está de acuerdo,No está de acuerdo,Sí está de acuerdo,Sí está de acuerdo,Sí está de acuerdo,Sí está de acuerdo,No está de acuerdo,Sí está de acuerdo
2035,54,Hombre,Veracruz,Preparatoria o bachillerato,Urbana,45-59,No,No,58206.8,Preparatoria completa,Trabajó con pago,,Es usted (la persona entrevistada es jefa o jefe del hogar),,,,,,,5,Uno,Uno,Sí,2,3,No,Urbana,,No está de acuerdo,No está de acuerdo,Sí está de acuerdo,Sí está de acuerdo,Sí está de acuerdo,Sí está de acuerdo,Sí está de acuerdo,Sí está de acuerdo,No está de acuerdo,No está de acuerdo,No está de acuerdo,No está de acuerdo
2036,23,Hombre,Veracruz,Carrera técnica o comercial,Urbana,18-24,No,No,70850.82,Carrera técnica,Ayudaba en el negocio familiar,,Es usted (la persona entrevistada es jefa o jefe del hogar),,,,,,,2,Uno,Ninguno,Sí,2,1,No,Urbana,,No está de acuerdo,Sí está de acuerdo,No está de acuerdo,No está de acuerdo,No está de acuerdo,No está de acuerdo,Ni de acuerdo ni en desacuerdo,No está de acuerdo,Sí está de acuerdo,Ni de acuerdo ni en desacuerdo,Sí está de acuerdo,Ni de acuerdo ni en desacuerdo
2037,34,Mujer,Sonora,Preparatoria o bachillerato,Urbana,25-34,No,No,81246.22,Licenciatura incompleta,Trabajó con pago,,Es usted (la persona entrevistada es jefa o jefe del hogar),,,,,,,4,2 o más,Uno,Sí,2,2,No,Urbana,,Sí está de acuerdo,Sí está de acuerdo,Sí está de acuerdo,Sí está de acuerdo,Ni de acuerdo ni en desacuerdo,No está de acuerdo,Sí está de acuerdo,No está de acuerdo,Sí está de acuerdo,Sí está de acuerdo,Sí está de acuerdo,No está de acuerdo
2039,42,Hombre,Jalisco,No estudió/ Otro,Urbana,35-44,No,No,46596.37,Carrera técnica,Trabajó con pago,,Hijo o hija,,71.0,Mujer,,Primaria incompleta,,3,Uno,Uno,Sí,1,3,No,Urbana,,Ni de acuerdo ni en desacuerdo,Ni de acuerdo ni en desacuerdo,Ni de acuerdo ni en desacuerdo,No sabe/No responde,No está de acuerdo,Sí está de acuerdo,Sí está de acuerdo,Ni de acuerdo ni en desacuerdo,Sí está de acuerdo,Sí está de acuerdo,Sí está de acuerdo,Sí está de acuerdo
2040,50,Mujer,Sonora,Secundaria,Urbana,45-59,No,No,83228.12,Secundaria completa,Se dedicaba al hogar,,Es usted (la persona entrevistada es jefa o jefe del hogar),,,,,,,1,Uno,Ninguno,No por falta de recursos,1,Ninguno,No,Urbana,,Sí está de acuerdo,Sí está de acuerdo,Sí está de acuerdo,Sí está de acuerdo,Ni de acuerdo ni en desacuerdo,Ni de acuerdo ni en desacuerdo,No está de acuerdo,Ni de acuerdo ni en desacuerdo,No está de acuerdo,Sí está de acuerdo,Ni de acuerdo ni en desacuerdo,No está de acuerdo
2043,26,Mujer,Guanajuato,Maestría o especialidad,Urbana,25-34,No,No,32596.45,Diplomado o maestría,Trabajó con pago,,Cónyuge o pareja,,2.0,Hombre,,Diplomado o maestría,,2,2 o más,Uno,Sí,2,2,No,Urbana,,Sí está de acuerdo,No está de acuerdo,Sí está de acuerdo,Sí está de acuerdo,No está de acuerdo,No está de acuerdo,Sí está de acuerdo,No está de acuerdo,Sí está de acuerdo,No está de acuerdo,Sí está de acuerdo,Sí está de acuerdo
2046,68,Mujer,Nuevo León,Licenciatura o Ingeniería,Urbana,60+,No,No,64150.66,Licenciatura completa,Trabajó con pago,,Es usted (la persona entrevistada es jefa o jefe del hogar),,,,,,,2,2 o más,Uno,Sí,1,1,No,Urbana,,Sí está de acuerdo,No está de acuerdo,Sí está de acuerdo,Sí está de acuerdo,Sí está de acuerdo,Sí está de acuerdo,No está de acuerdo,No está de acuerdo,Sí está de acuerdo,No está de acuerdo,Sí está de acuerdo,No está de acuerdo
2047,47,Hombre,Guanajuato,Primaria,Rural,45-59,No,No,105223.61,Primaria completa,Vendía o hacía algún producto para vender,,Es usted (la persona entrevistada es jefa o jefe del hogar),,,,,,,5,2 o más,2 o más,Sí,3,5 o más,No,Rural,,No está de acuerdo,Sí está de acuerdo,No está de acuerdo,Sí está de acuerdo,Sí está de acuerdo,No está de acuerdo,Sí está de acuerdo,Sí está de acuerdo,No está de acuerdo,Sí está de acuerdo,Sí está de acuerdo,No está de acuerdo
2048,22,Mujer,Ciudad de México,Licenciatura o Ingeniería,Urbana,18-24,No,No,62232.1,Licenciatura completa,Se dedicaba al hogar,,Es usted (la persona entrevistada es jefa o jefe del hogar),,,,,,,3,Uno,Ninguno,Sí,No sabe/No responde,No sabe/No responde,No,Urbana,,No está de acuerdo,Ni de acuerdo ni en desacuerdo,No está de acuerdo,No está de acuerdo,No está de acuerdo,No sabe/No responde,Sí está de acuerdo,Sí está de acuerdo,Sí está de acuerdo,No está de acuerdo,Sí está de acuerdo,Sí está de acuerdo
2049,37,Hombre,Baja California,Maestría o especialidad,Urbana,35-44,No,No,27820.3,Diplomado o maestría,Vendía o hacía algún producto para vender,,Es usted (la persona entrevistada es jefa o jefe del hogar),,,,,,,5,2 o más,2 o más,Sí,2,3,No,Urbana,,No está de acuerdo,Sí está de acuerdo,Sí está de acuerdo,No está de acuerdo,No está de acuerdo,No está de acuerdo,Sí está de acuerdo,Ni de acuerdo ni en desacuerdo,Ni de acuerdo ni en desacuerdo,No está de acuerdo,Sí está de acuerdo,Ni de acuerdo ni en desacuerdo
2052,46,Hombre,México,Doctorado,Urbana,45-59,No,No,15869.18,Doctorado,Trabajó con pago,,Es usted (la persona entrevistada es jefa o jefe del hogar),,,,,,,4,2 o más,Uno,Sí,1,3,No,Urbana,,No está de acuerdo,No está de acuerdo,No está de acuerdo,No está de acuerdo,No está de acuerdo,No está de acuerdo,Sí está de acuerdo,Sí está de acuerdo,Sí está de acuerdo,No está de acuerdo,Sí está de acuerdo,Sí está de acuerdo
2054,65,Hombre,México,No estudió/ Otro,Rural,60+,No,No,34852.76,Primaria incompleta,Trabajó con pago,,Es usted (la persona entrevistada es jefa o jefe del hogar),,,,,,,4,Ninguno,Ninguno,No por falta de recursos,1,1,No,Rural,,Sí está de acuerdo,Sí está de acuerdo,No sabe/No responde,No sabe/No responde,No está de acuerdo,No sabe/No responde,No sabe/No responde,No sabe/No responde,No sabe/No responde,No sabe/No responde,No sabe/No responde,No está de acuerdo
2055,42,Hombre,Sonora,Preparatoria o bachillerato,Urbana,18-24,No,No,74701.26,Secundaria completa,Se dedicaba al hogar,,Es usted (la persona entrevistada es jefa o jefe del hogar),,,,,,,4,Uno,Uno,Sí,1,2,No,Urbana,,No está de acuerdo,Sí está de acuerdo,No está de acuerdo,Sí está de acuerdo,No está de acuerdo,Sí está de acuerdo,No está de acuerdo,No está de acuerdo,No está de acuerdo,No está de acuerdo,Sí está de acuerdo,No está de acuerdo
2055,18,Mujer,México,Secundaria,Urbana,35-44,No,No,72813.97,Licenciatura incompleta,Estudiaba,,Padre o madre,,56.0,Hombre,,Licenciatura incompleta,,5,Uno,Ninguno,Sí,2,2,No,Urbana,,No está de acuerdo,Ni de acuerdo ni en desacuerdo,No está de acuerdo,Sí está de acuerdo,No está de acuerdo,No está de acuerdo,No está de acuerdo,Sí está de acuerdo,No está de acuerdo,Sí está de acuerdo,Ni de acuerdo ni en desacuerdo,Sí está de acuerdo
2056,21,Mujer,México,Preparatoria o bachillerato,Urbana,18-24,No,No,78171.1,Licenciatura incompleta,Estudiaba,,Es usted (la persona entrevistada es jefa o jefe del hogar),,,,,,,1,Uno,Uno,Sí,Ninguno,2,No,Urbana,,No está de acuerdo,Ni de acuerdo ni en desacuerdo,Ni de acuerdo ni en desacuerdo,Sí está de acuerdo,No está de acuerdo,No está de acuerdo,Ni de acuerdo ni en desacuerdo,No está de acuerdo,No está de acuerdo,No está de acuerdo,Sí está de acuerdo,Sí está de acuerdo
2057,18,Mujer,Colima,Licenciatura o Ingeniería,Urbana,18-24,No,No,61601.03,Preparatoria completa,Trabajó con pago,,Padre o madre,,35.0,Mujer,,Licenciatura completa,,3,Uno,Uno,Sí,2,2,No,Urbana,,Ni de acuerdo ni en desacuerdo,No está de acuerdo,Sí está de acuerdo,Sí está de acuerdo,No está de acuerdo,Ni de acuerdo ni en desacuerdo,Ni de acuerdo ni en desacuerdo,Sí está de acuerdo,Sí está de acuerdo,No está de acuerdo,Ni de acuerdo ni en desacuerdo,Ni de acuerdo ni en desacuerdo
2062,23,Hombre,Baja California,Secundaria,Urbana,18-24,No,No,104964.47,Preparatoria completa,Trabajó con pago,,"[Esp.] Otro, especifique",SOBRINO,42.0,Mujer,,Secundaria completa,,5,Uno,2 o más,Sí,4,3,No,Urbana,,Sí está de acuerdo,Ni de acuerdo ni en desacuerdo,Ni de acuerdo ni en desacuerdo,Sí está de acuerdo,No está de acuerdo,No está de acuerdo,No está de acuerdo,Sí está de acuerdo,No está de acuerdo,Sí está de acuerdo,Sí está de acuerdo,No está de acuerdo
2063,40,Mujer,Sonora,Licenciatura o Ingeniería,Urbana,35-44,No,No,41177.26,Preparatoria completa,Se dedicaba al hogar,,Hijo o hija,,80.0,Hombre,,Licenciatura completa,,3,Uno,Uno,No sabe/No responde,2,2,No,Urbana,,No está de acuerdo,Sí está de acuerdo,Sí está de acuerdo,Sí está de acuerdo,No está de acuerdo,Ni de acuerdo ni en desacuerdo,Ni de acuerdo ni en desacuerdo,Ni de acuerdo ni en desacuerdo,Ni de acuerdo ni en desacuerdo,Ni de acuerdo ni en desacuerdo,Ni de acuerdo ni en desacuerdo,Ni de acuerdo ni en desacuerdo
2066,28,Mujer,Zacatecas,Doctorado,Urbana,25-34,No,Sí,23222.47,Licenciatura completa,Trabajó con pago,,Hijo o hija,,60.0,Mujer,,Doctorado,,6,2 o más,2 o más,Sí,3,3,Sí,Urbana,,Ni de acuerdo ni en desacuerdo,No está de acuerdo,No está de acuerdo,No está de acuerdo,No está de acuerdo,No está de acuerdo,No está de acuerdo,No está de acuerdo,No está de acuerdo,No está de acuerdo,Sí está de acuerdo,Sí está de acuerdo
2071,46,Hombre,Veracruz,Secundaria,Rural,45-59,No,No,73008.83,Secundaria completa,Trabajó con pago,,Es usted (la persona entrevistada es jefa o jefe del hogar),,,,,,,4,Uno,Ninguno,"No, otra razón",1,3,No,Rural,,No está de acuerdo,Sí está de acuerdo,Sí está de acuerdo,Sí está de acuerdo,Sí está de acuerdo,Sí está de acuerdo,Sí está de acuerdo,Sí está de acuerdo,Sí está de acuerdo,Sí está de acuerdo,No está de acuerdo,Sí está de acuerdo
2073,55,Hombre,Veracruz,No estudió/ Otro,Urbana,45-59,Sí,No,36162.64,No estudió,Trabajó con pago,,Es usted (la persona entrevistada es jefa o jefe del hogar),,,,,,,3,Uno,Uno,"No, no lo quieren",Ninguno,2,No,Urbana,,No sabe/No responde,No sabe/No responde,No está de acuerdo,No sabe/No responde,Sí está de acuerdo,No sabe/No responde,No está de acuerdo,No está de acuerdo,No está de acuerdo,No sabe/No responde,No sabe/No responde,No sabe/No responde
2076,32,Hombre,Zacatecas,Secundaria,Rural,25-34,No,No,86977.5,Secundaria completa,Trabajó con pago,,Es usted (la persona entrevistada es jefa o jefe del hogar),,,,,,,7,2 o más,2 o más,"No, no lo quieren",1,5 o más,No,Rural,,No está de acuerdo,Ni de acuerdo ni en desacuerdo,Sí está de acuerdo,Sí está de acuerdo,Sí está de acuerdo,Sí está de acuerdo,Sí está de acuerdo,Sí está de acuerdo,Ni de acuerdo ni en desacuerdo,No está de acuerdo,Sí está de acuerdo,No sabe/No responde
2083,37,Hombre,Jalisco,Primaria,Urbana,35-44,No,No,128960.29,Secundaria completa,Realizaba alguna otra actividad para generar ingresos,,Padre o madre,,65.0,Mujer,,Primaria completa,,3,Uno,Uno,Sí,2,2,No,Urbana,,No está de acuerdo,No está de acuerdo,Sí está de acuerdo,Sí está de acuerdo,Sí está de acuerdo,Sí está de acuerdo,Sí está de acuerdo,Sí está de acuerdo,Sí está de acuerdo,Sí está de acuerdo,No está de acuerdo,Sí está de acuerdo
2085,40,Mujer,Jalisco,No estudió/ Otro,Urbana,60+,No,Sí,57136.3,Primaria completa,Vendía o hacía algún producto para vender,,Hijo o hija,,74.0,Hombre,,Primaria incompleta,,6,Uno,No sabe/No responde,Sí,2,2,Sí,Urbana,,Sí está de acuerdo,No está de acuerdo,No está de acuerdo,No sabe/No responde,Ni de acuerdo ni en desacuerdo,Sí está de acuerdo,Sí está de acuerdo,No sabe/No responde,No está de acuerdo,No sabe/No responde,No está de acuerdo,No está de acuerdo
2088,33,Hombre,Veracruz,Licenciatura o Ingeniería,Urbana,25-34,No,No,49282.75,Licenciatura completa,Trabajó con pago,,Es usted (la persona entrevistada es jefa o jefe del hogar),,,,,,,4,Uno,Ninguno,Sí,1,2,No,Urbana,,Sí está de acuerdo,Sí está de acuerdo,Sí está de acuerdo,Sí está de acuerdo,Sí está de acuerdo,No está de acuerdo,Sí está de acuerdo,Sí está de acuerdo,Sí está de acuerdo,No está de acuerdo,Sí está de acuerdo,Sí está de acuerdo
2093,59,Hombre,Veracruz,Licenciatura o Ingeniería,Urbana,45-59,No,No,41287.46,Licenciatura completa,Trabajó con pago,,Es usted (la persona entrevistada es jefa o jefe del hogar),,,,,,,2,2 o más,Uno,Sí,2,2,No,Urbana,,Sí está de acuerdo,Sí está de acuerdo,Sí está de acuerdo,Sí está de acuerdo,Sí está de acuerdo,No está de acuerdo,Ni de acuerdo ni en desacuerdo,Sí está de acuerdo,No sabe/No responde,No está de acuerdo,Sí está de acuerdo,Sí está de acuerdo
2095,32,Hombre,Veracruz,Secundaria,Urbana,25-34,No,No,87146.95,Secundaria completa,Trabajó con pago,,Es usted (la persona entrevistada es jefa o jefe del hogar),,,,,,,3,Uno,Uno,Sí,1,2,No,Urbana,,Sí está de acuerdo,Sí está de acuerdo,No está de acuerdo,Sí está de acuerdo,No está de acuerdo,Sí está de acuerdo,Sí está de acuerdo,No está de acuerdo,Sí está de acuerdo,No está de acuerdo,No sabe/No responde,No sabe/No responde
2097,76,Hombre,Veracruz,Primaria,Rural,60+,No,No,91107.15,Primaria completa,Se dedicaba al hogar,,Es usted (la persona entrevistada es jefa o jefe del hogar),,,,,,,2,Uno,Ninguno,No por falta de recursos,1,1,No,Rural,,No está de acuerdo,No sabe/No responde,No sabe/No responde,No sabe/No responde,No está de acuerdo,Sí está de acuerdo,No está de acuerdo,No está de acuerdo,Sí está de acuerdo,No sabe/No responde,Sí está de acuerdo,Sí está de acuerdo
2098,45,Hombre,México,Maestría o especialidad,Urbana,45-59,No,No,21145.69,Diplomado o maestría,Trabajó con pago,,Es usted (la persona entrevistada es jefa o jefe del hogar),,,,,,,3,2 o más,2 o más,No por falta de recursos,1,4,No,Urbana,,Sí está de acuerdo,No está de acuerdo,Sí está de acuerdo,Sí está de acuerdo,Ni de acuerdo ni en desacuerdo,No está de acuerdo,Ni de acuerdo ni en desacuerdo,Sí está de acuerdo,Sí está de acuerdo,Sí está de acuerdo,Sí está de acuerdo,Ni de acuerdo ni en desacuerdo
2101,36,Hombre,México,Licenciatura o Ingeniería,Urbana,35-44,No,No,51337.41,Licenciatura completa,Trabajó sin pago,,Es usted (la persona entrevistada es jefa o jefe del hogar),,,,,,,2,Uno,2 o más,Sí,2,1,No,Urbana,,Sí está de acuerdo,No está de acuerdo,Ni de acuerdo ni en desacuerdo,Sí está de acuerdo,No está de acuerdo,No está de acuerdo,Sí está de acuerdo,Ni de acuerdo ni en desacuerdo,Sí está de acuerdo,No está de acuerdo,Ni de acuerdo ni en desacuerdo,No está de acuerdo
2109,51,Mujer,México,Licenciatura o Ingeniería,Urbana,45-59,No,No,55419.16,Licenciatura completa,Era jubilado o pensionado(a) (Programa Adultos Mayores),,Es usted (la persona entrevistada es jefa o jefe del hogar),,,,,,,1,Ninguno,Ninguno,Sí,1,1,No,Urbana,,No está de acuerdo,Sí está de acuerdo,No está de acuerdo,No sabe/No responde,No está de acuerdo,No está de acuerdo,No está de acuerdo,Ni de acuerdo ni en desacuerdo,Sí está de acuerdo,Ni de acuerdo ni en desacuerdo,Sí está de acuerdo,Ni de acuerdo ni en desacuerdo
2125,22,Hombre,México,Preparatoria o bachillerato,Urbana,18-24,No,Sí,74701.26,Preparatoria completa,Vendía o hacía algún producto para vender,,Es usted (la persona entrevistada es jefa o jefe del hogar),,,,,,,5,2 o más,2 o más,Sí,3,5 o más,Sí,Urbana,,Sí está de acuerdo,Sí está de acuerdo,Sí está de acuerdo,No está de acuerdo,No está de acuerdo,Sí está de acuerdo,No sabe/No responde,Sí está de acuerdo,Sí está de acuerdo,Sí está de acuerdo,Sí está de acuerdo,No está de acuerdo
2126,60,Mujer,México,Maestría o especialidad,Urbana,60+,No,No,30451.52,Diplomado o maestría,Trabajó con pago,,Es usted (la persona entrevistada es jefa o jefe del hogar),,,,,,,1,2 o más,Uno,Sí,1,1,No,Urbana,,No está de acuerdo,Sí está de acuerdo,No está de acuerdo,No está de acuerdo,No está de acuerdo,No está de acuerdo,No está de acuerdo,No está de acuerdo,Sí está de acuerdo,No está de acuerdo,No está de acuerdo,Sí está de acuerdo
2127,68,Hombre,México,Primaria,Rural,60+,No,No,96458.63,Primaria completa,Trabajó con pago,,Es usted (la persona entrevistada es jefa o jefe del hogar),,,,,,,2,Uno,Uno,Sí,Ninguno,1,No,Rural,,No está de acuerdo,Ni de acuerdo ni en desacuerdo,No está de acuerdo,No está de acuerdo,Ni de acuerdo ni en desacuerdo,No sabe/No responde,No está de acuerdo,No está de acuerdo,No está de acuerdo,No está de acuerdo,No está de acuerdo,No está de acuerdo
2129,32,Hombre,Veracruz,Primaria,Rural,25-34,Sí,Sí,119465.04,Secundaria completa,Trabajó con pago,,Hijo o hija,,65.0,Hombre,,Primaria completa,,3,2 o más,Ninguno,No por falta de recursos,2,2,Sí,Rural,,Sí está de acuerdo,Sí está de acuerdo,Sí está de acuerdo,Sí está de acuerdo,Sí está de acuerdo,Sí está de acuerdo,Sí está de acuerdo,Sí está de acuerdo,Sí está de acuerdo,Sí está de acuerdo,Sí está de acuerdo,Sí está de acuerdo
2130,73,Mujer,Ciudad de México,Licenciatura o Ingeniería,Urbana,60+,No,No,70650.91,Licenciatura completa,Era jubilado o pensionado(a) (Programa Adultos Mayores),,Es usted (la persona entrevistada es jefa o jefe del hogar),,,,,,,3,2 o más,Uno,Sí,2,2,No,Urbana,,Sí está de acuerdo,No está de acuerdo,No está de acuerdo,Ni de acuerdo ni en desacuerdo,No está de acuerdo,Sí está de acuerdo,No está de acuerdo,Sí está de acuerdo,No está de acuerdo,No está de acuerdo,Sí está de acuerdo,Sí está de acuerdo
2134,56,Mujer,México,Primaria,Urbana,45-59,No,Sí,134340.15,Secundaria completa,Se dedicaba al hogar,,Cónyuge o pareja,,72.0,Hombre,,Primaria completa,,2,Uno,Uno,No por falta de recursos,1,1,Sí,Urbana,,Sí está de acuerdo,Ni de acuerdo ni en desacuerdo,Ni de acuerdo ni en desacuerdo,Ni de acuerdo ni en desacuerdo,Sí está de acuerdo,Ni de acuerdo ni en desacuerdo,Ni de acuerdo ni en desacuerdo,Sí está de acuerdo,Ni de acuerdo ni en desacuerdo,No está de acuerdo,Ni de acuerdo ni en desacuerdo,No está de acuerdo
2141,60,Hombre,México,Carrera técnica o comercial,Urbana,60+,No,No,56332.16,Diplomado o maestría,Trabajó con pago,,Cónyuge o pareja,,60.0,Mujer,,Carrera comercial,,2,Uno,Uno,Sí,1,3,No,Urbana,,No está de acuerdo,Sí está de acuerdo,No está de acuerdo,No está de acuerdo,No está de acuerdo,No está de acuerdo,Sí está de acuerdo,No está de acuerdo,Sí está de acuerdo,No está de acuerdo,Ni de acuerdo ni en desacuerdo,Ni de acuerdo ni en desacuerdo
2143,35,Hombre,México,Licenciatura o Ingeniería,Rural,35-44,No,No,51337.41,Licenciatura completa,Trabajó con pago,,Es usted (la persona entrevistada es jefa o jefe del hogar),,,,,,,4,Uno,Uno,Sí,Ninguno,2,No,Rural,,Ni de acuerdo ni en desacuerdo,Sí está de acuerdo,Ni de acuerdo ni en desacuerdo,Ni de acuerdo ni en desacuerdo,No está de acuerdo,No está de acuerdo,Ni de acuerdo ni en desacuerdo,Sí está de acuerdo,Sí está de acuerdo,Sí está de acuerdo,No está de acuerdo,No está de acuerdo
2144,67,Hombre,Veracruz,Licenciatura o Ingeniería,Urbana,60+,No,No,37584.31,Licenciatura completa,Era jubilado o pensionado(a) (Programa Adultos Mayores),,Es usted (la persona entrevistada es jefa o jefe del hogar),,,,,,,3,2 o más,Uno,Sí,2,3,No,Urbana,,No está de acuerdo,No está de acuerdo,Sí está de acuerdo,Sí está de acuerdo,No está de acuerdo,Sí está de acuerdo,Sí está de acuerdo,No está de acuerdo,Sí está de acuerdo,Sí está de acuerdo,Sí está de acuerdo,No está de acuerdo
2148,26,Mujer,Sinaloa,Licenciatura o Ingeniería,Urbana,25-34,No,No,70666.53,Licenciatura completa,Se dedicaba al hogar,,Es usted (la persona entrevistada es jefa o jefe del hogar),,,,,,,2,Uno,Uno,Sí,1,1,No,Urbana,,Sí está de acuerdo,Ni de acuerdo ni en desacuerdo,Sí está de acuerdo,Ni de acuerdo ni en desacuerdo,Ni de acuerdo ni en desacuerdo,Ni de acuerdo ni en desacuerdo,Sí está de acuerdo,Ni de acuerdo ni en desacuerdo,Ni de acuerdo ni en desacuerdo,No está de acuerdo,Ni de acuerdo ni en desacuerdo,Ni de acuerdo ni en desacuerdo
2149,55,Hombre,Ciudad de México,Secundaria,Urbana,45-59,No,Sí,86753.66,Licenciatura completa,Trabajó con pago,,Padre o madre,,78.0,Mujer,,Secundaria completa,,5,2 o más,Ninguno,Sí,2,4,Sí,Urbana,,No está de acuerdo,Ni de acuerdo ni en desacuerdo,Ni de acuerdo ni en desacuerdo,No está de acuerdo,Ni de acuerdo ni en desacuerdo,Ni de acuerdo ni en desacuerdo,Ni de acuerdo ni en desacuerdo,Sí está de acuerdo,No está de acuerdo,Sí está de acuerdo,Sí está de acuerdo,Ni de acuerdo ni en desacuerdo
2154,24,Mujer,Guerrero,Carrera técnica o comercial,Urbana,18-24,No,No,65128.85,Preparatoria completa,Trabajó con pago,,Padre o madre,,47.0,Mujer,,Carrera técnica,,5,2 o más,Uno,Sí,3,3,No,Urbana,,No está de acuerdo,Ni de acuerdo ni en desacuerdo,Ni de acuerdo ni en desacuerdo,No está de acuerdo,No está de acuerdo,No está de acuerdo,Ni de acuerdo ni en desacuerdo,Sí está de acuerdo,Sí está de acuerdo,Sí está de acuerdo,Sí está de acuerdo,Sí está de acuerdo
2157,40,Hombre,Jalisco,Licenciatura o Ingeniería,Urbana,35-44,No,No,53199.81,Licenciatura completa,Trabajó con pago,,Es usted (la persona entrevistada es jefa o jefe del hogar),,,,,,,4,Uno,Uno,Sí,2,2,No,Urbana,,No está de acuerdo,No está de acuerdo,No está de acuerdo,Ni de acuerdo ni en desacuerdo,No está de acuerdo,No está de acuerdo,Sí está de acuerdo,Sí está de acuerdo,Sí está de acuerdo,Sí está de acuerdo,Sí está de acuerdo,Sí está de acuerdo
2162,51,Hombre,México,Secundaria,Urbana,45-59,No,Sí,77297.24,Secundaria completa,[Esp.] Desempleado,,Es usted (la persona entrevistada es jefa o jefe del hogar),,,,,,,6,Uno,Uno,Sí,1,4,Sí,Urbana,,Sí está de acuerdo,Sí está de acuerdo,Sí está de acuerdo,Sí está de acuerdo,No está de acuerdo,Sí está de acuerdo,No está de acuerdo,No está de acuerdo,No está de acuerdo,No está de acuerdo,Sí está de acuerdo,Sí está de acuerdo
2163,61,Mujer,México,Licenciatura o Ingeniería,Urbana,60+,No,No,62949.74,Licenciatura completa,Era jubilado o pensionado(a) (Programa Adultos Mayores),,Es usted (la persona entrevistada es jefa o jefe del hogar),,,,,,,2,Uno,Uno,Sí,1,2,No,Urbana,,No está de acuerdo,Ni de acuerdo ni en desacuerdo,Ni de acuerdo ni en desacuerdo,Ni de acuerdo ni en desacuerdo,No está de acuerdo,No está de acuerdo,Sí está de acuerdo,Sí está de acuerdo,Sí está de acuerdo,No está de acuerdo,Ni de acuerdo ni en desacuerdo,Sí está de acuerdo
2170,67,Hombre,Querétaro,Licenciatura o Ingeniería,Urbana,60+,No,No,34038.03,Licenciatura completa,Era jubilado o pensionado(a) (Programa Adultos Mayores),,Es usted (la persona entrevistada es jefa o jefe del hogar),,,,,,,5,2 o más,2 o más,Sí,1,4,No,Urbana,,No está de acuerdo,Ni de acuerdo ni en desacuerdo,Ni de acuerdo ni en desacuerdo,Sí está de acuerdo,No está de acuerdo,No está de acuerdo,Ni de acuerdo ni en desacuerdo,No está de acuerdo,Sí está de acuerdo,No está de acuerdo,No está de acuerdo,Sí está de acuerdo
2175,48,Mujer,Querétaro,Secundaria,Rural,45-59,No,Sí,83827.48,Secundaria completa,Trabajó con pago,,Es usted (la persona entrevistada es jefa o jefe del hogar),,,,,,,5,Ninguno,Ninguno,No por falta de recursos,2,3,Sí,Rural,,Sí está de acuerdo,Ni de acuerdo ni en desacuerdo,Ni de acuerdo ni en desacuerdo,Sí está de acuerdo,No está de acuerdo,Sí está de acuerdo,Sí está de acuerdo,Sí está de acuerdo,Sí está de acuerdo,Ni de acuerdo ni en desacuerdo,No está de acuerdo,Ni de acuerdo ni en desacuerdo
2176,62,Hombre,México,No estudió/ Otro,Rural,60+,No,Sí,34852.76,Primaria incompleta,[Esp.] Ya no trabaja,,Es usted (la persona entrevistada es jefa o jefe del hogar),,,,,,,3,Ninguno,Ninguno,No por falta de recursos,2,1,Sí,Rural,,Ni de acuerdo ni en desacuerdo,Sí está de acuerdo,Sí está de acuerdo,Sí está de acuerdo,Ni de acuerdo ni en desacuerdo,No está de acuerdo,No está de acuerdo,Ni de acuerdo ni en desacuerdo,Sí está de acuerdo,Sí está de acuerdo,Sí está de acuerdo,Sí está de acuerdo
2177,35,Mujer,México,Primaria,Urbana,35-44,No,Sí,117530.46,Preparatoria incompleta,Estaba de incapacidad o en vacaciones,,Padre o madre,,56.0,Mujer,,Primaria completa,,6,Ninguno,Ninguno,Sí,3,3,Sí,Urbana,,Sí está de acuerdo,Sí está de acuerdo,Sí está de acuerdo,Sí está de acuerdo,No está de acuerdo,Sí está de acuerdo,Sí está de acuerdo,No está de acuerdo,No está de acuerdo,No está de acuerdo,Sí está de acuerdo,No está de acuerdo
2185,56,Hombre,Querétaro,Primaria,Rural,45-59,No,No,90640.41,Primaria completa,Trabajó con pago,,Es usted (la persona entrevistada es jefa o jefe del hogar),,,,,,,8,2 o más,No sabe/No responde,Sí,1,3,No,Rural,,No está de acuerdo,No está de acuerdo,No está de acuerdo,Sí está de acuerdo,Sí está de acuerdo,Sí está de acuerdo,No está de acuerdo,Sí está de acuerdo,Sí está de acuerdo,No está de acuerdo,Sí está de acuerdo,No está de acuerdo
2190,20,Hombre,Ciudad de México,Secundaria,Urbana,18-24,No,No,105160.68,Preparatoria completa,Trabajó con pago,,Hijo o hija,,50.0,Hombre,,Secundaria completa,,7,2 o más,Uno,Sí,1,3,No,Urbana,,No está de acuerdo,No está de acuerdo,Sí está de acuerdo,Sí está de acuerdo,Sí está de acuerdo,No está de acuerdo,No está de acuerdo,Ni de acuerdo ni en desacuerdo,Ni de acuerdo ni en desacuerdo,No está de acuerdo,Sí está de acuerdo,No está de acuerdo
2199,51,Hombre,Querétaro,Secundaria,Rural,25-34,No,No,92265.81,Primaria incompleta,Se dedicaba al hogar,,Es usted (la persona entrevistada es jefa o jefe del hogar),,,,,,,2,Uno,Ninguno,Sí,Ninguno,1,No,Rural,,Sí está de acuerdo,Sí está de acuerdo,No sabe/No responde,Sí está de acuerdo,No está de acuerdo,Sí está de acuerdo,Sí está de acuerdo,No está de acuerdo,No está de acuerdo,No está de acuerdo,Sí está de acuerdo,Sí está de acuerdo
2199,29,Mujer,México,No estudió/ Otro,Urbana,45-59,No,No,41521.32,Secundaria completa,Trabajó con pago,,Es usted (la persona entrevistada es jefa o jefe del hogar),,,,,,,2,Uno,Uno,Sí,1,2,No,Urbana,,No está de acuerdo,No está de acuerdo,No está de acuerdo,Ni de acuerdo ni en desacuerdo,No sabe/No responde,No está de acuerdo,No está de acuerdo,Sí está de acuerdo,No sabe/No responde,Sí está de acuerdo,Sí está de acuerdo,Sí está de acuerdo
2206,30,Hombre,México,Licenciatura o Ingeniería,Urbana,25-34,Sí,No,52177.54,Licenciatura completa,Trabajó con pago,,Es usted (la persona entrevistada es jefa o jefe del hogar),,,,,,,5,Uno,Uno,No por falta de recursos,4,5 o más,No,Urbana,,Sí está de acuerdo,Ni de acuerdo ni en desacuerdo,Sí está de acuerdo,Sí está de acuerdo,No está de acuerdo,No está de acuerdo,No está de acuerdo,Sí está de acuerdo,Sí está de acuerdo,No está de acuerdo,Sí está de acuerdo,Sí está de acuerdo
2209,18,Mujer,Querétaro,Primaria,Rural,18-24,Sí,Sí,114975.61,Primaria completa,Se dedicaba al hogar,,Es usted (la persona entrevistada es jefa o jefe del hogar),,,,,,,1,Uno,Ninguno,Sí,Ninguno,1,Sí,Rural,,No está de acuerdo,No está de acuerdo,No está de acuerdo,No sabe/No responde,No está de acuerdo,No sabe/No responde,No está de acuerdo,Ni de acuerdo ni en desacuerdo,Ni de acuerdo ni en desacuerdo,No sabe/No responde,Sí está de acuerdo,No está de acuerdo
2219,60,Mujer,Querétaro,Secundaria,Rural,60+,Sí,Sí,95218.3,Secundaria completa,Trabajó sin pago,,Es usted (la persona entrevistada es jefa o jefe del hogar),,,,,,,6,Ninguno,Ninguno,No por falta de recursos,2,2,Sí,Rural,,Sí está de acuerdo,No está de acuerdo,Ni de acuerdo ni en desacuerdo,Sí está de acuerdo,Sí está de acuerdo,Sí está de acuerdo,Sí está de acuerdo,Sí está de acuerdo,Sí está de acuerdo,Sí está de acuerdo,Sí está de acuerdo,Sí está de acuerdo
2223,41,Hombre,Tamaulipas,Licenciatura o Ingeniería,Urbana,35-44,No,No,47771.26,Licenciatura completa,Trabajó con pago,,Es usted (la persona entrevistada es jefa o jefe del hogar),,,,,,,4,2 o más,2 o más,Sí,1,2,No,Urbana,,No está de acuerdo,No está de acuerdo,Sí está de acuerdo,Sí está de acuerdo,No está de acuerdo,No está de acuerdo,Sí está de acuerdo,No está de acuerdo,Sí está de acuerdo,No está de acuerdo,Sí está de acuerdo,No está de acuerdo
2225,70,Hombre,México,Secundaria,Urbana,60+,No,Sí,70364.31,Secundaria completa,Era jubilado o pensionado(a) (Programa Adultos Mayores),,Es usted (la persona entrevistada es jefa o jefe del hogar),,,,,,,1,Uno,Ninguno,Sí,Ninguno,3,Sí,Urbana,,Sí está de acuerdo,No está de acuerdo,Sí está de acuerdo,Ni de acuerdo ni en desacuerdo,No está de acuerdo,No está de acuerdo,No está de acuerdo,Sí está de acuerdo,Ni de acuerdo ni en desacuerdo,Ni de acuerdo ni en desacuerdo,Sí está de acuerdo,No está de acuerdo
2229,28,Hombre,Querétaro,Preparatoria o bachillerato,Urbana,45-59,No,No,61625.77,Licenciatura incompleta,Trabajó con pago,,Hijo o hija,,54.0,Hombre,,Licenciatura completa,,2,Uno,2 o más,Sí,2,2,No,Urbana,,Sí está de acuerdo,No está de acuerdo,Sí está de acuerdo,Sí está de acuerdo,No está de acuerdo,Sí está de acuerdo,Sí está de acuerdo,No está de acuerdo,No está de acuerdo,No está de acuerdo,Sí está de acuerdo,Sí está de acuerdo
2229,50,Hombre,México,Licenciatura o Ingeniería,Rural,25-34,No,No,44632.66,Preparatoria completa,Trabajó con pago,,Es usted (la persona entrevistada es jefa o jefe del hogar),,,,,,,3,2 o más,Uno,Sí,3,3,No,Rural,,No está de acuerdo,No está de acuerdo,No está de acuerdo,No está de acuerdo,No está de acuerdo,No está de acuerdo,Sí está de acuerdo,Sí está de acuerdo,No está de acuerdo,Sí está de acuerdo,Sí está de acuerdo,Sí está de acuerdo
2230,69,Hombre,Querétaro,Preparatoria o bachillerato,Urbana,60+,No,No,47986.61,Preparatoria completa,Era jubilado o pensionado(a) (Programa Adultos Mayores),,Es usted (la persona entrevistada es jefa o jefe del hogar),,,,,,,1,Uno,Ninguno,Sí,1,2,No,Urbana,,No está de acuerdo,No está de acuerdo,Sí está de acuerdo,Sí está de acuerdo,No está de acuerdo,No está de acuerdo,No está de acuerdo,Ni de acuerdo ni en desacuerdo,Ni de acuerdo ni en desacuerdo,No está de acuerdo,Sí está de acuerdo,Ni de acuerdo ni en desacuerdo
2240,18,Hombre,México,Primaria,Urbana,18-24,No,No,128445.29,Preparatoria incompleta,Trabajó con pago,,Padre o madre,,44.0,Mujer,,Primaria completa,,3,2 o más,Ninguno,Sí,3,3,No,Urbana,,Sí está de acuerdo,Sí está de acuerdo,Ni de acuerdo ni en desacuerdo,No está de acuerdo,No está de acuerdo,No está de acuerdo,Ni de acuerdo ni en desacuerdo,Sí está de acuerdo,Sí está de acuerdo,No está de acuerdo,No está de acuerdo,Sí está de acuerdo
2247,26,Mujer,México,Secundaria,Urbana,25-34,No,No,119991.89,Preparatoria incompleta,Se dedicaba al hogar,,Es usted (la persona entrevistada es jefa o jefe del hogar),,,,,,,5,Uno,Uno,Sí,2,3,No,Urbana,,No está de acuerdo,Sí está de acuerdo,No está de acuerdo,No está de acuerdo,Sí está de acuerdo,No está de acuerdo,Sí está de acuerdo,Sí está de acuerdo,Sí está de acuerdo,Ni de acuerdo ni en desacuerdo,Sí está de acuerdo,Sí está de acuerdo
2256,51,Hombre,México,Primaria,Rural,45-59,Sí,Sí,105962.6,Primaria completa,Trabajó con pago,,Es usted (la persona entrevistada es jefa o jefe del hogar),,,,,,,4,Ninguno,Ninguno,No por falta de recursos,1,2,Sí,Rural,,No está de acuerdo,Sí está de acuerdo,Sí está de acuerdo,Sí está de acuerdo,No está de acuerdo,Sí está de acuerdo,Sí está de acuerdo,No está de acuerdo,Sí está de acuerdo,No está de acuerdo,Sí está de acuerdo,Sí está de acuerdo
2266,68,Hombre,Veracruz,Carrera técnica o comercial,Rural,60+,No,No,53206.88,Carrera técnica,Trabajó con pago,,Es usted (la persona entrevistada es jefa o jefe del hogar),,,,,,,2,2 o más,Uno,Sí,1,4,No,Rural,,No está de acuerdo,Sí está de acuerdo,No está de acuerdo,No está de acuerdo,Sí está de acuerdo,No está de acuerdo,Sí está de acuerdo,No está de acuerdo,Sí está de acuerdo,No está de acuerdo,Sí está de acuerdo,Sí está de acuerdo
2268,20,Hombre,Veracruz,Preparatoria o bachillerato,Rural,18-24,No,No,70556.87,Preparatoria completa,Trabajó con pago,,Padre o madre,,38.0,Mujer,,Preparatoria completa,,4,2 o más,2 o más,Sí,2,3,No,Rural,,Sí está de acuerdo,Sí está de acuerdo,No está de acuerdo,Sí está de acuerdo,Sí está de acuerdo,Sí está de acuerdo,Sí está de acuerdo,No está de acuerdo,No está de acuerdo,Sí está de acuerdo,No está de acuerdo,Sí está de acuerdo
2269,35,Hombre,Veracruz,Preparatoria o bachillerato,Urbana,35-44,No,No,68359.82,Preparatoria completa,Trabajó con pago,,Es usted (la persona entrevistada es jefa o jefe del hogar),,,,,,,5,Uno,Uno,Sí,1,2,No,Urbana,,No está de acuerdo,No está de acuerdo,Sí está de acuerdo,Sí está de acuerdo,Sí está de acuerdo,Sí está de acuerdo,Sí está de acuerdo,Sí está de acuerdo,Sí está de acuerdo,No está de acuerdo,Sí está de acuerdo,No está de acuerdo
2270,60,Mujer,México,Primaria,Rural,60+,No,No,152594.84,Primaria completa,Trabajó con pago,,Es usted (la persona entrevistada es jefa o jefe del hogar),,,,,,,11,Uno,Ninguno,Sí,3,2,No,Rural,,Sí está de acuerdo,Sí está de acuerdo,Sí está de acuerdo,Sí está de acuerdo,No está de acuerdo,Sí está de acuerdo,Sí está de acuerdo,Sí está de acuerdo,No está de acuerdo,No está de acuerdo,No está de acuerdo,No está de acuerdo
2271,27,Hombre,Ciudad de México,Preparatoria o bachillerato,Urbana,25-34,No,No sabe/No responde,82558.73,Licenciatura incompleta,Trabajó con pago,,Hijo o hija,,50.0,Mujer,,Preparatoria completa,,8,2 o más,Ninguno,Sí,5 o más,5 o más,No sabe/No responde,Urbana,,Sí está de acuerdo,No está de acuerdo,Sí está de acuerdo,Sí está de acuerdo,Sí está de acuerdo,No está de acuerdo,No está de acuerdo,Sí está de acuerdo,Sí está de acuerdo,No está de acuerdo,Sí está de acuerdo,No está de acuerdo
2271,52,Hombre,México,Primaria,Urbana,45-59,No,Sí,105962.6,Primaria completa,Trabajó con pago,,Cónyuge o pareja,,53.0,Mujer,,Primaria completa,,7,Uno,Uno,Sí,2,3,Sí,Urbana,,No está de acuerdo,Sí está de acuerdo,No está de acuerdo,No está de acuerdo,No está de acuerdo,No está de acuerdo,No está de acuerdo,Sí está de acuerdo,Sí está de acuerdo,Sí está de acuerdo,Sí está de acuerdo,No está de acuerdo
2272,34,Mujer,México,Licenciatura o Ingeniería,Urbana,25-34,No,No,67857.0,Licenciatura completa,Estudiaba,,Cónyuge o pareja,,34.0,Hombre,,Licenciatura completa,,2,Uno,Ninguno,Sí,2,2,No,Urbana,,No está de acuerdo,Ni de acuerdo ni en desacuerdo,Ni de acuerdo ni en desacuerdo,Sí está de acuerdo,No está de acuerdo,No está de acuerdo,Ni de acuerdo ni en desacuerdo,Sí está de acuerdo,Sí está de acuerdo,No está de acuerdo,Sí está de acuerdo,No está de acuerdo
2274,49,Mujer,México,No estudió/ Otro,Urbana,45-59,No,No,48540.24,Primaria completa,Se dedicaba al hogar,,Cónyuge o pareja,,54.0,Hombre,,Primaria incompleta,,3,Uno,Ninguno,Sí,1,2,No,Urbana,,No está de acuerdo,Sí está de acuerdo,Sí está de acuerdo,Sí está de acuerdo,No está de acuerdo,Sí está de acuerdo,Sí está de acuerdo,Sí está de acuerdo,Sí está de acuerdo,No está de acuerdo,Sí está de acuerdo,No está de acuerdo
2275,38,Mujer,México,Preparatoria o bachillerato,Rural,35-44,No,No,68353.4,Preparatoria completa,Trabajó con pago,,Es usted (la persona entrevistada es jefa o jefe del hogar),,,,,,,3,Ninguno,Ninguno,No por falta de recursos,1,2,No,Rural,,Sí está de acuerdo,Sí está de acuerdo,Sí está de acuerdo,Sí está de acuerdo,No está de acuerdo,Sí está de acuerdo,Sí está de acuerdo,Sí está de acuerdo,Sí está de acuerdo,No está de acuerdo,Sí está de acuerdo,Sí está de acuerdo
2276,50,Hombre,Ciudad de México,Preparatoria o bachillerato,Rural,45-59,No,No,69164.96,Licenciatura incompleta,Trabajó con pago,,Es usted (la persona entrevistada es jefa o jefe del hogar),,,,,,,6,2 o más,Uno,Sí,Ninguno,4,No,Rural,,No está de acuerdo,No está de acuerdo,No está de acuerdo,Ni de acuerdo ni en desacuerdo,Sí está de acuerdo,No está de acuerdo,Sí está de acuerdo,Sí está de acuerdo,Sí está de acuerdo,No está de acuerdo,Sí está de acuerdo,Sí está de acuerdo
2278,43,Hombre,Ciudad de México,Licenciatura o Ingeniería,Urbana,35-44,No,No,57617.94,Licenciatura completa,Trabajó con pago,,Es usted (la persona entrevistada es jefa o jefe del hogar),,,,,,,2,2 o más,Uno,Sí,2,1,No,Urbana,,No está de acuerdo,Ni de acuerdo ni en desacuerdo,Ni de acuerdo ni en desacuerdo,No está de acuerdo,No está de acuerdo,No está de acuerdo,No está de acuerdo,No está de acuerdo,Sí está de acuerdo,No está de acuerdo,Sí está de acuerdo,No está de acuerdo
2279,35,Mujer,Quintana Roo,Preparatoria o bachillerato,Urbana,35-44,No,No,63577.9,Preparatoria completa,Se dedicaba al hogar,,Cónyuge o pareja,,45.0,Hombre,,Preparatoria completa,,6,Ninguno,Uno,Sí,1,1,No,Urbana,,Sí está de acuerdo,Sí está de acuerdo,Sí está de acuerdo,No está de acuerdo,No está de acuerdo,No está de acuerdo,Sí está de acuerdo,Ni de acuerdo ni en desacuerdo,Ni de acuerdo ni en desacuerdo,No está de acuerdo,Sí está de acuerdo,Sí está de acuerdo
2280,37,Mujer,Quintana Roo,Secundaria,Urbana,35-44,No,No,96224.49,Licenciatura completa,Trabajó con pago,,Es usted (la persona entrevistada es jefa o jefe del hogar),,,,,,,2,Uno,Uno,Sí,1,4,No,Urbana,,Sí está de acuerdo,Sí está de acuerdo,No está de acuerdo,Sí está de acuerdo,No está de acuerdo,No está de acuerdo,Sí está de acuerdo,Sí está de acuerdo,Sí está de acuerdo,Sí está de acuerdo,No está de acuerdo,Sí está de acuerdo
2280,39,Hombre,Ciudad de México,Licenciatura o Ingeniería,Urbana,35-44,No,No,47750.73,Preparatoria incompleta,Trabajó con pago,,Es usted (la persona entrevistada es jefa o jefe del hogar),,,,,,,4,2 o más,Ninguno,Sí,Ninguno,3,No,Urbana,,Ni de acuerdo ni en desacuerdo,Ni de acuerdo ni en desacuerdo,Ni de acuerdo ni en desacuerdo,Sí está de acuerdo,Ni de acuerdo ni en desacuerdo,No está de acuerdo,Sí está de acuerdo,Sí está de acuerdo,Sí está de acuerdo,No está de acuerdo,No está de acuerdo,Sí está de acuerdo
2281,50,Mujer,Quintana Roo,Primaria,Urbana,60+,Sí,Sí,144128.95,Secundaria completa,[Esp.] Desempleado,,Es usted (la persona entrevistada es jefa o jefe del hogar),,,,,,,2,Uno,Ninguno,Sí,1,1,Sí,Urbana,,Sí está de acuerdo,No está de acuerdo,Ni de acuerdo ni en desacuerdo,Sí está de acuerdo,Ni de acuerdo ni en desacuerdo,No está de acuerdo,No está de acuerdo,Sí está de acuerdo,Sí está de acuerdo,Sí está de acuerdo,No está de acuerdo,Sí está de acuerdo
2281,70,Hombre,Veracruz,Secundaria,Urbana,45-59,No,Sí,71896.88,Primaria incompleta,Realizaba alguna otra actividad para generar ingresos,,Cónyuge o pareja,,68.0,Mujer,,Secundaria incompleta,,4,Uno,Uno,Sí,4,2,Sí,Urbana,,No está de acuerdo,Sí está de acuerdo,Sí está de acuerdo,Sí está de acuerdo,Sí está de acuerdo,Sí está de acuerdo,Sí está de acuerdo,Sí está de acuerdo,Sí está de acuerdo,No está de acuerdo,Sí está de acuerdo,Sí está de acuerdo
2286,55,Hombre,Veracruz,Primaria,Rural,45-59,No,Sí,100083.85,Primaria completa,Era jubilado o pensionado(a) (Programa Adultos Mayores),,Es usted (la persona entrevistada es jefa o jefe del hogar),,,,,,,3,Uno,Uno,Sí,1,2,Sí,Rural,,Ni de acuerdo ni en desacuerdo,Sí está de acuerdo,No sabe/No responde,No sabe/No responde,No está de acuerdo,No está de acuerdo,Ni de acuerdo ni en desacuerdo,No está de acuerdo,No sabe/No responde,No sabe/No responde,Sí está de acuerdo,No está de acuerdo
2287,33,Hombre,México,Licenciatura o Ingeniería,Urbana,25-34,No,No,52177.54,Licenciatura completa,Trabajó con pago,,Es usted (la persona entrevistada es jefa o jefe del hogar),,,,,,,2,Uno,Uno,No por falta de recursos,2,1,No,Urbana,,No está de acuerdo,Ni de acuerdo ni en desacuerdo,No está de acuerdo,Ni de acuerdo ni en desacuerdo,No está de acuerdo,Sí está de acuerdo,Sí está de acuerdo,Sí está de acuerdo,Sí está de acuerdo,No está de acuerdo,Sí está de acuerdo,Sí está de acuerdo
2291,22,Hombre,Ciudad de México,Preparatoria o bachillerato,Urbana,18-24,No,No,83840.09,Preparatoria completa,Trabajó con pago,,Es usted (la persona entrevistada es jefa o jefe del hogar),,,,,,,2,Uno,Uno,Sí,1,1,No,Urbana,,No está de acuerdo,Sí está de acuerdo,No está de acuerdo,No está de acuerdo,No está de acuerdo,Sí está de acuerdo,Ni de acuerdo ni en desacuerdo,Ni de acuerdo ni en desacuerdo,Ni de acuerdo ni en desacuerdo,No está de acuerdo,Sí está de acuerdo,No está de acuerdo
2295,20,Mujer,Ciudad de México,Secundaria,Rural,18-24,No,No,110045.35,Licenciatura completa,Estudiaba,,Padre o madre,,56.0,Mujer,,Secundaria completa,,7,Uno,Uno,Sí,Ninguno,4,No,Rural,,No está de acuerdo,No está de acuerdo,No está de acuerdo,No está de acuerdo,Sí está de acuerdo,Sí está de acuerdo,Sí está de acuerdo,Sí está de acuerdo,Sí está de acuerdo,Ni de acuerdo ni en desacuerdo,Sí está de acuerdo,Sí está de acuerdo
2303,30,Mujer,México,Licenciatura o Ingeniería,Urbana,25-34,No,No,67857.0,Licenciatura completa,Trabajó con pago,,Es usted (la persona entrevistada es jefa o jefe del hogar),,,,,,,2,Uno,Ninguno,Sí,1,2,No,Urbana,,Sí está de acuerdo,No está de acuerdo,No está de acuerdo,Sí está de acuerdo,No está de acuerdo,No está de acuerdo,No está de acuerdo,No está de acuerdo,Sí está de acuerdo,No está de acuerdo,No está de acuerdo,No está de acuerdo
2304,33,Mujer,Ciudad de México,Licenciatura o Ingeniería,Urbana,25-34,No,No,76158.52,Licenciatura completa,Trabajó con pago,,Es usted (la persona entrevistada es jefa o jefe del hogar),,,,,,,1,Uno,Uno,Sí,1,2,No,Urbana,,Sí está de acuerdo,No está de acuerdo,Sí está de acuerdo,Sí está de acuerdo,Sí está de acuerdo,Sí está de acuerdo,Sí está de acuerdo,Sí está de acuerdo,Sí está de acuerdo,No está de acuerdo,Sí está de acuerdo,Ni de acuerdo ni en desacuerdo
2307,53,Hombre,México,Licenciatura o Ingeniería,Rural,45-59,No,Sí,43712.61,Licenciatura completa,Trabajó con pago,,Es usted (la persona entrevistada es jefa o jefe del hogar),,,,,,,3,2 o más,Ninguno,No por falta de recursos,2,2,Sí,Rural,,No está de acuerdo,Sí está de acuerdo,Sí está de acuerdo,No está de acuerdo,No está de acuerdo,Sí está de acuerdo,Sí está de acuerdo,No está de acuerdo,Sí está de acuerdo,No está de acuerdo,No está de acuerdo,Sí está de acuerdo
2309,48,Mujer,México,No estudió/ Otro,Rural,45-59,No,No,48540.24,Primaria completa,Se dedicaba al hogar,,Padre o madre,,78.0,Mujer,,No estudió,,7,Ninguno,Ninguno,No por falta de recursos,1,1,No,Rural,,No está de acuerdo,No está de acuerdo,No está de acuerdo,No sabe/No responde,No está de acuerdo,No está de acuerdo,No está de acuerdo,No está de acuerdo,No está de acuerdo,No está de acuerdo,No está de acuerdo,No está de acuerdo
2312,66,Hombre,México,Primaria,Rural,25-34,No,No,126482.21,Primaria incompleta,Trabajó con pago,,Es usted (la persona entrevistada es jefa o jefe del hogar),,,,,,,6,Uno,Ninguno,No por falta de recursos,5 o más,2,No,Rural,,Sí está de acuerdo,No está de acuerdo,No está de acuerdo,Sí está de acuerdo,No está de acuerdo,No está de acuerdo,Sí está de acuerdo,Sí está de acuerdo,No está de acuerdo,No está de acuerdo,Sí está de acuerdo,No está de acuerdo
2312,30,Hombre,México,No estudió/ Otro,Urbana,60+,No,No,34852.76,Primaria completa,Trabajó sin pago,,Es usted (la persona entrevistada es jefa o jefe del hogar),,,,,,,5,Uno,Ninguno,No por falta de recursos,2,2,No,Urbana,,No está de acuerdo,No está de acuerdo,No está de acuerdo,No está de acuerdo,No está de acuerdo,No está de acuerdo,Sí está de acuerdo,Sí está de acuerdo,Sí está de acuerdo,No está de acuerdo,Sí está de acuerdo,Ni de acuerdo ni en desacuerdo
2314,40,Mujer,México,Licenciatura o Ingeniería,Urbana,35-44,No,No,48484.68,Licenciatura completa,Trabajó con pago,,Es usted (la persona entrevistada es jefa o jefe del hogar),,,,,,,3,2 o más,2 o más,Sí,1,3,No,Urbana,,Ni de acuerdo ni en desacuerdo,No está de acuerdo,Sí está de acuerdo,Ni de acuerdo ni en desacuerdo,No está de acuerdo,No está de acuerdo,Sí está de acuerdo,Sí está de acuerdo,Sí está de acuerdo,Sí está de acuerdo,No está de acuerdo,Sí está de acuerdo
2315,83,Hombre,Ciudad de México,Licenciatura o Ingeniería,Urbana,60+,No,No,44660.03,Licenciatura completa,Realizaba alguna otra actividad para generar ingresos,,Hijo o hija,,39.0,Mujer,,Licenciatura completa,,4,2 o más,2 o más,Sí,4,4,No,Urbana,,No está de acuerdo,Sí está de acuerdo,Ni de acuerdo ni en desacuerdo,Sí está de acuerdo,No está de acuerdo,No está de acuerdo,Sí está de acuerdo,Sí está de acuerdo,Sí está de acuerdo,Sí está de acuerdo,No está de acuerdo,Sí está de acuerdo
2318,36,Mujer,Ciudad de México,Maestría o especialidad,Urbana,35-44,No,No,26323.49,Diplomado o maestría,Trabajó con pago,,Es usted (la persona entrevistada es jefa o jefe del hogar),,,,,,,3,2 o más,Uno,Sí,2,2,No,Urbana,,Ni de acuerdo ni en desacuerdo,Sí está de acuerdo,No está de acuerdo,Sí está de acuerdo,No está de acuerdo,No está de acuerdo,Ni de acuerdo ni en desacuerdo,No está de acuerdo,Sí está de acuerdo,No está de acuerdo,Sí está de acuerdo,Ni de acuerdo ni en desacuerdo
2321,54,Mujer,Ciudad de México,Carrera técnica o comercial,Urbana,45-59,No,No,88053.16,Carrera comercial,Se dedicaba al hogar,,Es usted (la persona entrevistada es jefa o jefe del hogar),,,,,,,2,Uno,Ninguno,Sí,1,1,No,Urbana,,Ni de acuerdo ni en desacuerdo,Sí está de acuerdo,Sí está de acuerdo,No está de acuerdo,No está de acuerdo,Sí está de acuerdo,Sí está de acuerdo,Ni de acuerdo ni en desacuerdo,No está de acuerdo,No está de acuerdo,Sí está de acuerdo,Sí está de acuerdo
2322,34,Hombre,Ciudad de México,Doctorado,Urbana,25-34,Sí,Sí,21259.6,Doctorado,Trabajó con pago,,Es usted (la persona entrevistada es jefa o jefe del hogar),,,,,,,1,Uno,Uno,Sí,1,1,Sí,Urbana,,No está de acuerdo,Sí está de acuerdo,No está de acuerdo,Sí está de acuerdo,No está de acuerdo,No está de acuerdo,No está de acuerdo,No está de acuerdo,Sí está de acuerdo,Sí está de acuerdo,No está de acuerdo,Sí está de acuerdo
2323,39,Mujer,Ciudad de México,Preparatoria o bachillerato,Urbana,35-44,No,No,76715.65,Licenciatura completa,Trabajó con pago,,Hijo o hija,,74.0,Mujer,,Preparatoria completa,,3,2 o más,2 o más,Sí,2,3,No,Urbana,,Sí está de acuerdo,No está de acuerdo,Sí está de acuerdo,No está de acuerdo,No está de acuerdo,No está de acuerdo,Sí está de acuerdo,No está de acuerdo,Sí está de acuerdo,No está de acuerdo,Sí está de acuerdo,Sí está de acuerdo
2324,20,Hombre,Ciudad de México,Licenciatura o Ingeniería,Urbana,18-24,Sí,No,59469.75,Licenciatura completa,Trabajó con pago,,Padre o madre,,44.0,Mujer,,Licenciatura completa,,3,Uno,Uno,Sí,2,2,No,Urbana,,No está de acuerdo,Sí está de acuerdo,Ni de acuerdo ni en desacuerdo,Sí está de acuerdo,No está de acuerdo,No está de acuerdo,Sí está de acuerdo,Sí está de acuerdo,Sí está de acuerdo,No está de acuerdo,Sí está de acuerdo,Sí está de acuerdo
2325,32,Mujer,Ciudad de México,Licenciatura o Ingeniería,Urbana,25-34,No,No,76158.52,Licenciatura completa,Trabajó con pago,,Es usted (la persona entrevistada es jefa o jefe del hogar),,,,,,,2,Uno,Ninguno,Sí,2,1,No,Urbana,,No está de acuerdo,Ni de acuerdo ni en desacuerdo,Ni de acuerdo ni en desacuerdo,Sí está de acuerdo,Ni de acuerdo ni en desacuerdo,Ni de acuerdo ni en desacuerdo,Sí está de acuerdo,Sí está de acuerdo,Ni de acuerdo ni en desacuerdo,No está de acuerdo,No está de acuerdo,Ni de acuerdo ni en desacuerdo
2331,45,Hombre,Ciudad de México,Licenciatura o Ingeniería,Urbana,35-44,No,No,51337.41,Diplomado o maestría,Se dedicaba al hogar,,Cónyuge o pareja,,40.0,Hombre,,Diplomado o maestría,,3,2 o más,Uno,Sí,1,2,No,Urbana,,Sí está de acuerdo,No está de acuerdo,No está de acuerdo,Sí está de acuerdo,No está de acuerdo,Sí está de acuerdo,Sí está de acuerdo,No está de acuerdo,No está de acuerdo,No está de acuerdo,Sí está de acuerdo,No está de acuerdo
2331,37,Mujer,México,Maestría o especialidad,Urbana,45-59,No,No,30088.38,Diplomado o maestría,Trabajó con pago,,Cónyuge o pareja,,34.0,Mujer,,Licenciatura completa,,2,2 o más,2 o más,Sí,2,1,No,Urbana,,Sí está de acuerdo,Sí está de acuerdo,Sí está de acuerdo,Sí está de acuerdo,Sí está de acuerdo,No está de acuerdo,No está de acuerdo,Ni de acuerdo ni en desacuerdo,Sí está de acuerdo,Ni de acuerdo ni en desacuerdo,Ni de acuerdo ni en desacuerdo,Sí está de acuerdo
2332,69,Mujer,México,Primaria,Urbana,60+,No,Sí,152594.84,Secundaria completa,Se dedicaba al hogar,,Cónyuge o pareja,,65.0,Hombre,,Secundaria incompleta,,4,Uno,Ninguno,"No, no lo quieren",2,3,Sí,Urbana,,Ni de acuerdo ni en desacuerdo,Ni de acuerdo ni en desacuerdo,Ni de acuerdo ni en desacuerdo,Sí está de acuerdo,Ni de acuerdo ni en desacuerdo,Sí está de acuerdo,Ni de acuerdo ni en desacuerdo,Sí está de acuerdo,Sí está de acuerdo,No está de acuerdo,Ni de acuerdo ni en desacuerdo,Sí está de acuerdo
2333,70,Hombre,México,Secundaria,Urbana,60+,No,No,70364.31,Secundaria completa,Era jubilado o pensionado(a) (Programa Adultos Mayores),,Es usted (la persona entrevistada es jefa o jefe del hogar),,,,,,,2,Uno,2 o más,Sí,Ninguno,1,No,Urbana,,No está de acuerdo,No está de acuerdo,No está de acuerdo,Sí está de acuerdo,No está de acuerdo,No está de acuerdo,No está de acuerdo,No está de acuerdo,Sí está de acuerdo,No está de acuerdo,No está de acuerdo,No está de acuerdo
2334,40,Mujer,Ciudad de México,Maestría o especialidad,Urbana,45-59,No,Sí,30088.38,Preparatoria incompleta,Trabajó con pago,,Es usted (la persona entrevistada es jefa o jefe del hogar),,,,,,,12,Uno,Uno,Sí,3,2,Sí,Urbana,,Sí está de acuerdo,No está de acuerdo,No está de acuerdo,Sí está de acuerdo,No está de acuerdo,Sí está de acuerdo,Sí está de acuerdo,Sí está de acuerdo,Ni de acuerdo ni en desacuerdo,No está de acuerdo,Sí está de acuerdo,No está de acuerdo
2334,52,Hombre,Ciudad de México,Secundaria,Urbana,35-44,No,Sí,101886.11,Diplomado o maestría,Trabajó con pago,,Es usted (la persona entrevistada es jefa o jefe del hogar),,,,,,,2,2 o más,2 o más,Sí,3,3,Sí,Urbana,,No está de acuerdo,No está de acuerdo,Sí está de acuerdo,Sí está de acuerdo,No está de acuerdo,Sí está de acuerdo,Sí está de acuerdo,No está de acuerdo,No está de acuerdo,No está de acuerdo,Sí está de acuerdo,Sí está de acuerdo
2336,22,Hombre,Ciudad de México,Preparatoria o bachillerato,Urbana,18-24,No,No,83840.09,Licenciatura incompleta,Trabajó con pago,,Es usted (la persona entrevistada es jefa o jefe del hogar),,,,,,,1,Uno,Ninguno,Sí,1,1,No,Urbana,,No está de acuerdo,No está de acuerdo,Sí está de acuerdo,Sí está de acuerdo,Ni de acuerdo ni en desacuerdo,Ni de acuerdo ni en desacuerdo,Sí está de acuerdo,Ni de acuerdo ni en desacuerdo,Ni de acuerdo ni en desacuerdo,Ni de acuerdo ni en desacuerdo,Ni de acuerdo ni en desacuerdo,Ni de acuerdo ni en desacuerdo
2337,52,Hombre,México,Secundaria,Rural,45-59,No,Sí,77297.24,Primaria incompleta,Trabajó con pago,,Cónyuge o pareja,,49.0,Mujer,,Secundaria completa,,2,Uno,Uno,No por falta de recursos,2,4,Sí,Rural,,Sí está de acuerdo,No está de acuerdo,Sí está de acuerdo,Sí está de acuerdo,No está de acuerdo,Ni de acuerdo ni en desacuerdo,Sí está de acuerdo,Sí está de acuerdo,Sí está de acuerdo,No está de acuerdo,Sí está de acuerdo,Sí está de acuerdo
2338,44,Mujer,México,Primaria,Rural,35-44,No,No,117530.46,Primaria completa,Trabajó con pago,,Es usted (la persona entrevistada es jefa o jefe del hogar),,,,,,,5,Uno,Ninguno,Sí,3,2,No,Rural,,No está de acuerdo,Sí está de acuerdo,Sí está de acuerdo,Sí está de acuerdo,Sí está de acuerdo,Sí está de acuerdo,Sí está de acuerdo,Sí está de acuerdo,Sí está de acuerdo,No está de acuerdo,Sí está de acuerdo,Sí está de acuerdo
2338,41,Mujer,Ciudad de México,Maestría o especialidad,Urbana,35-44,No,Sí,26323.49,Diplomado o maestría,Trabajó con pago,,Es usted (la persona entrevistada es jefa o jefe del hogar),,,,,,,4,Uno,No sabe/No responde,No sabe/No responde,3,No sabe/No responde,Sí,Urbana,,Sí está de acuerdo,No está de acuerdo,No está de acuerdo,No está de acuerdo,No está de acuerdo,No está de acuerdo,No está de acuerdo,No está de acuerdo,Sí está de acuerdo,No está de acuerdo,No está de acuerdo,No está de acuerdo
2339,51,Mujer,Ciudad de México,Preparatoria o bachillerato,Rural,25-34,No,No,95664.38,Secundaria completa,Trabajó con pago,,Es usted (la persona entrevistada es jefa o jefe del hogar),,,,,,,4,Uno,Ninguno,No por falta de recursos,Ninguno,2,No,Rural,,No está de acuerdo,Ni de acuerdo ni en desacuerdo,Ni de acuerdo ni en desacuerdo,Sí está de acuerdo,Ni de acuerdo ni en desacuerdo,No sabe/No responde,Sí está de acuerdo,Sí está de acuerdo,Ni de acuerdo ni en desacuerdo,Sí está de acuerdo,Sí está de acuerdo,No está de acuerdo
2339,27,Mujer,México,Secundaria,Rural,45-59,No,No,109986.91,Secundaria completa,Se dedicaba al hogar,,Cónyuge o pareja,,28.0,Hombre,,Preparatoria completa,,4,Ninguno,Uno,Sí,1,2,No,Rural,,No está de acuerdo,No está de acuerdo,Sí está de acuerdo,No está de acuerdo,No está de acuerdo,No está de acuerdo,Ni de acuerdo ni en desacuerdo,Sí está de acuerdo,Sí está de acuerdo,No está de acuerdo,Sí está de acuerdo,No está de acuerdo
2340,50,Mujer,Ciudad de México,Secundaria,Urbana,45-59,No,No,109986.91,Secundaria completa,Trabajó con pago,,Es usted (la persona entrevistada es jefa o jefe del hogar),,,,,,,4,Uno,Ninguno,Sí,2,2,No,Urbana,,Sí está de acuerdo,No está de acuerdo,Sí está de acuerdo,Sí está de acuerdo,Sí está de acuerdo,Sí está de acuerdo,Sí está de acuerdo,No está de acuerdo,Sí está de acuerdo,No está de acuerdo,No está de acuerdo,No está de acuerdo
2344,31,Hombre,Ciudad de México,Licenciatura o Ingeniería,Urbana,25-34,No,No,58560.85,Licenciatura completa,Trabajó con pago,,Es usted (la persona entrevistada es jefa o jefe del hogar),,,,,,,1,2 o más,Uno,Sí,1,3,No,Urbana,,No está de acuerdo,Sí está de acuerdo,No está de acuerdo,No está de acuerdo,No está de acuerdo,No está de acuerdo,Ni de acuerdo ni en desacuerdo,No está de acuerdo,Sí está de acuerdo,Sí está de acuerdo,Sí está de acuerdo,No está de acuerdo
2345,48,Hombre,Ciudad de México,Licenciatura o Ingeniería,Urbana,45-59,No,No,49060.34,Licenciatura completa,Trabajó con pago,,Es usted (la persona entrevistada es jefa o jefe del hogar),,,,,,,5,2 o más,2 o más,Sí,3,3,No,Urbana,,No está de acuerdo,No está de acuerdo,No está de acuerdo,Sí está de acuerdo,No está de acuerdo,No está de acuerdo,Sí está de acuerdo,Sí está de acuerdo,Sí está de acuerdo,No está de acuerdo,No está de acuerdo,No está de acuerdo
2346,51,Hombre,Ciudad de México,Primaria,Rural,35-44,No,Sí,124445.67,Licenciatura completa,Realizaba alguna otra actividad para generar ingresos,,Es usted (la persona entrevistada es jefa o jefe del hogar),,,,,,,3,Uno,Ninguno,Sí,3,2,Sí,Rural,,Sí está de acuerdo,Sí está de acuerdo,Sí está de acuerdo,Sí está de acuerdo,No está de acuerdo,No está de acuerdo,Sí está de acuerdo,Sí está de acuerdo,Sí está de acuerdo,No está de acuerdo,Sí está de acuerdo,Sí está de acuerdo
2346,38,Mujer,México,Licenciatura o Ingeniería,Rural,45-59,No,No,62199.05,Secundaria incompleta,Trabajó con pago,,Es usted (la persona entrevistada es jefa o jefe del hogar),,,,,,,6,Uno,Uno,Sí,Ninguno,4,No,Rural,,Ni de acuerdo ni en desacuerdo,Sí está de acuerdo,Sí está de acuerdo,No sabe/No responde,No está de acuerdo,Sí está de acuerdo,Sí está de acuerdo,Sí está de acuerdo,Sí está de acuerdo,No sabe/No responde,No está de acuerdo,No está de acuerdo
2347,28,Hombre,Baja California,Preparatoria o bachillerato,Urbana,25-34,No,No,82404.69,Preparatoria completa,Trabajó con pago,,Es usted (la persona entrevistada es jefa o jefe del hogar),,,,,,,2,Uno,Uno,Sí,2,1,No,Urbana,,Sí está de acuerdo,Sí está de acuerdo,No está de acuerdo,Sí está de acuerdo,No está de acuerdo,Sí está de acuerdo,Sí está de acuerdo,Sí está de acuerdo,Sí está de acuerdo,No está de acuerdo,No está de acuerdo,Sí está de acuerdo
2351,78,Mujer,Ciudad de México,No estudió/ Otro,Urbana,45-59,No,No,48540.24,Licenciatura completa,Era jubilado o pensionado(a) (Programa Adultos Mayores),,Es usted (la persona entrevistada es jefa o jefe del hogar),,,,,,,2,2 o más,Uno,Sí,Ninguno,2,No,Urbana,,No está de acuerdo,Sí está de acuerdo,No está de acuerdo,No está de acuerdo,No está de acuerdo,No está de acuerdo,Sí está de acuerdo,Sí está de acuerdo,Sí está de acuerdo,No está de acuerdo,No está de acuerdo,No está de acuerdo
2351,59,Hombre,México,Licenciatura o Ingeniería,Urbana,60+,No,Sí,44660.03,Primaria incompleta,Se dedicaba al hogar,,Es usted (la persona entrevistada es jefa o jefe del hogar),,,,,,,8,Ninguno,Uno,No por falta de recursos,2,2,Sí,Urbana,,No está de acuerdo,Sí está de acuerdo,No está de acuerdo,No está de acuerdo,No está de acuerdo,No está de acuerdo,No está de acuerdo,Sí está de acuerdo,Ni de acuerdo ni en desacuerdo,No está de acuerdo,Sí está de acuerdo,No está de acuerdo
2353,24,Mujer,Ciudad de México,Secundaria,Urbana,18-24,No,No,110045.35,Secundaria completa,Se dedicaba al hogar,,Padre o madre,,45.0,Hombre,,Secundaria completa,,5,Uno,Ninguno,Sí,2,Ninguno,No,Urbana,,No está de acuerdo,Sí está de acuerdo,No está de acuerdo,Sí está de acuerdo,Sí está de acuerdo,Sí está de acuerdo,Sí está de acuerdo,Sí está de acuerdo,Sí está de acuerdo,No está de acuerdo,Sí está de acuerdo,Sí está de acuerdo
2355,40,Mujer,Ciudad de México,Preparatoria o bachillerato,Urbana,45-59,No,No,78129.59,Licenciatura completa,Trabajó con pago,,Es usted (la persona entrevistada es jefa o jefe del hogar),,,,,,,2,2 o más,Ninguno,Sí,Ninguno,3,No,Urbana,,Ni de acuerdo ni en desacuerdo,Sí está de acuerdo,Sí está de acuerdo,Sí está de acuerdo,No está de acuerdo,No está de acuerdo,Sí está de acuerdo,Sí está de acuerdo,Sí está de acuerdo,Ni de acuerdo ni en desacuerdo,Sí está de acuerdo,Sí está de acuerdo
2355,46,Hombre,México,Licenciatura o Ingeniería,Urbana,35-44,No,No,57617.94,Preparatoria completa,Vendía o hacía algún producto para vender,,Es usted (la persona entrevistada es jefa o jefe del hogar),,,,,,,5,Uno,Ninguno,Sí,4,2,No,Urbana,,Sí está de acuerdo,Sí está de acuerdo,Sí está de acuerdo,No está de acuerdo,Ni de acuerdo ni en desacuerdo,Sí está de acuerdo,Sí está de acuerdo,No está de acuerdo,No está de acuerdo,No está de acuerdo,Sí está de acuerdo,Sí está de acuerdo
2357,50,Hombre,Ciudad de México,Primaria,Urbana,45-59,No,No,118925.9,Preparatoria completa,Trabajó con pago,,Cónyuge o pareja,,85.0,Mujer,,Primaria completa,,4,Uno,Uno,Sí,4,2,No,Urbana,,Sí está de acuerdo,No está de acuerdo,No está de acuerdo,Sí está de acuerdo,Ni de acuerdo ni en desacuerdo,Ni de acuerdo ni en desacuerdo,Ni de acuerdo ni en desacuerdo,Ni de acuerdo ni en desacuerdo,Ni de acuerdo ni en desacuerdo,Ni de acuerdo ni en desacuerdo,Ni de acuerdo ni en desacuerdo,No está de acuerdo
2358,30,Hombre,Ciudad de México,Secundaria,Rural,25-34,No,Sí,92265.81,Preparatoria completa,Trabajó con pago,,Es usted (la persona entrevistada es jefa o jefe del hogar),,,,,,,3,Ninguno,Ninguno,Sí,1,2,Sí,Rural,,No está de acuerdo,No está de acuerdo,Sí está de acuerdo,No está de acuerdo,No está de acuerdo,No está de acuerdo,Sí está de acuerdo,Sí está de acuerdo,Sí está de acuerdo,Sí está de acuerdo,Sí está de acuerdo,Sí está de acuerdo
2358,29,Mujer,México,Preparatoria o bachillerato,Rural,25-34,No,No,107367.81,Secundaria completa,Trabajó con pago,,Es usted (la persona entrevistada es jefa o jefe del hogar),,,,,,,3,Uno,Ninguno,"No, otra razón",1,1,No,Rural,,No está de acuerdo,Sí está de acuerdo,Sí está de acuerdo,Sí está de acuerdo,No está de acuerdo,Sí está de acuerdo,Sí está de acuerdo,Sí está de acuerdo,No está de acuerdo,No está de acuerdo,Sí está de acuerdo,Sí está de acuerdo
2359,59,Mujer,Ciudad de México,Primaria,Urbana,45-59,No,No,150775.11,Primaria completa,Se dedicaba al hogar,,Cónyuge o pareja,,62.0,Hombre,,Primaria completa,,4,Ninguno,Ninguno,Sí,2,2,No,Urbana,,Sí está de acuerdo,Sí está de acuerdo,Sí está de acuerdo,Sí está de acuerdo,Sí está de acuerdo,No está de acuerdo,No está de acuerdo,No está de acuerdo,Sí está de acuerdo,No está de acuerdo,No está de acuerdo,Sí está de acuerdo
2364,53,Hombre,México,Preparatoria o bachillerato,Urbana,45-59,No,No,61625.77,Preparatoria completa,Trabajó con pago,,Es usted (la persona entrevistada es jefa o jefe del hogar),,,,,,,2,No sabe/No responde,Uno,Sí,2,2,No,Urbana,,No está de acuerdo,No está de acuerdo,No está de acuerdo,No está de acuerdo,Sí está de acuerdo,Sí está de acuerdo,Sí está de acuerdo,No está de acuerdo,Sí está de acuerdo,No está de acuerdo,Sí está de acuerdo,Sí está de acuerdo
2367,25,Hombre,México,No estudió/ Otro,Rural,25-34,No,Sí,45700.99,Secundaria completa,Trabajó sin pago,,Hijo o hija,,56.0,Mujer,,No estudió,,4,Ninguno,Ninguno,No por falta de recursos,3,3,Sí,Rural,,Ni de acuerdo ni en desacuerdo,No está de acuerdo,No está de acuerdo,No está de acuerdo,No está de acuerdo,No está de acuerdo,Sí está de acuerdo,No está de acuerdo,Ni de acuerdo ni en desacuerdo,No está de acuerdo,Sí está de acuerdo,No está de acuerdo
2369,25,Mujer,Quintana Roo,Preparatoria o bachillerato,Urbana,25-34,No,No,88980.81,Preparatoria completa,Se dedicaba al hogar,,Cónyuge o pareja,,30.0,Hombre,,Preparatoria completa,,4,2 o más,Ninguno,Sí,1,2,No,Urbana,,Sí está de acuerdo,Sí está de acuerdo,Ni de acuerdo ni en desacuerdo,Sí está de acuerdo,Sí está de acuerdo,Sí está de acuerdo,Sí está de acuerdo,Sí está de acuerdo,Ni de acuerdo ni en desacuerdo,Sí está de acuerdo,No está de acuerdo,Sí está de acuerdo
2370,51,Mujer,Quintana Roo,Licenciatura o Ingeniería,Urbana,45-59,No,No,51547.31,Licenciatura completa,Trabajó con pago,,Es usted (la persona entrevistada es jefa o jefe del hogar),,,,,,,4,2 o más,No sabe/No responde,Sí,2,3,No,Urbana,,No está de acuerdo,Sí está de acuerdo,No está de acuerdo,No sabe/No responde,Sí está de acuerdo,No está de acuerdo,Ni de acuerdo ni en desacuerdo,Sí está de acuerdo,No está de acuerdo,No está de acuerdo,No sabe/No responde,No está de acuerdo
2378,27,Mujer,México,Carrera técnica o comercial,Rural,25-34,No,No,96062.94,Licenciatura completa,Trabajó con pago,,Padre o madre,,52.0,Mujer,,Carrera técnica,,6,2 o más,Uno,Sí,5 o más,5 o más,No,Rural,,Ni de acuerdo ni en desacuerdo,Ni de acuerdo ni en desacuerdo,Ni de acuerdo ni en desacuerdo,No está de acuerdo,No está de acuerdo,No está de acuerdo,No está de acuerdo,No está de acuerdo,Sí está de acuerdo,No está de acuerdo,Sí está de acuerdo,Sí está de acuerdo
2379,53,Hombre,Ciudad de México,Secundaria,Urbana,45-59,No,No,86753.66,Secundaria completa,Vendía o hacía algún producto para vender,,Es usted (la persona entrevistada es jefa o jefe del hogar),,,,,,,1,Uno,Uno,"No, no lo quieren",1,1,No,Urbana,,Sí está de acuerdo,Sí está de acuerdo,Sí está de acuerdo,Sí está de acuerdo,Sí está de acuerdo,Sí está de acuerdo,Sí está de acuerdo,Sí está de acuerdo,Sí está de acuerdo,No está de acuerdo,Sí está de acuerdo,Sí está de acuerdo
2380,29,Hombre,México,No estudió/ Otro,Urbana,25-34,No,No,45700.99,Licenciatura completa,Trabajó con pago,,Padre o madre,,50.0,Mujer,,Primaria incompleta,,5,2 o más,Uno,Sí,3,3,No,Urbana,,Sí está de acuerdo,No está de acuerdo,No está de acuerdo,No está de acuerdo,No está de acuerdo,No está de acuerdo,Sí está de acuerdo,Sí está de acuerdo,Sí está de acuerdo,No está de acuerdo,Sí está de acuerdo,Sí está de acuerdo
2381,26,Mujer,Ciudad de México,Primaria,Rural,25-34,Sí,No,184613.88,Secundaria incompleta,Trabajó con pago,,Es usted (la persona entrevistada es jefa o jefe del hogar),,,,,,,1,Uno,Ninguno,Sí,1,2,No,Rural,,Sí está de acuerdo,Sí está de acuerdo,Sí está de acuerdo,Sí está de acuerdo,Sí está de acuerdo,Sí está de acuerdo,Sí está de acuerdo,Sí está de acuerdo,No está de acuerdo,Sí está de acuerdo,No está de acuerdo,Sí está de acuerdo
2382,45,Hombre,México,Primaria,Urbana,45-59,No,No,105962.6,Secundaria incompleta,Vendía o hacía algún producto para vender,,Es usted (la persona entrevistada es jefa o jefe del hogar),,,,,,,5,Uno,Uno,No por falta de recursos,2,1,No,Urbana,,Ni de acuerdo ni en desacuerdo,Sí está de acuerdo,Sí está de acuerdo,No está de acuerdo,No está de acuerdo,No está de acuerdo,Sí está de acuerdo,Sí está de acuerdo,No está de acuerdo,No está de acuerdo,Sí está de acuerdo,Sí está de acuerdo
2383,45,Mujer,Ciudad de México,Licenciatura o Ingeniería,Urbana,45-59,No,No,62199.05,Carrera técnica,Se dedicaba al hogar,,Cónyuge o pareja,,60.0,Hombre,,Licenciatura completa,,5,Uno,Ninguno,Sí,1,2,No,Urbana,,No está de acuerdo,No está de acuerdo,Sí está de acuerdo,Sí está de acuerdo,No está de acuerdo,No está de acuerdo,No está de acuerdo,Sí está de acuerdo,Sí está de acuerdo,No está de acuerdo,Sí está de acuerdo,Sí está de acuerdo
2384,70,Hombre,México,No estudió/ Otro,Urbana,60+,No,No,34852.76,Primaria incompleta,Era jubilado o pensionado(a) (Programa Adultos Mayores),,Es usted (la persona entrevistada es jefa o jefe del hogar),,,,,,,2,2 o más,Ninguno,Sí,1,5 o más,No,Urbana,,Sí está de acuerdo,No está de acuerdo,No sabe/No responde,No está de acuerdo,Sí está de acuerdo,Sí está de acuerdo,Sí está de acuerdo,Sí está de acuerdo,Sí está de acuerdo,No está de acuerdo,No está de acuerdo,No está de acuerdo
2386,28,Hombre,México,Primaria,Urbana,25-34,No,No,126482.21,Licenciatura completa,Trabajó con pago,,Hijo o hija,,65.0,Mujer,,Primaria completa,,2,Uno,Ninguno,"No, otra razón",2,1,No,Urbana,,Sí está de acuerdo,Sí está de acuerdo,Sí está de acuerdo,No está de acuerdo,Sí está de acuerdo,Ni de acuerdo ni en desacuerdo,Sí está de acuerdo,Sí está de acuerdo,Sí está de acuerdo,Ni de acuerdo ni en desacuerdo,Sí está de acuerdo,Sí está de acuerdo
2391,36,Mujer,México,No estudió/ Otro,Urbana,35-44,No,No,42466.51,Preparatoria completa,Trabajó con pago,,Padre o madre,,69.0,Hombre,,No estudió,,7,Uno,Ninguno,Sí,2,3,No,Urbana,,Ni de acuerdo ni en desacuerdo,Ni de acuerdo ni en desacuerdo,Sí está de acuerdo,Ni de acuerdo ni en desacuerdo,No está de acuerdo,Sí está de acuerdo,Sí está de acuerdo,No está de acuerdo,No está de acuerdo,No está de acuerdo,Sí está de acuerdo,No está de acuerdo
2392,31,Mujer,Ciudad de México,Licenciatura o Ingeniería,Urbana,25-34,No,No,76158.52,Licenciatura completa,Trabajó con pago,,Padre o madre,,61.0,Hombre,,Licenciatura completa,,3,Uno,Uno,Sí,3,3,No,Urbana,,Sí está de acuerdo,No está de acuerdo,Sí está de acuerdo,Sí está de acuerdo,No está de acuerdo,Sí está de acuerdo,Sí está de acuerdo,No está de acuerdo,Sí está de acuerdo,No está de acuerdo,No está de acuerdo,Sí está de acuerdo
2406,41,Mujer,Ciudad de México,Maestría o especialidad,Urbana,35-44,No,No,26323.49,Diplomado o maestría,Trabajó con pago,,Es usted (la persona entrevistada es jefa o jefe del hogar),,,,,,,3,Uno,Uno,Sí,2,2,No,Urbana,,Sí está de acuerdo,No está de acuerdo,No está de acuerdo,Sí está de acuerdo,No está de acuerdo,No está de acuerdo,Sí está de acuerdo,Sí está de acuerdo,Sí está de acuerdo,No está de acuerdo,Sí está de acuerdo,No está de acuerdo
2413,18,Hombre,Ciudad de México,Preparatoria o bachillerato,Urbana,18-24,No,No,83840.09,Preparatoria completa,Trabajó con pago,,Hijo o hija,,54.0,Hombre,,Licenciatura incompleta,,3,Uno,Ninguno,Sí,1,2,No,Urbana,,Sí está de acuerdo,Sí está de acuerdo,Sí está de acuerdo,No está de acuerdo,Sí está de acuerdo,Sí está de acuerdo,No está de acuerdo,Sí está de acuerdo,Sí está de acuerdo,No está de acuerdo,Sí está de acuerdo,No está de acuerdo
2414,41,Mujer,Ciudad de México,Primaria,Urbana,35-44,No,No,131908.94,Secundaria incompleta,Vendía o hacía algún producto para vender,,Cónyuge o pareja,,40.0,Hombre,,Secundaria incompleta,,4,Ninguno,Ninguno,Sí,3,3,No,Urbana,,Ni de acuerdo ni en desacuerdo,Sí está de acuerdo,Ni de acuerdo ni en desacuerdo,Ni de acuerdo ni en desacuerdo,Sí está de acuerdo,Sí está de acuerdo,Sí está de acuerdo,Ni de acuerdo ni en desacuerdo,Ni de acuerdo ni en desacuerdo,No está de acuerdo,Sí está de acuerdo,No está de acuerdo
2415,50,Hombre,Ciudad de México,Preparatoria o bachillerato,Urbana,45-59,No,No,69164.96,Licenciatura incompleta,Trabajó con pago,,Es usted (la persona entrevistada es jefa o jefe del hogar),,,,,,,2,Uno,Ninguno,Sí,1,2,No,Urbana,,No está de acuerdo,Sí está de acuerdo,Sí está de acuerdo,Sí está de acuerdo,Sí está de acuerdo,Sí está de acuerdo,Sí está de acuerdo,No está de acuerdo,No está de acuerdo,No está de acuerdo,Sí está de acuerdo,No está de acuerdo
2434,45,Mujer,México,Carrera técnica o comercial,Urbana,45-59,No,No,78455.09,Licenciatura incompleta,Trabajó con pago,,Cónyuge o pareja,,55.0,Hombre,,Carrera técnica,,4,Uno,2 o más,Sí,4,2,No,Urbana,,Sí está de acuerdo,No está de acuerdo,No está de acuerdo,No está de acuerdo,Sí está de acuerdo,Sí está de acuerdo,Sí está de acuerdo,Sí está de acuerdo,Sí está de acuerdo,No está de acuerdo,Sí está de acuerdo,Sí está de acuerdo
2435,40,Hombre,México,Carrera técnica o comercial,Urbana,35-44,No,No,72676.69,Carrera técnica,Trabajó sin pago,,Es usted (la persona entrevistada es jefa o jefe del hogar),,,,,,,1,Uno,Uno,Sí,1,2,No,Urbana,,Ni de acuerdo ni en desacuerdo,No está de acuerdo,No está de acuerdo,No está de acuerdo,No está de acuerdo,No está de acuerdo,No está de acuerdo,Ni de acuerdo ni en desacuerdo,No está de acuerdo,No está de acuerdo,Sí está de acuerdo,No está de acuerdo
2437,70,Hombre,México,Licenciatura o Ingeniería,Urbana,60+,No,No,39791.95,Licenciatura completa,Era jubilado o pensionado(a) (Programa Adultos Mayores),,Es usted (la persona entrevistada es jefa o jefe del hogar),,,,,,,4,Uno,Ninguno,Sí,1,2,No,Urbana,,No está de acuerdo,No está de acuerdo,No está de acuerdo,No está de acuerdo,No está de acuerdo,No está de acuerdo,No está de acuerdo,Sí está de acuerdo,Sí está de acuerdo,Sí está de acuerdo,Sí está de acuerdo,Sí está de acuerdo
2438,63,Mujer,México,Maestría o especialidad,Urbana,60+,No,No,30451.52,Diplomado o maestría,Era jubilado o pensionado(a) (Programa Adultos Mayores),,Es usted (la persona entrevistada es jefa o jefe del hogar),,,,,,,1,2 o más,Uno,Sí,Ninguno,4,No,Urbana,,No está de acuerdo,No sabe/No responde,No está de acuerdo,No está de acuerdo,Sí está de acuerdo,Sí está de acuerdo,Sí está de acuerdo,No está de acuerdo,Sí está de acuerdo,No está de acuerdo,No está de acuerdo,Sí está de acuerdo
2445,40,Hombre,México,Carrera técnica o comercial,Urbana,60+,No,No,56332.16,Doctorado,Trabajó con pago,,Es usted (la persona entrevistada es jefa o jefe del hogar),,,,,,,2,No sabe/No responde,No sabe/No responde,Sí,No sabe/No responde,1,No,Urbana,,Sí está de acuerdo,Sí está de acuerdo,Sí está de acuerdo,Sí está de acuerdo,Sí está de acuerdo,Sí está de acuerdo,Sí está de acuerdo,Sí está de acuerdo,Sí está de acuerdo,Sí está de acuerdo,Sí está de acuerdo,Sí está de acuerdo
2445,65,Hombre,México,Doctorado,Urbana,35-44,No,No,18637.24,Carrera técnica,Trabajó con pago,,Es usted (la persona entrevistada es jefa o jefe del hogar),,,,,,,2,Uno,Uno,Sí,1,2,No,Urbana,,No está de acuerdo,Ni de acuerdo ni en desacuerdo,Ni de acuerdo ni en desacuerdo,No sabe/No responde,Ni de acuerdo ni en desacuerdo,No está de acuerdo,Ni de acuerdo ni en desacuerdo,No está de acuerdo,Ni de acuerdo ni en desacuerdo,No está de acuerdo,Ni de acuerdo ni en desacuerdo,Sí está de acuerdo
2448,80,Hombre,México,Maestría o especialidad,Urbana,60+,No,No,19249.09,Diplomado o maestría,Era jubilado o pensionado(a) (Programa Adultos Mayores),,Es usted (la persona entrevistada es jefa o jefe del hogar),,,,,,,2,No sabe/No responde,Uno,Sí,Ninguno,2,No,Urbana,,No está de acuerdo,No sabe/No responde,No está de acuerdo,No está de acuerdo,No está de acuerdo,No está de acuerdo,Ni de acuerdo ni en desacuerdo,No está de acuerdo,No está de acuerdo,No está de acuerdo,Sí está de acuerdo,No está de acuerdo
2449,20,Mujer,Ciudad de México,Primaria,No sabe/No responde,18-24,No,No,150855.21,Licenciatura incompleta,Ayudaba en el negocio familiar,,Hijo o hija,,68.0,Hombre,,Primaria completa,,5,Uno,Ninguno,"No, otra razón",3,3,No,"[Esp.] Otra, especifique",Metropolitana,Ni de acuerdo ni en desacuerdo,Ni de acuerdo ni en desacuerdo,No está de acuerdo,No está de acuerdo,Ni de acuerdo ni en desacuerdo,No está de acuerdo,Ni de acuerdo ni en desacuerdo,Ni de acuerdo ni en desacuerdo,Sí está de acuerdo,No está de acuerdo,No está de acuerdo,No está de acuerdo
2451,72,Mujer,México,Primaria,Urbana,60+,No,No,152594.84,Primaria completa,Se dedicaba al hogar,,Es usted (la persona entrevistada es jefa o jefe del hogar),,,,,,,4,Uno,Ninguno,No por falta de recursos,2,2,No,Urbana,,Sí está de acuerdo,No está de acuerdo,Ni de acuerdo ni en desacuerdo,Sí está de acuerdo,Sí está de acuerdo,Sí está de acuerdo,Ni de acuerdo ni en desacuerdo,Sí está de acuerdo,Ni de acuerdo ni en desacuerdo,Ni de acuerdo ni en desacuerdo,Sí está de acuerdo,Sí está de acuerdo
2453,66,Hombre,México,No estudió/ Otro,Rural,60+,Sí,No,34852.76,Primaria incompleta,Trabajó con pago,,Es usted (la persona entrevistada es jefa o jefe del hogar),,,,,,,3,Uno,Ninguno,Sí,1,1,No,Rural,,Ni de acuerdo ni en desacuerdo,Ni de acuerdo ni en desacuerdo,No sabe/No responde,No sabe/No responde,No está de acuerdo,No sabe/No responde,No sabe/No responde,No sabe/No responde,Sí está de acuerdo,No sabe/No responde,Sí está de acuerdo,No sabe/No responde
2468,20,Hombre,México,Secundaria,Urbana,18-24,No,No,93697.84,Secundaria completa,Trabajó con pago,,Hijo o hija,,45.0,Hombre,,Secundaria completa,,5,Uno,Ninguno,"No, otra razón",2,3,No,Urbana,,Sí está de acuerdo,No está de acuerdo,Sí está de acuerdo,No está de acuerdo,Sí está de acuerdo,No está de acuerdo,Sí está de acuerdo,Ni de acuerdo ni en desacuerdo,No está de acuerdo,No está de acuerdo,Sí está de acuerdo,Sí está de acuerdo
2475,40,Hombre,Michoacán,Licenciatura o Ingeniería,Urbana,35-44,No,No,43685.1,Licenciatura completa,Trabajó con pago,,Es usted (la persona entrevistada es jefa o jefe del hogar),,,,,,,3,2 o más,Uno,Sí,2,2,No,Urbana,,Sí está de acuerdo,No está de acuerdo,No está de acuerdo,No está de acuerdo,No está de acuerdo,No está de acuerdo,No está de acuerdo,No está de acuerdo,Sí está de acuerdo,No está de acuerdo,Sí está de acuerdo,Sí está de acuerdo
2480,64,Hombre,México,Preparatoria o bachillerato,Rural,60+,No,No,56098.44,Licenciatura incompleta,Trabajó con pago,,Es usted (la persona entrevistada es jefa o jefe del hogar),,,,,,,2,2 o más,Uno,Sí,1,2,No,Rural,,No está de acuerdo,No está de acuerdo,No está de acuerdo,No sabe/No responde,No está de acuerdo,Sí está de acuerdo,Sí está de acuerdo,Sí está de acuerdo,No está de acuerdo,No está de acuerdo,Sí está de acuerdo,No está de acuerdo
2485,56,Mujer,México,Maestría o especialidad,No sabe/No responde,45-59,No,No,26808.65,Licenciatura completa,Trabajó con pago,,Cónyuge o pareja,,68.0,Hombre,,Diplomado o maestría,,3,2 o más,Uno,Sí,1,2,No,"[Esp.] Otra, especifique",semiurbana,No está de acuerdo,No está de acuerdo,Sí está de acuerdo,Sí está de acuerdo,No está de acuerdo,Sí está de acuerdo,No está de acuerdo,No está de acuerdo,Sí está de acuerdo,Sí está de acuerdo,Sí está de acuerdo,Sí está de acuerdo
2487,37,Hombre,México,Licenciatura o Ingeniería,Urbana,35-44,No,No,51337.41,Licenciatura completa,Trabajó con pago,,Es usted (la persona entrevistada es jefa o jefe del hogar),,,,,,,1,Uno,No sabe/No responde,Sí,1,2,No,Urbana,,Sí está de acuerdo,No está de acuerdo,Sí está de acuerdo,Sí está de acuerdo,Ni de acuerdo ni en desacuerdo,No está de acuerdo,Sí está de acuerdo,Sí está de acuerdo,Sí está de acuerdo,No está de acuerdo,No está de acuerdo,Sí está de acuerdo
2488,28,Mujer,México,Preparatoria o bachillerato,Rural,25-34,No,No,95664.38,Licenciatura incompleta,Trabajó con pago,,Es usted (la persona entrevistada es jefa o jefe del hogar),,,,,,,2,Uno,Ninguno,Sí,2,2,No,Rural,,No está de acuerdo,No sabe/No responde,Sí está de acuerdo,Sí está de acuerdo,No está de acuerdo,No está de acuerdo,Sí está de acuerdo,Ni de acuerdo ni en desacuerdo,Ni de acuerdo ni en desacuerdo,No está de acuerdo,Ni de acuerdo ni en desacuerdo,No sabe/No responde
2492,36,Mujer,México,Secundaria,Rural,35-44,No,No,85735.72,Secundaria completa,Se dedicaba al hogar,,Cónyuge o pareja,,36.0,Hombre,,Secundaria completa,,5,Ninguno,Ninguno,No por falta de recursos,1,1,No,Rural,,No está de acuerdo,Ni de acuerdo ni en desacuerdo,No está de acuerdo,Ni de acuerdo ni en desacuerdo,No está de acuerdo,No está de acuerdo,Ni de acuerdo ni en desacuerdo,Ni de acuerdo ni en desacuerdo,No está de acuerdo,Ni de acuerdo ni en desacuerdo,Sí está de acuerdo,No está de acuerdo
2494,65,Mujer,México,Licenciatura o Ingeniería,Urbana,60+,No,No,62949.74,Licenciatura completa,Era jubilado o pensionado(a) (Programa Adultos Mayores),,Es usted (la persona entrevistada es jefa o jefe del hogar),,,,,,,5,2 o más,Uno,Sí,2,3,No,Urbana,,Sí está de acuerdo,Sí está de acuerdo,Sí está de acuerdo,No está de acuerdo,No está de acuerdo,No está de acuerdo,Sí está de acuerdo,Sí está de acuerdo,Sí está de acuerdo,No está de acuerdo,Sí está de acuerdo,Sí está de acuerdo
2495,56,Mujer,México,Carrera técnica o comercial,Rural,45-59,No,Sí,78455.09,Secundaria incompleta,Se dedicaba al hogar,,"[Esp.] Otro, especifique",SOBRINA,45.0,Mujer,,Carrera comercial,,6,Ninguno,Ninguno,Sí,2,3,Sí,Rural,,Sí está de acuerdo,No está de acuerdo,Ni de acuerdo ni en desacuerdo,Sí está de acuerdo,No está de acuerdo,No está de acuerdo,No está de acuerdo,Ni de acuerdo ni en desacuerdo,Sí está de acuerdo,Sí está de acuerdo,Sí está de acuerdo,Sí está de acuerdo
